N,sample_index,sample_seed,projection_model,status,is_nontrivial,knot_label,knot_types,determinant,alexander_roots,vassiliev_2,vassiliev_3,gauss_code,simplified_gauss_code,crossing_count,simplified_crossing_count,edge_length_min,edge_length_mean,edge_length_rms,edge_length_max,cycle_distortion,pair_distance_min,pair_distance_mean,pair_distance_rms,pair_distance_std,pair_distance_max,pair_distance_distortion,pair_abs_ratio_min,pair_abs_ratio_mean,pair_abs_ratio_rms,pair_abs_ratio_max,pair_rms_scale_to_simplex,pair_normalized_ratio_min,pair_normalized_ratio_mean,pair_normalized_ratio_max,min_nonadjacent_segment_distance,embedded_numerically,fast_mode_requested,fast_backend_available,messages
6,0,2825669272,gaussian,identified_unknot,false,0_1,0_1,1,"{""2"": ""1"", ""3"": ""1"", ""4"": ""1""}",0,0,"1-a,2+a,3+c,1+a,2-a,3-c",----,3,0,0.3867131240701763,1.444982571876108,1.5897235426174192,2.1435951301602385,5.543114512377509,0.3867131240701763,1.599201466365403,1.7036311150233538,0.5872934922595852,2.8809395288870068,7.4498105949055065,0.2734474724038563,1.130806201350447,1.2046491140734126,2.03713187706438,0.8301172418735195,0.22699346158917455,0.938701724958505,1.6910582951213087,0.17268431053301586,True,True,true,
6,1,2601697528,gaussian,identified_unknot,false,0_1,0_1,1,"{""2"": ""1"", ""3"": ""1"", ""4"": ""1""}",0,0,----,----,0,0,0.9042915598615134,1.4319923023151109,1.4760633060449968,1.8922166099838624,2.092485094380007,0.598886595564048,1.4355083250805931,1.5138987391994414,0.48083806127839784,2.2611360115221415,3.7755662395357854,0.42347677288506363,1.0150576711142303,1.0704880645176895,1.5988646069324095,0.9341533391598831,0.39559224144723365,0.9482195129112126,1.4935847114304643,0.08690501637239663,True,True,true,
6,2,3054387205,gaussian,identified_unknot,false,0_1,0_1,1,"{""2"": ""1"", ""3"": ""1"", ""4"": ""1""}",0,0,"1-a,1+a",----,1,0,0.3052639673408322,0.9021887243911229,0.9513983870307922,1.2931022966651502,4.236013532581067,0.3052639673408322,0.9759944428537451,1.0430107929432584,0.36784013064744947,1.5669175068149424,5.132992014958167,0.21585422135861124,0.6901322889422695,0.737520004540936,1.107977994628764,1.355895424995886,0.29267575120619016,0.9357472132187616,1.502302293913257,0.0671641186273764,True,True,true,
6,3,2308856266,gaussian,identified_unknot,false,0_1,0_1,1,"{""2"": ""1"", ""3"": ""1"", ""4"": ""1""}",0,0,----,----,0,0,0.5463141277865929,0.9203223119903116,0.9489999174464956,1.2221629133234675,2.2371065494408775,0.5413017103183865,0.9399639855388902,0.980167237837378,0.2778408177708956,1.4495013565584507,2.677806718374995,0.3827581100340072,0.6646549082456831,0.6930829005716975,1.0249522385615801,1.4428288436709928,0.5522544413060613,0.9589832727043688,1.4788306531818003,0.17382965928472965,True,True,true,
6,4,139949440,gaussian,identified_unknot,false,0_1,0_1,1,"{""2"": ""1"", ""3"": ""1"", ""4"": ""1""}",0,0,"1+a,2-a,2+a,1-a",----,2,0,0.5299899565870257,1.5326740749639178,1.7103395300618933,2.643028363163558,4.98694046993618,0.5299899565870257,1.8342230749180928,1.948229689176059,0.6566769626117999,2.849067288522876,5.375700526232617,0.3747594922634498,1.2969915744834242,1.377606424525351,2.0145947997712956,0.7258967308783756,0.27203669029967814,0.9414819438943147,1.4623877791985591,0.32226868209974485,True,True,true,
6,5,3571928254,gaussian,identified_unknot,false,0_1,0_1,1,"{""2"": ""1"", ""3"": ""1"", ""4"": ""1""}",0,0,"1-a,2-c,2+c,1+a",----,2,0,0.6388634913276147,1.3340316799165448,1.3890591974162492,1.655493477825639,2.591310194272297,0.6316167845292346,1.152820379523211,1.2333688075400298,0.43841052447298073,2.0331857822841384,3.2190179743236884,0.4466205114518642,0.8151671078509118,0.8721234475155208,1.4376794540651896,1.146626664893336,0.5121069875190071,0.9346923422058373,1.6484815976004403,0.1733089775414422,True,True,true,
6,6,1706231805,gaussian,identified_unknot,false,0_1,0_1,1,"{""2"": ""1"", ""3"": ""1"", ""4"": ""1""}",0,0,"1-a,1+a",----,1,0,0.8851786461080461,1.6244048133954696,1.7627196548837825,2.848975299784502,3.2185314369148847,0.427820765059929,1.547326371252677,1.672921863102248,0.6359627826150823,2.848975299784502,6.659273070547238,0.3025149641062925,1.0941249698215412,1.1829343937948327,2.0145297539105984,0.8453554189019881,0.25573266420619484,0.9249244721946142,1.7029936440076128,0.28523175851117605,True,True,true,
6,7,4191137145,gaussian,identified_unknot,false,0_1,0_1,1,"{""2"": ""1"", ""3"": ""1"", ""4"": ""1""}",0,0,"1+a,2-a,3-c,1-a,2+a,3+c",----,3,0,0.5868479054173144,1.0115594296994892,1.0745522454605234,1.5556363263837578,2.6508339077695555,0.4307343882174945,0.9962064190878402,1.0648268527193192,0.3760704679183328,1.7696413243036413,4.108428239562987,0.30457520679882927,0.7044243143985794,0.7529462883473597,1.2513253806830469,1.3281159831399103,0.4045112002176686,0.9355571908651263,1.6619052381937875,0.0254932258065514,True,True,true,
6,8,494788201,gaussian,identified_unknot,false,0_1,0_1,1,"{""2"": ""1"", ""3"": ""1"", ""4"": ""1""}",0,0,"1+a,1-a",----,1,0,0.2609174910229212,1.596255988702235,1.7978331393219416,2.454026818721335,9.405374891121241,0.2609174910229212,1.677781030372387,1.8080889043781292,0.6739705485092619,2.5517242723764517,9.77981300668067,0.18449652723248772,1.1863703439224675,1.27851192527393,1.8043415367156976,0.7821593058553153,0.14430567567287889,0.9279306046897289,1.411282523883463,0.2609174910229212,True,True,true,
6,9,2217049275,gaussian,identified_unknot,false,0_1,0_1,1,"{""2"": ""1"", ""3"": ""1"", ""4"": ""1""}",0,0,"1-c,2-a,2+a,1+c",----,2,0,0.5733265635840068,1.275077027129788,1.33233633940081,1.6978988914028241,2.961486523123639,0.5733265635840068,1.303295434226189,1.3682073138961683,0.41642798287835786,2.210048615796631,3.8547814738969497,0.4054031009446315,0.9215690394308043,0.9674686697250118,1.5627403629817405,1.0336252028546151,0.4190348624517848,0.9525569853261978,1.6152878246960964,0.3403618501293724,True,True,true,
6,10,1510803931,gaussian,identified_unknot,false,0_1,0_1,1,"{""2"": ""1"", ""3"": ""1"", ""4"": ""1""}",0,0,"1+c,1-c",----,1,0,0.8994864994216669,1.4701452143189506,1.5426561741119218,1.9800862630118277,2.201351842729093,0.4249547211933165,1.4457485612069558,1.5807306536509849,0.6391560820017959,2.482247515764695,5.841204702454626,0.3004883650530327,1.0222986115201327,1.117745364426055,1.7552140509806773,0.8946581500818699,0.26883436479947187,0.9146077846138664,1.5703165558480776,0.069106643837501,True,True,true,
6,11,2001446838,gaussian,identified_unknot,false,0_1,0_1,1,"{""2"": ""1"", ""3"": ""1"", ""4"": ""1""}",0,0,"1+c,1-c",----,1,0,0.8531941182969851,1.6011160613888842,1.7582247066330214,2.5886379458364535,3.0340550764736802,0.7501165625301188,1.6496351616001657,1.7602906261371876,0.61426942140957,2.5886379458364535,3.4509809210252094,0.5304125080453899,1.1664682092512433,1.244713438600719,1.830443445537771,0.8033977693083955,0.4261322257769376,0.9371379572816074,1.4705741809902184,0.18807330469379224,True,True,true,
6,12,268609779,gaussian,identified_unknot,false,0_1,0_1,1,"{""2"": ""1"", ""3"": ""1"", ""4"": ""1""}",0,0,"1-c,1+c,2-c,3+c,3-c,2+c",----,3,0,0.1173242438740068,0.9446800497892603,1.0329102285700873,1.348603368477173,11.49466916595195,0.1173242438740068,0.9070355039326371,0.978951605228064,0.36828364066880676,1.5891845654709962,13.545235946098265,0.08296076844089446,0.6413709556077251,0.6922233185102201,1.1237231828015382,1.4446205050592151,0.11984682720518555,0.926537633820343,1.623353551885507,0.03119631388967142,True,True,true,
6,13,1549659757,gaussian,identified_unknot,false,0_1,0_1,1,"{""2"": ""1"", ""3"": ""1"", ""4"": ""1""}",0,0,----,----,0,0,1.1797522529320057,1.4601362154953001,1.4731915265982638,1.6589852445927158,1.4062149408654958,0.4446113455352251,1.4012268792887483,1.5062810886393492,0.5526716482245669,2.548852859638093,5.732766123117647,0.3143876974204329,0.9908170283259378,1.0651015721499388,1.8023111412968187,0.9388775926613935,0.29517156451645454,0.9302559063225717,1.6921495455675657,0.37195346259827505,True,True,true,
6,14,3882616189,gaussian,identified_unknot,false,0_1,0_1,1,"{""2"": ""1"", ""3"": ""1"", ""4"": ""1""}",0,0,"1+c,1-c",----,1,0,1.0109020343084008,1.702716653729336,1.7846764600600729,2.3962334556135025,2.370391367599595,0.3350450157447493,1.504529994900617,1.6283820498836477,0.6229105833324889,2.3962334556135025,7.151974639249817,0.2369126026358658,1.063863361892788,1.1514399898351781,1.6943929257703814,0.8684777398977989,0.20575332169050206,0.9239416480967223,1.47154253867188,0.1579413797363236,True,True,true,
6,15,2119264454,gaussian,identified_unknot,false,0_1,0_1,1,"{""2"": ""1"", ""3"": ""1"", ""4"": ""1""}",0,0,"1+a,2+c,3+a,4+c,5+a,3-a,2-c,1-a,4-c,5-a",----,5,0,0.6581767722190348,1.599208281665433,1.68650580911806,2.2683520410828883,3.446417644662797,0.47259345786126744,1.416837875093548,1.542391314059664,0.6095419603170049,2.2683520410828883,4.799795687710887,0.3341740387981011,1.0018556693205862,1.0906353574148182,1.6039671103680564,0.9168967365686225,0.3064030856199351,0.9185981937128186,1.4706722090598743,0.08290112009243757,True,True,true,
6,16,2538978978,gaussian,identified_unknot,false,0_1,0_1,1,"{""2"": ""1"", ""3"": ""1"", ""4"": ""1""}",0,0,"1+a,2+c,2-c,1-a",----,2,0,0.3332603682138896,1.2726484708934869,1.3643246723651326,1.7654596922484196,5.297538683373629,0.13811846508389491,1.2376195321564596,1.3222786180836819,0.4655304903721319,1.8319129639890712,13.263345801564938,0.09766450326789948,0.875129163716755,0.9349921774649484,1.2953580793802197,1.0695276646178022,0.10445488809617424,0.9359748507089111,1.3854213014833283,0.07036275900168945,True,True,true,
6,17,1503539406,gaussian,identified_unknot,false,0_1,0_1,1,"{""2"": ""1"", ""3"": ""1"", ""4"": ""1""}",0,0,"1-a,2-c,3+c,1+a,2+c,3-c",----,3,0,0.9936565856287338,1.7668597760389757,1.8758545050577529,2.6379683876892708,2.654808940877801,0.6085647415677828,1.589686128797755,1.69464411727077,0.5871257924060521,2.6379683876892708,4.334737469169416,0.430320255553618,1.124077841631084,1.1982943470200522,1.8653253354908266,0.8345195005607967,0.35911064474579973,0.9380648789894305,1.5566503673572052,0.02287240993375048,True,True,true,
6,18,3455055339,gaussian,identified_unknot,false,0_1,0_1,1,"{""2"": ""1"", ""3"": ""1"", ""4"": ""1""}",0,0,"1-c,1+c",----,1,0,1.0279508459095856,1.36899668866001,1.3819168561935147,1.610378996231258,1.5665914402806964,0.49933434509057883,1.2286727814525664,1.2845024412612998,0.3745793877455794,1.69817806873289,3.4008837674180854,0.3530827014928919,0.8688028556244466,0.90828038666654,1.2007932280633014,1.1009816073096967,0.388737560202894,0.9565359644206575,1.3220512582797328,0.006490185066939914,True,True,true,
6,19,996734903,gaussian,identified_unknot,false,0_1,0_1,1,"{""2"": ""1"", ""3"": ""1"", ""4"": ""1""}",0,0,"1-c,2-a,2+a,1+c",----,2,0,0.357832102931319,1.6551098826806332,1.8380767005825962,2.9449213699822425,8.229897054673934,0.357832102931319,1.685260474995175,1.8869604318247826,0.8488326117035134,3.347340954297214,9.354501529840912,0.2530255065089783,1.1916591099347502,1.3342825171739996,2.366927487727009,0.7494664639075033,0.18963413164168894,0.8931085393059599,1.773932774552232,0.08952962235438605,True,True,true,
6,20,3731583509,gaussian,identified_unknot,false,0_1,0_1,1,"{""2"": ""1"", ""3"": ""1"", ""4"": ""1""}",0,0,"1-c,1+c",----,1,0,0.743849664424798,1.1518768465845186,1.2099287201166435,1.7720545994964767,2.382275188450567,0.47783993513731754,1.195304627955657,1.2612513363542595,0.40249444697187325,1.9964594413888646,4.178092483658025,0.3378838584573372,0.8452080080111083,0.8918393727166919,1.4117100093699726,1.1212781478281595,0.3788617869920751,0.9477132697522238,1.5829195845768367,0.0028055875308780212,True,True,true,
6,21,1874569106,gaussian,identified_unknot,false,0_1,0_1,1,"{""2"": ""1"", ""3"": ""1"", ""4"": ""1""}",0,0,"1-a,2-c,2+c,1+a",----,2,0,0.42481873121977365,1.3070553903916797,1.396114692708462,1.7552185789050863,4.131688294123382,0.42481873121977365,1.241609745134482,1.3513260898757427,0.5333736419865078,2.1326741556742443,5.0201980255219425,0.30039220562056723,0.8779506703718932,0.9555318417454396,1.5080283575385527,1.0465375995982844,0.31437173780818267,0.9188083871367053,1.5782083774245403,0.18141844282198336,True,True,true,
6,22,153759873,gaussian,identified_unknot,false,0_1,0_1,1,"{""2"": ""1"", ""3"": ""1"", ""4"": ""1""}",0,0,"1-a,2-c,3-a,4-c,5-a,1+a,2+c,3+a,4+c,5+a",----,5,0,0.6979060517427572,1.363078869191093,1.4096225389429475,1.7962872061561115,2.5738238000237446,0.49452933191462356,1.1967484081480815,1.2499872448100329,0.3609173863681413,1.7962872061561115,3.6323168116269104,0.34968504409248324,0.8462289147757145,0.8838744572018633,1.2701668644316242,1.131382394696372,0.3956275025748601,0.9574084960602599,1.4370444287446331,0.15704751420970037,True,True,true,
6,23,3157158979,gaussian,identified_unknot,false,0_1,0_1,1,"{""2"": ""1"", ""3"": ""1"", ""4"": ""1""}",0,0,"1+c,2+a,2-a,1-c",----,2,0,1.0329031540667875,1.3670389256253912,1.393097635889636,1.673622499756968,1.6203092159874959,0.4559798417268538,1.2111834832558033,1.3055741081726624,0.48739955049136185,2.071902030153869,4.543845671570287,0.32242643816942695,0.8564360542713216,0.9231803052304687,1.4650559754759753,1.083212016476406,0.34925619225481025,0.9277018253303352,1.5869662374461393,0.05797729163265783,True,True,true,
6,24,140456776,gaussian,identified_unknot,false,0_1,0_1,1,"{""2"": ""1"", ""3"": ""1"", ""4"": ""1""}",0,0,"1+a,2+c,3-c,1-a,2-c,3+c",----,3,0,1.0536295955510742,1.3810175655553347,1.4261768768285095,2.1417031175511294,2.0326907355245334,0.7183267641022216,1.4442726356750284,1.5018295133930974,0.4117868880123001,2.1763879958921857,3.029802180087605,0.5079337260044703,1.0212549745679804,1.061953833106352,1.5389387103883643,0.9416605212251751,0.4783011371772148,0.9616754916554873,1.4491578281579058,0.10979542891872054,True,True,true,
6,25,3964305263,gaussian,identified_unknot,false,0_1,0_1,1,"{""2"": ""1"", ""3"": ""1"", ""4"": ""1""}",0,0,"1+c,2+a,3+c,3-c,2-a,1-c",----,3,0,0.8342621644610924,1.2741496164703157,1.3339872817056153,2.058936025330846,2.467972434853084,0.44567509999393784,1.2524760037074263,1.3202216788285237,0.4174795101389771,2.058936025330846,4.619813907841951,0.31513988541170607,0.8856342754949486,0.9335377017691373,1.4558876255407183,1.0711940161655076,0.33757595950810326,0.9486861364212636,1.5595381126886265,0.16053770970989406,True,True,true,
6,26,3391722734,gaussian,identified_unknot,false,0_1,0_1,1,"{""2"": ""1"", ""3"": ""1"", ""4"": ""1""}",0,0,"1+a,2-c,2+c,1-a",----,2,0,0.8108919292417472,1.5591446659571078,1.6500506541390747,2.286336494121249,2.8195329262423017,0.8108919292417472,1.5263865640110912,1.5751740883812222,0.3889954574465223,2.286336494121249,2.8195329262423017,0.5733871819762815,1.0793182901242766,1.1138162794437003,1.6166840390674122,0.8978141354689606,0.5147951170750188,0.9690272175437643,1.451481782861776,0.09523247507801068,True,True,true,
6,27,4271590373,gaussian,identified_unknot,false,0_1,0_1,1,"{""2"": ""1"", ""3"": ""1"", ""4"": ""1""}",0,0,"1-c,2-a,3-c,1+c,2+a,3+c",----,3,0,0.6543700832454021,1.8808370898693323,1.9951685887487827,2.7277590557372347,4.16852653502845,0.6543700832454021,1.7348379535290126,1.8201258550946198,0.5506318219819746,2.7277590557372347,4.16852653502845,0.4627095232684294,1.2267156812001574,1.287023334750369,1.9288169257548122,0.7769866893625204,0.35951914062084706,0.9531417559247991,1.4986650775286259,0.02152368896524266,True,True,true,
6,28,2073022215,gaussian,identified_unknot,false,0_1,0_1,1,"{""2"": ""1"", ""3"": ""1"", ""4"": ""1""}",0,0,"1+c,2-c,2+c,1-c",----,2,0,0.6541787495072212,1.4522959633084078,1.5427782315578402,2.3538316655777525,3.598147551186649,0.5098919112265565,1.367478795626383,1.4777767202043521,0.5602015514885238,2.4390413761302363,4.78344786890827,0.3605480281004672,0.9669535295162283,1.0449459399361125,1.7246626966562586,0.9569873060238306,0.3450398861040705,0.9253622532619699,1.650480307872868,0.02456455964025622,True,True,true,
6,29,2518260801,gaussian,identified_unknot,false,0_1,0_1,1,"{""2"": ""1"", ""3"": ""1"", ""4"": ""1""}",0,0,"1-a,1+a",----,1,0,1.2870481495230206,1.7045967144425174,1.762055337314887,2.6043611821967554,2.0235149579772367,0.9165356048623766,1.92960089045538,2.004484255972889,0.5427683999617057,2.8446413734438,3.103688889283183,0.6480885413971005,1.3644338746245996,1.417384410180101,2.011465205205925,0.7055249040540346,0.4572426059877085,0.9626420784825951,1.4191387959109392,0.5843322246290886,True,True,true,
6,30,3352974876,gaussian,identified_unknot,false,0_1,0_1,1,"{""2"": ""1"", ""3"": ""1"", ""4"": ""1""}",0,0,"1+c,1-c",----,1,0,0.8312772645822045,1.8386264740437088,2.0733319696632004,3.5514356772109137,4.272263694106738,0.6266094951749785,1.6899927777041277,1.8808533715924718,0.8255506142803455,3.5514356772109137,5.667701661972402,0.44307982319410655,1.1950053532708782,1.329964173470618,2.5112442503036756,0.7518999533577228,0.33315169839339676,0.8985244693866022,1.8882044346731832,0.10514889389444074,True,True,true,
6,31,4025785787,gaussian,identified_unknot,false,0_1,0_1,1,"{""2"": ""1"", ""3"": ""1"", ""4"": ""1""}",0,0,"1+c,1-c",----,1,0,0.7879937422003512,1.2059112431841965,1.2640725189422464,1.7525634991096346,2.224083016466439,0.5839855250588183,1.2455514659204276,1.304217093519889,0.38676061429900066,1.9053328265377882,3.262637077084891,0.4129401248838769,0.8807378878691793,0.922220750967323,1.347273762062202,1.0843390792834513,0.4477671148157764,0.9550185104221176,1.4609015906972795,0.3509001190230735,True,True,true,
6,32,483540135,gaussian,identified_unknot,false,0_1,0_1,1,"{""2"": ""1"", ""3"": ""1"", ""4"": ""1""}",0,0,"1+a,1-a,2-c,2+c",----,2,0,0.4822149841937464,1.126914565501216,1.2896022100890674,2.290025769678783,4.748972646521259,0.4822149841937464,1.274208111397113,1.396727952769961,0.5720512764593467,2.290025769678783,4.748972646521259,0.3409774853131619,0.9010011962118024,0.9876358068764433,1.61929275083181,1.0125189802126155,0.3452461757047448,0.9122808123587212,1.6395646447379053,0.07246514641714756,True,True,true,
6,33,1234226288,gaussian,identified_unknot,false,0_1,0_1,1,"{""2"": ""1"", ""3"": ""1"", ""4"": ""1""}",0,0,"1-a,2-c,2+c,1+a",----,2,0,0.3053856623503932,1.5114275765425853,1.6446049166817902,2.337716510020016,7.654964846836091,0.3053856623503932,1.5602995277479372,1.656177958537251,0.5553294644210608,2.3595061142401184,7.726315951051001,0.21594027272510838,1.103298376752734,1.1710946653333827,1.6684227736303083,0.8539019343199926,0.1843918165775568,0.9421086180412671,1.4246694336664474,0.2682707619217818,True,True,true,
6,34,1141230462,gaussian,identified_unknot,false,0_1,0_1,1,"{""2"": ""1"", ""3"": ""1"", ""4"": ""1""}",0,0,"1-c,2-a,3-c,3+c,2+a,1+c",----,3,0,1.0937798882720942,1.6281333797068591,1.6503880213809625,1.9325625323002218,1.766866033122258,0.48526664670917485,1.37145249496854,1.4554193139147318,0.4871995826769505,2.228862566706187,4.5930677119912735,0.34313533657171413,0.969763359267464,1.0291368663389793,1.5760438352507984,0.9716880550177647,0.33342050780123494,0.942307472394096,1.5314229688975867,0.034610112602180144,True,True,true,
6,35,877614323,gaussian,identified_unknot,false,0_1,0_1,1,"{""2"": ""1"", ""3"": ""1"", ""4"": ""1""}",0,0,"1+a,2-a,3-c,1-a,2+a,3+c",----,3,0,0.797423457586315,1.5433873706427732,1.6653859796211523,2.770512435292365,3.4743302431537484,0.7305061339805504,1.4784066236816602,1.5999136982039721,0.6115862136730235,2.770512435292365,3.7925929796040965,0.5165458410360158,1.0453913489564102,1.131309825313276,1.959048130356887,0.8839311545120591,0.456590961625368,0.9240539819999584,1.731663675611054,0.13708864910555638,True,True,true,
6,36,1927919493,gaussian,identified_unknot,false,0_1,0_1,1,"{""2"": ""1"", ""3"": ""1"", ""4"": ""1""}",0,0,"1+c,1-c,2+c,3+a,3-a,2-c",----,3,0,0.31172854501822417,1.0128956696538167,1.2070882434729961,2.400263831522986,7.699852547615306,0.31172854501822417,1.107363306390476,1.226341598407497,0.52693474325063,2.400263831522986,7.699852547615306,0.22042536807180224,0.783024103185862,0.8671544602850909,1.697242831906708,1.15319708979094,0.25419389297649914,0.9029811170300966,1.9572554944233491,0.10017308732018312,True,True,true,
6,37,964508794,gaussian,identified_unknot,false,0_1,0_1,1,"{""2"": ""1"", ""3"": ""1"", ""4"": ""1""}",0,0,"1-c,2-a,3+a,3-a,2+a,1+c",----,3,0,0.5460401424870789,1.225909423891318,1.342156979533717,2.050623470126017,3.7554445370736484,0.5460401424870789,1.3803333378617684,1.505180089071139,0.6002057788155585,2.4179030553101155,4.428068318012592,0.3861086875526821,0.9760430634999182,1.064323047889174,1.7097156466614545,0.9395643568776011,0.3627739607052904,0.9170552732421443,1.6063878819990414,0.19571362401429213,True,True,true,
6,38,3695232961,gaussian,identified_unknot,false,0_1,0_1,1,"{""2"": ""1"", ""3"": ""1"", ""4"": ""1""}",0,0,"1-a,2-c,2+c,1+a",----,2,0,0.8750037574287779,1.020181311823136,1.0244658163193374,1.1388950470142436,1.301588750156819,0.31992513341191436,0.9315293011744663,0.9929028384953815,0.34367020200418297,1.7032223492477514,5.323815391067745,0.22622123130757554,0.6586906857344308,0.7020883301594556,1.2043600730215671,1.4243222071115806,0.3222119234715054,0.9381877713091051,1.715396797363143,0.18382894383798468,True,True,true,
6,39,2060185370,gaussian,identified_unknot,false,0_1,0_1,1,"{""2"": ""1"", ""3"": ""1"", ""4"": ""1""}",0,0,"1+a,2-a,2+a,1-a",----,2,0,1.1120077451682229,1.7707381490124188,1.8311449838612255,2.5774855390729043,2.3178665348980876,0.7770330371220684,1.6532687080160344,1.7043355133259126,0.4140798486752219,2.5774855390729043,3.3170861674289314,0.5494453297549928,1.16903751456166,1.2051471988898081,1.8225575030887144,0.8297741561538777,0.45591553485013825,0.970037117157628,1.5123111141673564,0.26033405691002626,True,True,true,
6,40,788729287,gaussian,identified_unknot,false,0_1,0_1,1,"{""2"": ""1"", ""3"": ""1"", ""4"": ""1""}",0,0,"1-a,2-c,3-a,3+a,2+c,1+a",----,3,0,0.8787626165584113,1.8600986382252198,1.944928744269572,2.4058359653911863,2.7377541102208127,0.8787626165584113,1.8223535407320568,1.8968446789961066,0.5263528368092811,2.5302767234229147,2.8793631815296132,0.6213790052216864,1.2885985463709526,1.3412717353757668,1.7891758294108213,0.7455610773158079,0.4632760005545056,0.9607289204599115,1.333939858882936,0.3259542976914337,True,True,true,
6,41,2122574647,gaussian,identified_unknot,false,0_1,0_1,1,"{""2"": ""1"", ""3"": ""1"", ""4"": ""1""}",0,0,"1+a,1-a",----,1,0,0.32284865515482636,0.9873374601329606,1.0888340471455404,1.5685121724043936,4.858351265710532,0.32284865515482636,1.2243816713325488,1.3101167386529784,0.4661495380279063,1.9760645648133548,6.120714871386739,0.22828847335693492,0.8657685825597639,0.9263924300475248,1.397288653841967,1.079456143600719,0.24642739507837247,0.9345592153806236,1.5083118217732898,0.1670329800567012,True,True,true,
6,42,106444160,gaussian,identified_unknot,false,0_1,0_1,1,"{""2"": ""1"", ""3"": ""1"", ""4"": ""1""}",0,0,"1+a,1-a",----,1,0,0.2908163811988185,1.025866919935092,1.1462704092797382,1.6929075920329333,5.821225011652856,0.2908163811988185,1.1199530808160287,1.2419449802708316,0.5367796855234022,2.0767079304579426,7.140959260607084,0.2056382352258165,0.7919264180557793,0.8781877174100979,1.4684542601706922,1.1387087067775714,0.23416204889801157,0.9017735073672911,1.6721416515609844,0.2561291733348709,True,True,true,
6,43,939011794,gaussian,identified_unknot,false,0_1,0_1,1,"{""2"": ""1"", ""3"": ""1"", ""4"": ""1""}",0,0,----,----,0,0,1.0981533940026866,1.4290504400850208,1.4592806982088407,1.9326546571309753,1.7599132030968772,0.8565613910796677,1.4763650847508338,1.5504190252573065,0.4734398487754069,2.388904666602405,2.7889474023470386,0.6056803681350152,1.0439477629343665,1.0963118064400785,1.689210689362749,0.9121492572876505,0.5524708979480649,0.9522361766076864,1.5408122757045914,0.5015020681066192,True,True,true,
6,44,1634188221,gaussian,identified_unknot,false,0_1,0_1,1,"{""2"": ""1"", ""3"": ""1"", ""4"": ""1""}",0,0,"1+a,1-a",----,1,0,0.8972146807853145,1.4464313883759665,1.4834172592470545,1.9225844011859736,2.1428365388573143,0.2153261781902022,1.493901090039437,1.5745344189302037,0.49741146908254646,2.2807307734069244,10.591980931330637,0.15225860076527484,1.056347591188861,1.1133639648371672,1.6127201959368753,0.8981788809252983,0.13675545964660632,0.9487890973221453,1.4485112208322104,0.1597371361762007,True,True,true,
6,45,705612504,gaussian,identified_unknot,false,0_1,0_1,1,"{""2"": ""1"", ""3"": ""1"", ""4"": ""1""}",0,0,"1+c,1-c",----,1,0,0.8689742286198363,1.1730212464739018,1.1864804031203993,1.3968107220153765,1.6074247958237908,0.39802418022323666,1.115189581660404,1.1542467741564524,0.29772103151552703,1.6206757457865373,4.071802232913492,0.28144559691206716,0.7885581155006608,0.8161757211687248,1.1459908099502256,1.22522635023748,0.34483456149498104,0.9661621818050198,1.4040981374810086,0.19630060073358735,True,True,true,
6,46,4213342675,gaussian,identified_unknot,false,0_1,0_1,1,"{""2"": ""1"", ""3"": ""1"", ""4"": ""1""}",0,0,"1-c,1+c",----,1,0,0.46800756885317596,1.0005264734566817,1.0595160604789569,1.6017317104435027,3.4224483043478306,0.3519121733311486,1.1601490383134896,1.2751695471946385,0.529255687728402,2.4037982038542522,6.8306764756110985,0.24883948414455087,0.8203492521785202,0.9016810339839081,1.6997420105493846,1.1090396296589362,0.2759728493401934,0.9097998308270516,1.885081249895425,0.13949249935835276,True,True,true,
6,47,1056708858,gaussian,identified_unknot,false,0_1,0_1,1,"{""2"": ""1"", ""3"": ""1"", ""4"": ""1""}",0,0,"1-c,1+c",----,1,0,0.8837995496966364,1.330059059587131,1.4248626365141235,2.0634085811834564,2.3347020055528653,0.46667139818481107,1.4247015685127051,1.5491327073301617,0.6083071474161011,2.554969227222792,5.474878548719143,0.32998651024228737,1.0074161402624444,1.0954022423110326,1.806636066292189,0.912906657823014,0.3012468821919663,0.9196769016439489,1.6492900931813192,0.0953570520379464,True,True,true,
6,48,2701433848,gaussian,identified_unknot,false,0_1,0_1,1,"{""2"": ""1"", ""3"": ""1"", ""4"": ""1""}",0,0,"1+a,2-a,3-c,1-a,2+a,3+c",----,3,0,0.696858781215,1.1618988622692246,1.2063884889721534,1.6029598003593513,2.3002649081418323,0.2754039049620823,1.0445368204122072,1.1103761960795133,0.3766671310629135,1.6029598003593513,5.82039604914116,0.19473996876394384,0.7385990689125066,0.7851545379159474,1.1334637448035316,1.2736346180387896,0.24802756573355142,0.9407053430181861,1.443618663673662,0.15035491382879335,True,True,true,
6,49,3809157518,gaussian,identified_unknot,false,0_1,0_1,1,"{""2"": ""1"", ""3"": ""1"", ""4"": ""1""}",0,0,"1+a,2+c,2-c,1-a",----,2,0,0.5850540526442506,0.9550712352555687,0.9872873368143088,1.3103741478173891,2.2397488606307947,0.5466686003225663,0.9614856080872862,1.0030364459159498,0.28570533295113953,1.458838122072054,2.668596881568202,0.38655307434984504,0.6798729934917912,0.7092538726844217,1.0315543287705977,1.409932378959239,0.5450136957120846,0.9585749471040204,1.45442184878923,0.1832566320360429,True,True,true,
6,50,2151606635,gaussian,identified_unknot,false,0_1,0_1,1,"{""2"": ""1"", ""3"": ""1"", ""4"": ""1""}",0,0,----,----,0,0,0.8351159887229329,1.5200383363258048,1.6006369973250882,2.2896894832413293,2.7417622392103205,0.3672899496651658,1.4389872792379959,1.5566959237667781,0.5938163093611799,2.2896894832413293,6.234010719129912,0.25971321406990444,1.0175176631903669,1.1007502439409456,1.6190549604114657,0.9084712953773819,0.23594200001270937,0.924385589547919,1.47086495717218,0.1866430949292535,True,True,true,
6,51,2223925501,gaussian,identified_unknot,false,0_1,0_1,1,"{""2"": ""1"", ""3"": ""1"", ""4"": ""1""}",0,0,"1-a,1+a",----,1,0,0.5196368197256505,1.369915581795062,1.4758556037558648,2.309622749441049,4.444686484418957,0.5196368197256505,1.3933727107069527,1.473145812945818,0.47819564537640113,2.309622749441049,4.444686484418957,0.3674387189822189,0.9852632924611677,1.041671394010557,1.6331499081124838,0.9599956432996424,0.3527395694025318,0.9458484682657826,1.5678167966431957,0.17479592270540048,True,True,true,
6,52,4118586050,gaussian,identified_unknot,false,0_1,0_1,1,"{""2"": ""1"", ""3"": ""1"", ""4"": ""1""}",0,0,"1+a,1-a",----,1,0,0.8493139865140878,1.5043179066701262,1.6045284248094707,2.3624233556556247,2.7815665268294016,0.5587545015837142,1.4071264848692264,1.501997845572432,0.5253499630568195,2.3624233556556247,4.228016685252029,0.3950990970883538,0.9949886794382198,1.0620728619318516,1.670485574817571,0.9415549872737127,0.37200752533088033,0.9368365534059414,1.5728540241382787,0.1148000965621254,True,True,true,
6,53,3521128603,gaussian,identified_unknot,false,0_1,0_1,1,"{""2"": ""1"", ""3"": ""1"", ""4"": ""1""}",0,0,"1+c,1-c",----,1,0,0.5575771067874714,1.1413117447810184,1.2090243771426128,1.7146195569140268,3.075125459854253,0.5575771067874714,1.1487079741006765,1.2061314670226668,0.3677269448650318,1.7146195569140268,3.075125459854253,0.3942665532437968,0.8122591980896493,0.8528637393342063,1.2124191158489817,1.1725202443014595,0.462285515329311,0.9523903533801831,1.4215859579110077,0.14459754623887472,True,True,true,
6,54,1366345116,gaussian,identified_unknot,false,0_1,0_1,1,"{""2"": ""1"", ""3"": ""1"", ""4"": ""1""}",0,0,"1+a,2+c,3+a,1-a,2-c,3-a",----,3,0,0.7377870614634716,1.34977303928674,1.4350874809731737,2.1944040446576514,2.9743054050105457,0.6874431080029646,1.3084911639875387,1.398378332685955,0.49326750865234065,2.214374104721409,3.2211743472913827,0.4860956833488524,0.9252429751782674,0.9888028017065766,1.5657989455323984,1.0113239953144328,0.4916002285894609,0.9357204222938981,1.5835300454549512,0.09221761231011799,True,True,true,
6,55,3116945418,gaussian,identified_unknot,false,0_1,0_1,1,"{""2"": ""1"", ""3"": ""1"", ""4"": ""1""}",0,0,"1-c,2+c,3+a,4+c,5+a,1+c,2-c,3-a,4-c,5-a",----,5,0,1.009487935504662,1.5785469267267762,1.6664471855317955,2.4572639142719375,2.434168678839639,0.9640761332876208,1.5992529083671028,1.6570052171937046,0.4336547300405245,2.4572639142719375,2.5488276593803425,0.6817047714277824,1.1308425763386867,1.1716796255391564,1.737547976946686,0.8534756243967655,0.581818405448581,0.9651465739351074,1.4829548445439096,0.0024683647939276257,True,True,true,
6,56,2358256497,gaussian,identified_unknot,false,0_1,0_1,1,"{""2"": ""1"", ""3"": ""1"", ""4"": ""1""}",0,0,"1+a,1-a",----,1,0,0.8793914160836688,1.667219247735977,1.7800112278334128,2.4266218613175816,2.7594331908815257,0.44537281290587905,1.534183886814782,1.642268298341836,0.5859393869475554,2.4266218613175816,5.448518165006182,0.31492613616187454,1.0848318299538668,1.1612590502852043,1.7158807735131838,0.8611343005287242,0.27119369798196963,0.9341858990786193,1.4776037896899619,0.11029192680665613,True,True,true,
6,57,1700838971,gaussian,identified_unknot,false,0_1,0_1,1,"{""2"": ""1"", ""3"": ""1"", ""4"": ""1""}",0,0,"1-c,2-a,2+a,1+c",----,2,0,0.563321074481873,1.0271246655854966,1.0669906946999894,1.3903146728939855,2.468067920542043,0.2610519564563769,0.8968986617431155,0.950287707056037,0.3140374448138773,1.3903146728939855,5.325815947777867,0.18459160865231944,0.6342031257556965,0.6719548817375391,0.9831009331864937,1.4881951559220803,0.2747083378202461,0.9438180196202691,1.4630460465506165,0.09811397337576216,True,True,true,
6,58,1080462049,gaussian,identified_unknot,false,0_1,0_1,1,"{""2"": ""1"", ""3"": ""1"", ""4"": ""1""}",0,0,"1+c,1-c",----,1,0,0.42435842362162324,1.0637896480822258,1.1848993821801415,2.0502471406834943,4.831404366115719,0.42435842362162324,1.1597919548270823,1.221236295610098,0.3824927597142843,2.0502471406834943,4.831404366115719,0.30006671899648335,0.8200967560238318,0.8635444660570394,1.4497436562856283,1.1580179588968003,0.34748264946516744,0.9496867715086049,1.6788291897754677,0.16909913893025452,True,True,true,
6,59,1300344720,gaussian,identified_unknot,false,0_1,0_1,1,"{""2"": ""1"", ""3"": ""1"", ""4"": ""1""}",0,0,"1-a,1+a",----,1,0,0.13333244634405872,1.6354294415900552,1.87814172363225,2.899817611131809,21.748776765476517,0.13333244634405872,1.5627557623494892,1.7607341994507184,0.8111592620187659,3.062701322065444,22.970412724313732,0.09428027696207542,1.1050351968956764,1.24502709229867,2.16565687358148,0.8031953731655099,0.0757254822367018,0.8875591573316455,1.7394455807247282,0.11616549996404874,True,True,true,
6,60,1575461543,gaussian,identified_unknot,false,0_1,0_1,1,"{""2"": ""1"", ""3"": ""1"", ""4"": ""1""}",0,0,----,----,0,0,0.3865301574878912,0.9867908499693492,1.0574349549460713,1.6624239892267307,4.3008907766240965,0.3865301574878912,1.0086030317362813,1.0591102468619407,0.32316317763684466,1.6624239892267307,4.3008907766240965,0.273318095492792,0.7131900432660351,0.7489040375802366,1.1755112759894133,1.3352845622665792,0.3649574334996279,0.9523116547353703,1.5696420595989518,0.1655702590687213,True,True,true,
6,61,2442309918,gaussian,identified_unknot,false,0_1,0_1,1,"{""2"": ""1"", ""3"": ""1"", ""4"": ""1""}",0,0,"1-c,2-a,3+c,3-c,4+a,1+c,2+a,4-a",----,4,0,1.0675278003871704,1.391929025307973,1.4636994791443019,2.3798318908953697,2.2292926610737944,0.2828603774439753,1.23583854622055,1.360168535180204,0.5681210537990466,2.3798318908953697,8.413450877780614,0.20001249101962126,0.8738698164842753,0.9617843947824953,1.6827952681361198,1.039734066621186,0.20795980066286426,0.9085922179907052,1.7496595674300568,0.014421208901473144,True,True,true,
6,62,1719825477,gaussian,identified_unknot,false,0_1,0_1,1,"{""2"": ""1"", ""3"": ""1"", ""4"": ""1""}",0,0,----,----,0,0,0.5531137017813902,1.1758023001785143,1.2696653659193975,1.930436130267435,3.490125310673303,0.5531137017813902,1.381240993292344,1.4878068069863033,0.5529397918069905,2.6822088355701474,4.849290167521921,0.39111044929681477,0.9766848728098589,1.0520382823155199,1.8966080561901246,0.9505357521772074,0.37176446510671335,0.9283738902164196,1.8027937652760315,0.306259881152398,True,True,true,
6,63,428127414,gaussian,identified_unknot,false,0_1,0_1,1,"{""2"": ""1"", ""3"": ""1"", ""4"": ""1""}",0,0,"1-c,2-a,3-c,3+c,2+a,1+c",----,3,0,0.6864093108679318,1.1668051544393456,1.2232829467611677,1.7074816147689091,2.4875560219453905,0.6864093108679318,1.2609139189107212,1.2962009067151858,0.30038788202335387,1.7074816147689091,2.4875560219453905,0.4853646783842995,0.8916007825542754,0.9165524509184594,1.2073718285544517,1.091045034027152,0.5295547220433757,0.9727766061405649,1.3172970377686166,0.581001036732106,True,True,true,
6,64,1930347466,gaussian,identified_unknot,false,0_1,0_1,1,"{""2"": ""1"", ""3"": ""1"", ""4"": ""1""}",0,0,"1+a,2+c,2-c,1-a",----,2,0,0.801944383733805,1.2584866347468118,1.3186828863030218,1.9149127159535653,2.3878373049236234,0.5037762774373291,1.3448400513072145,1.432061139553494,0.49214260516567704,2.2845504105467684,4.534851109242577,0.3562236219768509,0.9509455198905958,1.0126201428520103,1.615421087260131,0.9875371402187734,0.3517840569253928,0.9390940192166137,1.5952883207619715,0.0037297253271933823,True,True,true,
6,65,2210307459,gaussian,identified_unknot,false,0_1,0_1,1,"{""2"": ""1"", ""3"": ""1"", ""4"": ""1""}",0,0,"1+a,2+a,3+c,4+a,5+c,6+a,2-a,3-c,4-a,5-c,6-a,1-a",----,6,0,0.40529007941244116,1.1314561218681731,1.1925544963882968,1.4330108885162511,3.535766013798615,0.34898629180701435,0.9554161382452373,1.0453001494276533,0.42406651031887876,1.832181963266479,5.2500112648540815,0.2467705734778871,0.6755812302082712,0.739138824035605,1.2955482905934093,1.3529258205381849,0.3338622806072489,0.9140112902197219,1.7527807340979311,0.011978436683199903,True,True,true,
6,66,680353591,gaussian,identified_unknot,false,0_1,0_1,1,"{""2"": ""1"", ""3"": ""1"", ""4"": ""1""}",0,0,"1+a,2+c,2-c,1-a",----,2,0,0.36634532657027186,0.9930353684163391,1.0749800373155305,1.4752497320439244,4.02693749598289,0.36634532657027186,1.145306638381927,1.2818752133850513,0.5757401903369793,2.5610175574669904,6.990719880183157,0.2590452646738395,0.8098540905378295,0.9064226560195223,1.8109128816227176,1.1032380902651029,0.2857886030909848,0.8934618802383364,1.9978680691579211,0.242892807069581,True,True,true,
6,67,2898129677,gaussian,identified_unknot,false,0_1,0_1,1,"{""2"": ""1"", ""3"": ""1"", ""4"": ""1""}",0,0,----,----,0,0,1.0546084675017546,1.687623074287834,1.763910029182663,2.457884644373523,2.3306134173149275,0.8441661845008746,1.6821431345162883,1.7566302212982425,0.5061069149676093,2.589237958039066,3.0672135482067318,0.5969156335089426,1.189454817342862,1.2421251415172128,1.8308677182350328,0.8050718615827506,0.48055998027689123,0.9575966040667884,1.4739800822312408,0.23084110608750907,True,True,true,
6,68,4019944268,gaussian,identified_unknot,false,0_1,0_1,1,"{""2"": ""1"", ""3"": ""1"", ""4"": ""1""}",0,0,"1+c,1-c",----,1,0,0.7146909958080471,1.6653144549001082,1.7556476064889213,2.4716057577102197,3.4582858496989486,0.6399734150316412,1.6635961960683499,1.7887530852777596,0.6573319530630017,2.595551805816296,4.055718167117877,0.45252954154798625,1.1763401513960754,1.2648394364682625,1.8353322828136918,0.7906141848266859,0.357776274600955,0.9300312098749083,1.4510397366628474,0.20355770828024544,True,True,true,
6,69,1063293144,gaussian,identified_unknot,false,0_1,0_1,1,"{""2"": ""1"", ""3"": ""1"", ""4"": ""1""}",0,0,----,----,0,0,0.5016896459817328,1.128525559707125,1.1689048894926828,1.4343665643343597,2.8590714913550097,0.5016896459817328,1.1192255018510113,1.1753515663082075,0.35886707905505827,1.8409895060859944,3.66957843525642,0.3547481507247616,0.7914119420357668,0.8310990628147635,1.3017761638466794,1.2032259988516933,0.42684219799659234,0.9522474244591437,1.5663309250257462,0.16241223185333653,True,True,true,
6,70,1345059309,gaussian,identified_unknot,false,0_1,0_1,1,"{""2"": ""1"", ""3"": ""1"", ""4"": ""1""}",0,0,"1-a,1+a",----,1,0,0.6626229726005626,1.0656099315031493,1.096715562725211,1.4434024971072836,2.178316413393329,0.592460050042941,1.288757568081978,1.3705145298165102,0.46627674952714027,2.1582612404458943,3.642880630161418,0.41893251896748485,0.9112892156962503,0.9691001177479471,1.5261211586913814,1.031885128983226,0.43229023637003094,0.9403457898797484,1.5747817286802868,0.07473653396276526,True,True,true,
6,71,299362293,gaussian,identified_unknot,false,0_1,0_1,1,"{""2"": ""1"", ""3"": ""1"", ""4"": ""1""}",0,0,----,----,0,0,0.4240282691720834,1.1946879398146626,1.3564520987704982,2.1339299275040653,5.0325180716619915,0.4240282691720834,1.5280931180403883,1.6428184307151814,0.603144940205167,2.2698217956832463,5.352996393648661,0.2998332645463748,1.080525006050854,1.161648052616947,1.6050063838126496,0.8608459315600898,0.2581102459311269,0.9301655554078189,1.3816632156330912,0.168863850113463,True,True,true,
6,72,2900157729,gaussian,identified_unknot,false,0_1,0_1,1,"{""2"": ""1"", ""3"": ""1"", ""4"": ""1""}",0,0,"1-c,2+c,2-c,1+c,3+a,3-a",----,3,0,0.6682367669459414,1.337781635901431,1.4650168791793206,2.270727620132033,3.3980884208302315,0.6682367669459414,1.5107435164005625,1.5880393633763432,0.4894109186424074,2.324047891179164,3.4778809041005276,0.4725147493456497,1.0682569850804478,1.1229134026345802,1.6433500236550822,0.890540621969423,0.42079357877200085,0.9513262399167227,1.463469952179263,0.15063648783852068,True,True,true,
6,73,1334269842,gaussian,identified_unknot,false,0_1,0_1,1,"{""2"": ""1"", ""3"": ""1"", ""4"": ""1""}",0,0,"1-c,2-a,2+a,1+c",----,2,0,1.1636336748941416,1.6362255851743484,1.7004702119904993,2.627300841001179,2.2578418772902826,0.6080859759307491,1.8115236067365776,1.9253307373823028,0.6521354694733166,2.855443050418206,4.695788364544348,0.4299817171250724,1.2809406266029464,1.3614144204299221,2.019103144242714,0.7345301952099268,0.31583455461657894,0.9408895685109883,1.4830922266895776,0.10344261683437682,True,True,true,
6,74,655199439,gaussian,identified_unknot,false,0_1,0_1,1,"{""2"": ""1"", ""3"": ""1"", ""4"": ""1""}",0,0,"1+c,1-c",----,1,0,0.3407208968147753,1.008359123279247,1.1993104226958773,1.8436840412971567,5.411126991425569,0.17200497169977144,1.1184474018593835,1.2532797311963866,0.5654957947692285,1.9130437167861598,11.12202570589244,0.12162588188670857,0.7908617422552456,0.8862025966526184,1.3527261848458105,1.128410144336317,0.13724387893481266,0.8924164127283127,1.5264299494893765,0.09807963178116699,True,True,true,
6,75,167747809,gaussian,identified_unknot,false,0_1,0_1,1,"{""2"": ""1"", ""3"": ""1"", ""4"": ""1""}",0,0,"1+c,2+a,3+c,4+a,5-a,1-c,2-a,3-c,4-a,5+a",----,5,0,0.6221735988408476,1.5939031855409782,1.6706676587902045,2.2007696468668927,3.5372276338421926,0.6221735988408476,1.3950963692440703,1.4620178019320464,0.43726670772907605,2.2007696468668927,3.5372276338421926,0.43994317081560197,0.9864821031012136,1.0338027019616007,1.5561791411291033,0.9673025598622819,0.42555815532386093,0.9542266635881317,1.5052960668184687,0.07475252359515672,True,True,true,
6,76,2525262146,gaussian,identified_unknot,false,0_1,0_1,1,"{""2"": ""1"", ""3"": ""1"", ""4"": ""1""}",0,0,----,----,0,0,0.6569676484663997,1.1037281353209865,1.1500878127088214,1.5520535290534598,2.3624504687202097,0.46332058795978953,1.0959437197027426,1.162023373965778,0.3862715170536463,1.8255312224918414,3.940103828604903,0.3276171296097054,0.7749492360006182,0.821674607628473,1.290845506691749,1.2170267776513284,0.3987188195522774,0.9431339715331912,1.5709935474547554,0.22735103099761148,True,True,true,
6,77,565117996,gaussian,identified_unknot,false,0_1,0_1,1,"{""2"": ""1"", ""3"": ""1"", ""4"": ""1""}",0,0,"1-a,2+a,3+c,1+a,2-a,3-c",----,3,0,0.5833276108506631,1.248387464889113,1.3381282097686225,1.9344278552584222,3.316194569356074,0.13908170318136928,1.147383276531831,1.2600714313383474,0.5208566298033953,2.184095469355191,15.703686533857185,0.09834561545852083,0.8113224954556973,0.8910050538787845,1.5443887171398707,1.122328089663163,0.11037604672430973,0.9105700264255432,1.7333108386049343,0.033920051384692715,True,True,true,
6,78,2883333506,gaussian,identified_unknot,false,0_1,0_1,1,"{""2"": ""1"", ""3"": ""1"", ""4"": ""1""}",0,0,"1+c,2+a,3+c,4+a,5+c,3-c,2-a,1-c,4-a,5-c",----,5,0,1.098585019595295,1.483485809297542,1.5175578230696711,1.916267470839007,1.7443051167263648,0.411023639919526,1.2836793178988124,1.3537173397007891,0.42978837188251234,1.916267470839007,4.662183107556031,0.2906376030150746,0.907698350555172,0.9572227107122411,1.3550057231974566,1.0446889619406643,0.30362589579474114,0.9482624475967362,1.4155595223908102,0.18633796076725498,True,True,true,
6,79,1643586811,gaussian,identified_unknot,false,0_1,0_1,1,"{""2"": ""1"", ""3"": ""1"", ""4"": ""1""}",0,0,"1+c,2+a,3+c,4+a,5+c,3-c,2-a,1-c,4-a,5-c",----,5,0,0.8839051323846835,1.2031733961586155,1.2211722770737223,1.5032991761157783,1.7007471967721632,0.5377185519539999,1.086707314227982,1.1273403281386944,0.2999390415588901,1.5993078767869509,2.974247161410504,0.38022443445648413,0.7684181110556263,0.7971499907319385,1.1308814448811122,1.2544690605613704,0.476979789095104,0.9639567458942943,1.418655783766294,0.02770522556949903,True,True,true,
6,80,2446635684,gaussian,identified_unknot,false,0_1,0_1,1,"{""2"": ""1"", ""3"": ""1"", ""4"": ""1""}",0,0,"1-a,2-c,2+c,1+a",----,2,0,0.6808199219311177,1.1057595590647218,1.131745817089584,1.4603942940993937,2.1450522334261977,0.22227936106345847,1.0767608895667602,1.1440978600156397,0.3867116496716459,1.7978061262114367,8.088047930361746,0.15717524352578452,0.7613849267291153,0.8089993551580762,1.271240903102825,1.2360949284126472,0.194283521394245,0.9411440464996945,1.5713744331161155,0.17458553381593345,True,True,true,
6,81,1872259369,gaussian,identified_nontrivial,true,3_1,3_1,3,"{""2"": ""3"", ""3"": ""2"", ""4"": ""1""}",1,-1,"1+a,2-a,3+a,1-a,2+a,3-a","1+a,2-a,3+a,1-a,2+a,3-a",3,3,0.3507599516187137,1.1911440663524453,1.315835658179562,2.0768691468919376,5.921055517619511,0.3507599516187137,1.0686601659481703,1.1717119618351577,0.4804938826074926,2.0768691468919376,5.921055517619511,0.24802474035825778,0.7556568501258923,0.8285254738110331,1.4685682574044088,1.2069634931080901,0.2993568070000299,0.9120502314190037,1.7725082738244862,0.05150939197201412,True,True,true,
6,82,4101575454,gaussian,identified_unknot,false,0_1,0_1,1,"{""2"": ""1"", ""3"": ""1"", ""4"": ""1""}",0,0,"1-c,2-a,2+a,1+c",----,2,0,0.30249438607274326,1.4040938638915332,1.5941127294505024,2.8089723151722663,9.286031227358944,0.30249438607274326,1.4256054236823001,1.582823417358349,0.687734793729074,2.8089723151722663,9.286031227358944,0.21389583166289827,1.0080552623820755,1.1192251718349535,1.9862433722235855,0.8934752587457575,0.19111063353964705,0.9006724363868474,1.774659310929514,0.0650948255756031,True,True,true,
6,83,3293383120,gaussian,identified_unknot,false,0_1,0_1,1,"{""2"": ""1"", ""3"": ""1"", ""4"": ""1""}",0,0,"1+c,1-c",----,1,0,0.7669267062452161,1.4559661474542354,1.502379243031761,1.805289888232364,2.353927531185937,0.3807372543223614,1.352761965859571,1.454969550697922,0.5356971692867731,2.128594697913658,5.59071820198458,0.26922189438168886,0.9565471593905476,1.028818835718445,1.505143745292478,0.9719884252524206,0.2616805651635312,0.9297527671356944,1.4629822987653662,0.15046965189392897,True,True,true,
6,84,4207195002,gaussian,identified_unknot,false,0_1,0_1,1,"{""2"": ""1"", ""3"": ""1"", ""4"": ""1""}",0,0,"1+c,2-c,3-a,1-c,2+c,3+a",----,3,0,1.1212656489717572,1.3955227653969233,1.4244541718071873,1.94649269993146,1.735978179405092,0.5754315949921048,1.4674756249906855,1.5284772855409061,0.4275021666292396,2.4265866478510945,4.21698542271456,0.4068915829279083,1.0376619656568806,1.0807966534955815,1.7158558738322416,0.9252434273975,0.37647376276741196,0.9600899135843991,1.5875843696246754,0.0769790246221957,True,True,true,
6,85,763003222,gaussian,identified_unknot,false,0_1,0_1,1,"{""2"": ""1"", ""3"": ""1"", ""4"": ""1""}",0,0,"1+c,2+a,3+c,1-c,2-a,3-c",----,3,0,0.8489811665901911,1.4074549843719035,1.4664783762006959,1.9628426863531678,2.3119979142018416,0.3358596011542427,1.3168989222645577,1.4208173754774107,0.5333847045022614,2.235539892979787,6.656173845550186,0.23748860150277418,0.9311881580705248,1.00466960102775,1.5807654179390562,0.9953521027978022,0.23638477889629556,0.926860091235909,1.5734181827756861,0.11043947585943865,True,True,true,
6,86,2838761823,gaussian,identified_unknot,false,0_1,0_1,1,"{""2"": ""1"", ""3"": ""1"", ""4"": ""1""}",0,0,----,----,0,0,0.4097543893587382,1.0905773772581941,1.166940133356541,1.568532694609608,3.827982653375226,0.4097543893587382,1.2321897860964943,1.2734417577846509,0.32149998679492514,1.748454922263739,4.267080396625048,0.2897401073365167,0.8712897534576326,0.9004593023756435,1.2363443321316876,1.1105443603744694,0.32176924217686204,0.9676059219544356,1.3730152255297856,0.30301306795955196,True,True,true,
6,87,1541904096,gaussian,identified_unknot,false,0_1,0_1,1,"{""2"": ""1"", ""3"": ""1"", ""4"": ""1""}",0,0,"1+a,2-a,3-c,3+c,2+a,1-a",----,3,0,0.9636855320479073,1.482926146371816,1.528046941294616,2.08042552686445,2.15882199916749,0.5553706755223826,1.3201683280443168,1.3829697296045034,0.41202045899569856,2.08042552686445,3.7460125616239965,0.3927063707340305,0.9334999770678429,0.9779072739790703,1.4710829977994482,1.0225918413829107,0.4015783307717122,0.9545894604807105,1.5043174715468302,0.15860465222444256,True,True,true,
6,88,3220448823,gaussian,identified_unknot,false,0_1,0_1,1,"{""2"": ""1"", ""3"": ""1"", ""4"": ""1""}",0,0,"1-c,2+c,2-c,1+c",----,2,0,1.1763092040442567,1.4788740956397124,1.4985956645066987,1.771582625636118,1.50605182680307,0.20109545921389207,1.4361048237155447,1.5656502769640428,0.6235893881862721,2.7340578069371753,13.595820699407922,0.14219596287596586,1.015479459343973,1.107081927807871,1.933270815441297,0.9032755163658904,0.12844213179193306,0.9172577329978824,1.7462761940928437,0.0140714713356808,True,True,true,
6,89,327403396,gaussian,identified_unknot,false,0_1,0_1,1,"{""2"": ""1"", ""3"": ""1"", ""4"": ""1""}",0,0,"1-c,2-a,2+a,1+c",----,2,0,0.8300431250977959,1.3640876717361312,1.4135318331520805,1.8886881839772596,2.275409706880873,0.29801241163722847,1.314894120453612,1.4096773478265776,0.5081768166415075,2.4132722763435512,8.097891839757452,0.210726597146441,0.92977054911507,0.9967924119332404,1.7064411914520208,1.0032179097958205,0.2114046963276385,0.9327624668729328,1.711932365277986,0.027279705221225258,True,True,true,
6,90,2950578439,gaussian,identified_unknot,false,0_1,0_1,1,"{""2"": ""1"", ""3"": ""1"", ""4"": ""1""}",0,0,"1+a,1-a",----,1,0,1.0267194323470952,1.5650352222844262,1.6287430155254394,2.284901815376628,2.225439339502234,0.35673221984792164,1.445034413712124,1.550257905819807,0.5614045936260865,2.3587582959123976,6.6121257477610484,0.2522477717221957,1.0217936329837698,1.0961978777932415,1.6678939862196813,0.9122440576268057,0.230111530803176,0.9321251698103494,1.5215263776803898,0.2089743664998879,True,True,true,
6,91,3451950595,gaussian,identified_unknot,false,0_1,0_1,1,"{""2"": ""1"", ""3"": ""1"", ""4"": ""1""}",0,0,"1+a,2+c,3-c,4-a,5-c,1-a,2-c,3+c,4+a,5+c",----,5,0,0.7110108838040318,1.1809847569738026,1.2166636634285959,1.6235228354128022,2.2834008204300233,0.6582871407663602,1.1473518573831956,1.1988909858357855,0.3477402928589556,1.7023219678256598,2.5859869689142982,0.46547930120379666,0.8113002787626381,0.8477439459879089,1.2037234072123517,1.1796014642542345,0.5490800652800363,0.9570109967782767,1.4199138937047862,0.010286049772935617,True,True,true,
6,92,1573504906,gaussian,identified_unknot,false,0_1,0_1,1,"{""2"": ""1"", ""3"": ""1"", ""4"": ""1""}",0,0,"1+a,1-a",----,1,0,0.5189317269509373,1.2873636853531947,1.418356862125681,2.2037974852812847,4.246796583878257,0.5189317269509373,1.3497942558771812,1.4570603361080987,0.5487078365217801,2.676414862813535,5.157547175886162,0.36694014309985357,0.9544486715374046,1.0302972442599867,1.8925110987639138,0.9705936860175262,0.3561497860390854,0.9263818542220207,1.8368593231783457,0.05178279832411378,True,True,true,
6,93,1581143566,gaussian,identified_unknot,false,0_1,0_1,1,"{""2"": ""1"", ""3"": ""1"", ""4"": ""1""}",0,0,"1-c,2-a,2+a,1+c,3+a,3-a",----,3,0,0.40304819882674237,1.38855964744973,1.4945918071709818,2.107073292102702,5.227844456906916,0.40304819882674237,1.306943832444003,1.3736259817200502,0.4227838176810375,2.107073292102702,5.227844456906916,0.2849981145354134,0.9241488465510894,0.9713002464882761,1.4899258133028834,1.0295477671456252,0.293419172460648,0.9514553814768795,1.5339497942986133,0.0391125548732266,True,True,true,
6,94,2816909622,gaussian,identified_unknot,false,0_1,0_1,1,"{""2"": ""1"", ""3"": ""1"", ""4"": ""1""}",0,0,"1+a,1-a,2-c,2+c",----,2,0,0.6447270076889366,1.5169951740985652,1.711686148955802,2.654096207364171,4.116620175224148,0.6447270076889366,1.458788855459969,1.5924209404605103,0.6385448510503615,2.654096207364171,4.116620175224148,0.45589083915095846,1.0315194920151063,1.1260116455030862,1.8767294261487024,0.8880902821863925,0.40487222398776596,0.9160824367444602,1.6667051656559078,0.24073592444497857,True,True,true,
6,95,3582110309,gaussian,identified_nontrivial,true,3_1,3_1,3,"{""2"": ""3"", ""3"": ""2"", ""4"": ""1""}",1,-1,"1+a,2+a,3-a,4+a,2-a,3+a,4-a,1-a","2+a,3-a,4+a,2-a,3+a,4-a",4,3,1.2026105148984503,1.470879184437704,1.5103313278921575,2.0629707101514776,1.715410504560304,0.3116749859314676,1.3454984175908071,1.405661471303038,0.40683925593095766,2.0629707101514776,6.618980679460405,0.2203874960783625,0.9514110551542287,0.9939527584110377,1.4587405785373373,1.006084033207604,0.22172834092304397,0.9571994716078687,1.4676156046584379,0.005151842493188015,True,True,true,
6,96,1532983646,gaussian,identified_unknot,false,0_1,0_1,1,"{""2"": ""1"", ""3"": ""1"", ""4"": ""1""}",0,0,"1+c,2-c,2+c,1-c",----,2,0,1.050335713516027,1.4894941002699618,1.5559554713691457,2.4077615966437067,2.2923733485017475,0.4999781074886496,1.481477294916718,1.6031232314874873,0.6125594828105495,2.4593301618588694,4.918875696801786,0.35353791025004067,1.047562641409514,1.1335793080624936,1.739009034627016,0.8821614799137376,0.31187752611178604,0.924119410048161,1.5340867835699286,0.04984392718339401,True,True,true,
6,97,3092505713,gaussian,identified_unknot,false,0_1,0_1,1,"{""2"": ""1"", ""3"": ""1"", ""4"": ""1""}",0,0,"1+c,2+a,3+c,4+c,4-c,1-c,2-a,3-c",----,4,0,0.8206267158992981,1.4054993787676155,1.543283226281729,2.4408185155077344,2.9743346983688204,0.807928209332967,1.3057202751567571,1.4016757446972197,0.509695454479504,2.4408185155077344,3.021083417204725,0.5712915155312455,0.9232836608961077,0.9911344241001079,1.7259193239612012,1.0089448773893022,0.5764016480912211,0.9315423200383696,1.7413574606978615,0.3648455456137783,True,True,true,
6,98,92208040,gaussian,identified_unknot,false,0_1,0_1,1,"{""2"": ""1"", ""3"": ""1"", ""4"": ""1""}",0,0,"1+a,2+c,3+a,1-a,2-c,3-a",----,3,0,0.8903547649170267,1.568129394187731,1.6182406513202605,2.1867133341847076,2.4560022817292277,0.48785545354124815,1.4016739506693705,1.4581140622023627,0.40175459475554737,2.1867133341847076,4.482297611540016,0.3449658994378552,0.9911331555308501,1.031042341126754,1.5462398271130517,0.9698922731991492,0.3345797603819705,0.9612923892608622,1.499686060829737,0.0018665726191441885,True,True,true,
6,99,430467241,gaussian,identified_unknot,false,0_1,0_1,1,"{""2"": ""1"", ""3"": ""1"", ""4"": ""1""}",0,0,----,----,0,0,0.37796167708607636,1.1826544821898344,1.336773500063922,2.3098477568359996,6.111327938440591,0.37796167708607636,1.3387422055446125,1.4553892749611255,0.5709003842750647,2.3098477568359996,6.111327938440591,0.2672592648962047,0.9466336918012304,1.0291156255911846,1.6333090123672707,0.9717081104715918,0.2596979952983177,0.9198516359689207,1.5870996142236222,0.2886168303442222,True,True,true,
6,100,428255344,gaussian,identified_unknot,false,0_1,0_1,1,"{""2"": ""1"", ""3"": ""1"", ""4"": ""1""}",0,0,"1-c,2+a,3-a,1+c,4+a,3+a,2-a,4-a",----,4,0,0.7772048668287569,1.125501925461182,1.1560670665189594,1.499379302821491,1.9291944335596296,0.40030110190072954,1.0423500482953179,1.094990270299919,0.33542520607467563,1.499379302821491,3.7456287172382585,0.283055623670453,0.7370527875197446,0.7742750454623634,1.0602212725958342,1.2915307110315606,0.365575030900582,0.9519263107331691,1.3693083340464838,0.0002938534029665422,True,True,true,
6,101,191431927,gaussian,identified_unknot,false,0_1,0_1,1,"{""2"": ""1"", ""3"": ""1"", ""4"": ""1""}",0,0,"1-c,1+c",----,1,0,1.1826426494441922,1.4135689025389482,1.4232541321739214,1.6136928805807464,1.3644805396956852,0.23502769079570202,1.4302203007044487,1.512642059638737,0.4924996365897102,2.492434384075315,10.604854158405807,0.166189673928256,1.0113184732187788,1.069599457878537,1.762417254642171,0.9349294192644957,0.15537561533350028,0.9455113928578893,1.6477357403843318,0.17341505488894068,True,True,true,
6,102,2490114929,gaussian,identified_unknot,false,0_1,0_1,1,"{""2"": ""1"", ""3"": ""1"", ""4"": ""1""}",0,0,"1+a,1-a",----,1,0,0.5292461061780622,1.2596490653137564,1.4401038208793295,2.4225452177061033,4.577351046000988,0.5292461061780622,1.360936519861483,1.444581656821389,0.4844253834515121,2.4225452177061033,4.577351046000988,0.3742335105950833,0.962327441958475,1.021473485516102,1.7129981511710266,0.9789779315659353,0.3663663481250332,0.9420973286176457,1.676987386809683,0.21272415222496555,True,True,true,
6,103,1990041301,gaussian,identified_unknot,false,0_1,0_1,1,"{""2"": ""1"", ""3"": ""1"", ""4"": ""1""}",0,0,"1-a,2-c,2+c,1+a",----,2,0,0.14212245067160564,1.145833714285991,1.3312207576379176,2.4207446084257738,17.032809362535215,0.14212245067160564,1.4427488699880542,1.5974638495534736,0.6858326682058797,2.5092671274391187,17.655670272933452,0.10049574862874294,1.0201775095177816,1.129577520719628,1.7743198016206894,0.8852867392075251,0.08896755360775895,0.9031496208138508,1.570781791488123,0.14212245067160573,True,True,true,
6,104,3244930095,gaussian,identified_unknot,false,0_1,0_1,1,"{""2"": ""1"", ""3"": ""1"", ""4"": ""1""}",0,0,"1+a,2+c,3-a,4-c,5-a,6-c,2-c,1-a,6+c,3+a,4+c,5+a",----,6,0,0.39567975676652195,0.9916131701503815,1.0354417471159112,1.3106464777002094,3.312392042521347,0.39567975676652195,0.9729944824913594,1.0074829862031653,0.2613497743068077,1.3106464777002094,3.312392042521347,0.2797878391878514,0.6880109966267357,0.7123980514743311,0.9267670121200812,1.403709622633677,0.3927408821638707,0.9657676564427352,1.3009117728524193,0.03330741530668963,True,True,true,
6,105,411676024,gaussian,identified_unknot,false,0_1,0_1,1,"{""2"": ""1"", ""3"": ""1"", ""4"": ""1""}",0,0,"1+a,1-a",----,1,0,0.2962211677033109,1.3075712399044945,1.4402867554971333,2.0516968426228432,6.926233052587859,0.2962211677033109,1.342012990591545,1.4413274652891508,0.5257622992193209,2.125586337059665,7.175673344143349,0.20945999641400867,0.9489464860877198,1.0191724246163767,1.5030165129323634,0.9811882423883346,0.205519685732128,0.931095134804996,1.474742130604749,0.16109883361471408,True,True,true,
6,106,1363830081,gaussian,identified_unknot,false,0_1,0_1,1,"{""2"": ""1"", ""3"": ""1"", ""4"": ""1""}",0,0,----,----,0,0,0.5789423846130748,1.2256493568556783,1.3467917624752805,1.9914769089549906,3.4398533634498993,0.5789423846130748,1.3950945266072852,1.5348108013687267,0.639808922904728,2.865438117973705,4.949435719564334,0.4093740860762155,0.9864808001602476,1.0852751254861859,2.026170724289625,0.9214253386227903,0.37720765588617217,0.9089684053325374,1.8669650457361522,0.5789423846130748,True,True,true,
6,107,832698226,gaussian,identified_unknot,false,0_1,0_1,1,"{""2"": ""1"", ""3"": ""1"", ""4"": ""1""}",0,0,"1+c,1-c,2-a,3-c,3+c,2+a",----,3,0,0.6671374394442285,1.0869701923551207,1.1257899741006814,1.4066393066475116,2.1084700445223685,0.3235172812294815,1.1530823722208636,1.2337815294033052,0.43888256421309946,2.077680048899546,6.422160946097279,0.2287612633884017,0.8153523646640433,0.8724152859437868,1.4691416517128666,1.1462430978822098,0.2622160192217697,0.9345920203380979,1.6839934780871426,0.20712222978472453,True,True,true,
6,108,3143794910,gaussian,identified_unknot,false,0_1,0_1,1,"{""2"": ""1"", ""3"": ""1"", ""4"": ""1""}",0,0,"1-a,2-c,2+c,1+a,3-a,3+a",----,3,0,0.9155189772760908,1.312261080898189,1.3459362888692288,1.7659675510398232,1.9289251177447355,0.3420686102352495,1.166792059480661,1.2298101079791834,0.3886247439634398,1.8279109028799272,5.343696697638597,0.24187903392840296,0.8250465774933927,0.8696070669238408,1.292528194831221,1.1499446566567275,0.27814750262325827,0.9487579032814476,1.4863358912243285,0.08908124421597811,True,True,true,
6,109,1624814959,gaussian,identified_unknot,false,0_1,0_1,1,"{""2"": ""1"", ""3"": ""1"", ""4"": ""1""}",0,0,"1+a,2-a,3-c,1-a,2+a,3+c",----,3,0,0.7428109922716197,1.2945966555814592,1.3367435388029731,1.7275329831522712,2.3256696536883954,0.48225205998092874,1.2092232288539912,1.262151335153034,0.36166998165249187,1.764305793456703,3.6584722800903635,0.34100370185369633,0.8550499450909496,0.8924757679703652,1.247552590639947,1.1204786010875818,0.3820873508187165,0.958065166335521,1.3978559815434364,0.05142939454297981,True,True,true,
6,110,1517567606,gaussian,identified_unknot,false,0_1,0_1,1,"{""2"": ""1"", ""3"": ""1"", ""4"": ""1""}",0,0,"1+a,2+c,3+a,3-a,2-c,1-a",----,3,0,0.38328298226479796,1.0476399547435744,1.1501936076419894,1.8679641372824856,4.873590072391915,0.38328298226479796,1.1129742095337534,1.1952120663704249,0.4356837069597366,2.0088448329018567,5.241153210173078,0.27102199587284187,0.7869916108470544,0.8451425570865133,1.4204678036964598,1.1832323335453983,0.3206819886187539,0.9311939201832121,1.6807434340938685,0.18492028268491714,True,True,true,
6,111,1456292562,gaussian,identified_unknot,false,0_1,0_1,1,"{""2"": ""1"", ""3"": ""1"", ""4"": ""1""}",0,0,"1+a,1-a",----,1,0,1.1244993100157503,1.4323790080256689,1.457497287542449,1.8796257590110597,1.671522376465249,0.41319783360208573,1.292580697844261,1.34975354234865,0.3886769412290522,2.1354154142184454,5.16802180592959,0.2921749901116255,0.9139925766765168,0.9544198827252942,1.509966720044143,1.047756881535781,0.30612835650210435,0.9576420118854403,1.5820780218162627,0.12018759301829633,True,True,true,
6,112,3434349491,gaussian,identified_unknot,false,0_1,0_1,1,"{""2"": ""1"", ""3"": ""1"", ""4"": ""1""}",0,0,"1-a,2-c,2+c,1+a",----,2,0,0.4301063098814922,1.1210921243686474,1.218831471650576,1.9831112797727912,4.610746771697445,0.4301063098814922,1.1375027352970355,1.2099077590121314,0.41226728285121134,1.9831112797727912,4.610746771697445,0.3041310883483257,0.8043358977467802,0.8555339810076973,1.4022714337748732,1.1688606439946925,0.35548685978563066,0.9401565754283504,1.639059891137459,0.28790990104938446,True,True,true,
6,113,696382662,gaussian,identified_unknot,false,0_1,0_1,1,"{""2"": ""1"", ""3"": ""1"", ""4"": ""1""}",0,0,"1-a,2-c,2+c,1+a",----,2,0,0.7471242705161368,0.9810588515640601,0.9996170714731578,1.2954207992301023,1.7338759432017716,0.5008234876938782,0.9820870952218003,1.013850513117573,0.25178919823450135,1.3780505097401057,2.7515692526434004,0.3541356843258387,0.6944404447471335,0.7169005729348966,0.9744288602548071,1.3948935706748449,0.49398158921264884,0.9686705115943562,1.3592245522494475,0.3475616358523059,True,True,true,
6,114,3572421942,gaussian,identified_unknot,false,0_1,0_1,1,"{""2"": ""1"", ""3"": ""1"", ""4"": ""1""}",0,0,----,----,0,0,0.2745505012722473,1.410795232213084,1.5740567660717955,2.411830374047937,8.78465114021533,0.2745505012722473,1.373387741351807,1.482058210609037,0.5570481590834335,2.411830374047937,8.78465114021533,0.1941365212277719,0.9711317851083389,1.0479734108348504,1.7054216125609838,0.9542226831913291,0.1852494721913949,0.9266759777184642,1.6273519871104252,0.11790348186869604,True,True,true,
6,115,1290600611,gaussian,identified_unknot,false,0_1,0_1,1,"{""2"": ""1"", ""3"": ""1"", ""4"": ""1""}",0,0,"1+a,1-a",----,1,0,0.38470200087217243,1.1754977222045802,1.278793928930678,1.8077052450700346,4.698975417262499,0.30869022232822213,1.1743136917186385,1.3555919521035984,0.6772125914734513,2.680281930565785,8.682756163607644,0.21827694949426885,0.8303651746544581,0.9585482618543639,1.8952455285948375,1.0432442890934313,0.2277161810006313,0.866273726320333,1.9772040741364254,0.04732564473181687,True,True,true,
6,116,3215056028,gaussian,identified_unknot,false,0_1,0_1,1,"{""2"": ""1"", ""3"": ""1"", ""4"": ""1""}",0,0,"1+a,1-a",----,1,0,0.357934911423994,1.0246830985973594,1.08587863046206,1.492312384155816,4.1692283611533165,0.357934911423994,1.2097693223351695,1.2984391638942576,0.47159564148868444,2.163288824468434,6.043805047856584,0.25309820309131237,0.8554360914946525,0.9181351377478205,1.5296761974467046,1.089164284086756,0.2756655231735936,0.9317104381747457,1.6660686804765912,0.2134236864072124,True,True,true,
6,117,94233698,gaussian,identified_unknot,false,0_1,0_1,1,"{""2"": ""1"", ""3"": ""1"", ""4"": ""1""}",0,0,"1+c,1-c",----,1,0,0.2675829610199629,1.5511680955306826,1.7586640478062803,2.9284707871778304,10.944160181258153,0.2675829610199629,1.522383538543779,1.6901534338906103,0.7341437132218337,2.9284707871778304,10.944160181258153,0.18920972626719135,1.0764877236710777,1.1951189543497795,2.0707415521201504,0.8367367920660779,0.1583187393845104,0.9007368846030523,1.7326656435189458,0.2675829610199629,True,True,true,
6,118,1576842599,gaussian,identified_unknot,false,0_1,0_1,1,"{""2"": ""1"", ""3"": ""1"", ""4"": ""1""}",0,0,"1+c,2+a,3+a,4-a,5-a,1-c,2-a,6-c,4+a,3-a,6+c,5+a",----,6,0,1.466310659949858,1.8709375147829022,1.9229079680990526,2.7936189907290214,1.9052026743258839,0.22086569271730977,1.5719837205248366,1.7038982443682937,0.6573708310886986,2.7936189907290214,12.648496723774244,0.156175629051874,1.1115603486979704,1.2048380030446735,1.9753869323960098,0.8299870999030245,0.12962375743229543,0.9225807501830231,1.6395456712056962,0.022310462055331784,True,True,true,
6,119,1668548434,gaussian,identified_unknot,false,0_1,0_1,1,"{""2"": ""1"", ""3"": ""1"", ""4"": ""1""}",0,0,"1-a,2-c,3-a,3+a,2+c,1+a",----,3,0,0.5585702464185458,1.1343857131467083,1.2564023853308035,2.1570662255068696,3.8617635639162646,0.5420512649420168,1.0754036709480672,1.1707058325977469,0.4626652039972364,2.1570662255068696,3.979450588935736,0.38328812519124594,0.7604252282402849,0.8278140330045098,1.525276155524378,1.2080007829422144,0.4630123553234786,0.9185942710832762,1.8425347900765392,0.24550574957810153,True,True,true,
6,120,3097075218,gaussian,identified_unknot,false,0_1,0_1,1,"{""2"": ""1"", ""3"": ""1"", ""4"": ""1""}",0,0,"1+a,1-a",----,1,0,0.4349705835991034,1.1393700840859802,1.2162575967545997,1.717281454745257,3.9480404411163885,0.4349705835991034,1.2225238280495283,1.286318997466407,0.4000650610764587,1.7992501165655521,4.136486889936115,0.30757064927959604,0.8644548889759582,0.9095648858775779,1.2722619584741879,1.09942678694678,0.33815141069660126,0.950404861047273,1.398758877159894,0.02531050950947003,True,True,true,
6,121,4041243934,gaussian,identified_unknot,false,0_1,0_1,1,"{""2"": ""1"", ""3"": ""1"", ""4"": ""1""}",0,0,----,----,0,0,0.4191053326965523,1.1661440876586735,1.2895186335932771,1.9111997661610889,4.5601895682507765,0.4191053326965523,1.1615351587111882,1.2580866673330782,0.4833406020592789,1.9111997661610889,4.5601895682507765,0.2963522227811762,0.8213293873112738,0.8896016137916036,1.3514223148546498,1.124098680237172,0.33312914251367254,0.923255280316608,1.5191320405711757,0.2768247409832125,True,True,true,
6,122,3240063779,gaussian,identified_unknot,false,0_1,0_1,1,"{""2"": ""1"", ""3"": ""1"", ""4"": ""1""}",0,0,----,----,0,0,0.2674120264527178,0.8860591144369993,0.9766218051022187,1.5402045310202572,5.759668147507895,0.2674120264527178,0.8553372786115045,0.9250525688208214,0.3523072450283502,1.5402045310202572,5.759668147507895,0.18908885727555316,0.6048147899078421,0.6541109443672383,1.08908906829867,1.5287926438340846,0.2890776540338588,0.9246364016931665,1.6649913560951237,0.13981408722428995,True,True,true,
6,123,3766271502,gaussian,identified_unknot,false,0_1,0_1,1,"{""2"": ""1"", ""3"": ""1"", ""4"": ""1""}",0,0,----,----,0,0,0.2025977332928244,1.0131395267210916,1.242187093091051,2.0889301465705827,10.310728124244855,0.2025977332928244,1.178434752405937,1.3165389138511558,0.5869976541744772,2.0889301465705827,10.310728124244855,0.14325823106437968,0.8332792046121282,0.9309335936801242,1.4770966720650676,1.0741904758714804,0.15388662739955253,0.8951005853361108,1.586683177073755,0.16129207460223813,True,True,true,
6,124,1461177086,gaussian,identified_unknot,false,0_1,0_1,1,"{""2"": ""1"", ""3"": ""1"", ""4"": ""1""}",0,0,"1+c,1-c",----,1,0,0.9295353229569111,1.588295561520049,1.6362757672353634,2.2178144430356426,2.385938853814219,0.9295353229569111,1.6511769968052934,1.7131343132584067,0.45655634973615833,2.8165640058728196,3.0300774336505576,0.6572807302152592,1.1675584513802613,1.2113688899883785,1.9916115081986174,0.8255123672604748,0.5425933715546922,0.9638339411138932,1.6440999307962452,0.8336438075290173,True,True,true,
6,125,1840498809,gaussian,identified_unknot,false,0_1,0_1,1,"{""2"": ""1"", ""3"": ""1"", ""4"": ""1""}",0,0,"1-a,1+a,2-a,2+a",----,2,0,0.6946787061693218,1.0237503715966128,1.0405495611108087,1.2021949663487368,1.7305769641018942,0.570929873209378,1.0693958835162005,1.107146618428224,0.2866462611227569,1.6829310381253693,2.947701840622001,0.403708384928327,0.7561770810072846,0.7828708816583521,1.1900119493277648,1.2773498458413783,0.5156768432530703,0.9659026778534385,1.5200615800232182,0.16309286782764645,True,True,true,
6,126,498662229,gaussian,identified_unknot,false,0_1,0_1,1,"{""2"": ""1"", ""3"": ""1"", ""4"": ""1""}",0,0,"1-a,1+a",----,1,0,0.45711317248905525,0.8755455064944783,0.9159102175538624,1.1943039959255322,2.612709647858874,0.45711317248905525,0.8515124933557582,0.8825016213075237,0.2318093726954706,1.1943039959255322,2.612709647858874,0.3232278240367069,0.6021102583169216,0.6240228808346726,0.8445004543171346,1.6025053418913626,0.5179743146667443,0.964884905360455,1.3533164892728908,0.017059536984947415,True,True,true,
6,127,2046408099,gaussian,identified_unknot,false,0_1,0_1,1,"{""2"": ""1"", ""3"": ""1"", ""4"": ""1""}",0,0,"1+c,2+a,2-a,1-c",----,2,0,0.3429840515670892,1.5316854911265458,1.676015624355318,2.406980515855459,7.017762210394331,0.3429840515670892,1.4120327420748373,1.5227137552449834,0.5699304481433639,2.406980515855459,7.017762210394331,0.24252634870192527,0.9984579271785526,1.0767212221397604,1.7019922449452893,0.9287455094575986,0.22524525728206077,0.9273133162494226,1.5807176546245945,0.2141371096181035,True,True,true,
6,128,1243364268,gaussian,identified_unknot,false,0_1,0_1,1,"{""2"": ""1"", ""3"": ""1"", ""4"": ""1""}",0,0,"1-c,2-c,3+c,4+a,5+c,6+a,2+c,3-c,4-a,5-c,6-a,1+c",----,6,0,0.483436436475453,1.105007749999786,1.1724244980684408,1.654169211961634,3.4216891552931723,0.483436436475453,0.9607268588876696,1.0183625105530163,0.33773673994943676,1.654169211961634,3.4216891552931723,0.3418411825044524,0.6793364767875225,0.7200910369181949,1.1696742670080789,1.3887132997512979,0.4747193965466437,0.9434036003210216,1.6243422109709698,0.062321691735367606,True,True,true,
6,129,225429632,gaussian,identified_unknot,false,0_1,0_1,1,"{""2"": ""1"", ""3"": ""1"", ""4"": ""1""}",0,0,"1-a,2-c,3+c,4+a,5+c,1+a,2+c,3-c,4-a,5-c",----,5,0,0.6415990290752052,1.2020887789911958,1.2431642277078512,1.6889188714450176,2.6323588330228764,0.5079759491553595,0.9952991445973215,1.0528857863887096,0.34343571733762807,1.6889188714450176,3.3248008577045414,0.35919323832742756,0.7037827744539361,0.7445026793703872,1.194245986872703,1.3431785105806233,0.482460638867265,0.9453058987633366,1.6040855459145635,0.012642887989471246,True,True,true,
6,130,3068704076,gaussian,identified_unknot,false,0_1,0_1,1,"{""2"": ""1"", ""3"": ""1"", ""4"": ""1""}",0,0,"1-a,1+a",----,1,0,0.653448046852366,0.9885724279993556,1.0447760162616755,1.5655420698876004,2.3958171998963897,0.653448046852366,1.1835500826750485,1.2458510107012428,0.38904234045305885,1.890844888398242,2.8936422681288416,0.4620575450824128,0.8368962893334256,0.8809496980149627,1.3370292427583175,1.1351385921957773,0.524499351238287,0.949993275687815,1.5177134923492628,0.2767329635409555,True,True,true,
6,131,3100941872,gaussian,identified_unknot,false,0_1,0_1,1,"{""2"": ""1"", ""3"": ""1"", ""4"": ""1""}",0,0,----,----,0,0,0.5707833684777476,1.403448869798363,1.6120208073765068,2.8015650174914537,4.908280745746142,0.37319689646893095,1.4669607635722957,1.7176477437343292,0.8934986791792243,3.1108831370947048,8.335769044514787,0.26389005621095496,1.037297903656566,1.2145603672843173,2.199726561718546,0.8233431840328685,0.21727207911534033,0.8540521587872167,1.8111298713270216,0.16348318781017354,True,True,true,
6,132,155736029,gaussian,identified_unknot,false,0_1,0_1,1,"{""2"": ""1"", ""3"": ""1"", ""4"": ""1""}",0,0,"1+c,1-c",----,1,0,0.33829631422651624,0.9154249719529665,0.9807192099253251,1.5204805685960348,4.494523010315603,0.33829631422651624,0.9886239793774062,1.0254752121349142,0.2724372186451936,1.5204805685960348,4.494523010315603,0.23921161783998474,0.6990627198613933,0.7251204764393111,1.0751421207166336,1.3790811768417837,0.32989223944499313,0.9640642383926684,1.4827082611100662,0.3382963142265163,True,True,true,
6,133,3337626167,gaussian,identified_unknot,false,0_1,0_1,1,"{""2"": ""1"", ""3"": ""1"", ""4"": ""1""}",0,0,"1-a,1+a",----,1,0,0.9689820106429144,1.5585237255290414,1.629358740416541,2.429379994939958,2.5071466428237166,0.9689820106429144,1.726849568555753,1.7913079802082899,0.4762088276551712,2.589007112047796,2.671883568127342,0.6851737505733801,1.2210670400148367,1.2666460199988596,1.830704485469196,0.7894865528420485,0.5409354624380354,0.9640160082103573,1.4453165735055515,0.4760751641323139,True,True,true,
6,134,2904405489,gaussian,identified_unknot,false,0_1,0_1,1,"{""2"": ""1"", ""3"": ""1"", ""4"": ""1""}",0,0,"1+c,2+a,2-a,1-c",----,2,0,1.2836485685342367,1.7948324208110422,1.8514100616654203,2.6512620596140772,2.065411144922228,0.7894631277868962,1.5708002436553992,1.6660968459553085,0.5553965201856819,2.6512620596140772,3.358310181054771,0.5582347311548562,1.1107235041782137,1.1781083778885173,1.8747253810557265,0.8488183419867239,0.4738398789382696,0.9428024832222358,1.591301289628151,0.2676728234115484,True,True,true,
6,135,208079615,gaussian,identified_unknot,false,0_1,0_1,1,"{""2"": ""1"", ""3"": ""1"", ""4"": ""1""}",0,0,"1+c,2+a,2-a,1-c",----,2,0,0.7669842426043981,1.7623679942470003,1.8646183795995213,2.713896404793865,3.5383991665571446,0.7669842426043981,1.7335699401468618,1.8077172876841643,0.5124227305764223,2.713896404793865,3.5383991665571446,0.5423397590087979,1.2258190603390033,1.2782491525896253,1.9190145512675334,0.7823200961831924,0.42428329243173224,0.9589828851875999,1.5012836483245626,0.02664058321420041,True,True,true,
6,136,2493306360,gaussian,identified_unknot,false,0_1,0_1,1,"{""2"": ""1"", ""3"": ""1"", ""4"": ""1""}",0,0,"1-a,2-a,2+a,1+a",----,2,0,0.6767314517638843,1.4426167056518702,1.536426076427058,2.0208934415896627,2.9862561231966573,0.4791743181426327,1.3961101248807621,1.4675957359552094,0.45245305104434375,2.0208934415896627,4.217449402177928,0.3388274097290957,0.9871989365863846,1.0377468969343904,1.4289874566034704,0.9636261047410515,0.3265029370167487,0.951290665867246,1.3770096165306245,0.18783857048760605,True,True,true,
6,137,1692117368,gaussian,identified_unknot,false,0_1,0_1,1,"{""2"": ""1"", ""3"": ""1"", ""4"": ""1""}",0,0,"1-c,1+c",----,1,0,0.9396757467935645,1.6197933052737907,1.694424594620115,2.3882699553111406,2.541589440251686,0.6950564459499069,1.6929563100895038,1.8383132060900962,0.7164456544730944,3.242385583251568,4.664924125436063,0.4914791262386002,1.1971008871168436,1.2998837339710902,2.292712833138683,0.7692995718509701,0.378094681389044,0.9209291999214043,1.763783000910813,0.3013364587251805,True,True,true,
6,138,1255701591,gaussian,identified_unknot,false,0_1,0_1,1,"{""2"": ""1"", ""3"": ""1"", ""4"": ""1""}",0,0,"1-a,1+a",----,1,0,0.7763937177643312,1.2843050337934054,1.3448331687337807,2.081431096069197,2.6808963653940854,0.529076898718782,1.198829568906688,1.2619276147805978,0.3940418374498499,2.081431096069197,3.934080473197018,0.374113862853199,0.8477005176608644,0.892317573777926,1.4717940426030773,1.1206772447237192,0.41926089303527037,0.9499986804830478,1.6494060924652008,0.05126652274814799,True,True,true,
6,139,316284350,gaussian,identified_unknot,false,0_1,0_1,1,"{""2"": ""1"", ""3"": ""1"", ""4"": ""1""}",0,0,"1-a,2-c,3+c,3-c,2+c,1+a",----,3,0,0.4388973902752244,1.5100298610322807,1.5970559663032406,2.001165491264192,4.5595292558228655,0.4388973902752244,1.389925026187011,1.4868058576515355,0.5279205242514773,2.266914622244217,5.165021876349451,0.3103473209086898,0.9828254113577252,1.0513305042532815,1.6029507017598263,0.9511756730679669,0.2951948218501634,0.9348396221564858,1.5246877126411729,0.03289141423682597,True,True,true,
6,140,1427269364,gaussian,identified_unknot,false,0_1,0_1,1,"{""2"": ""1"", ""3"": ""1"", ""4"": ""1""}",0,0,"1+a,2+c,2-c,1-a",----,2,0,0.9744573890604754,1.4779560407813808,1.5548034666106574,2.2203543152918552,2.2785545476058355,0.6233472006206933,1.3864067799081192,1.477446780988337,0.5106126039157254,2.4311886235004843,3.9002158365027495,0.44077303259254347,0.9803376355560364,1.044712637679089,1.7191099620207804,0.9572010177091171,0.42190839537631647,0.9383801824527874,1.6455338052001727,0.05871293593393407,True,True,true,
6,141,3390573067,gaussian,identified_unknot,false,0_1,0_1,1,"{""2"": ""1"", ""3"": ""1"", ""4"": ""1""}",0,0,"1+a,2+c,3+a,4-a,5-c,1-a,6-a,6+a,2-c,3-a,4+a,5+c",----,6,0,0.3215589529243547,0.9255673336188265,1.0458119256281908,1.6248435286560081,5.0530190930129235,0.3215589529243547,0.9973921207800578,1.0885434690971596,0.4360456874227026,1.6593691339229995,5.160388534768487,0.22737651616405702,0.7052627321056109,0.7697164686149305,1.1733511670886012,1.2991796859945768,0.2954029508725604,0.916263014840645,1.5243940008195391,0.08379309486796001,True,True,true,
6,142,716626948,gaussian,identified_unknot,false,0_1,0_1,1,"{""2"": ""1"", ""3"": ""1"", ""4"": ""1""}",0,0,"1+a,2+c,2-c,1-a",----,2,0,0.3707594307123686,1.0718742228995408,1.1752070536720014,1.715803914398403,4.627809226866319,0.3707594307123686,1.0951467037564666,1.1540094752954018,0.3638565188682412,1.715803914398403,4.627809226866319,0.26216650764557975,0.7743856606202926,0.8160079255349081,1.2132565830575333,1.2254782934179,0.3212793643808359,0.9489928178242489,1.4868196068833783,0.18076241317966724,True,True,true,
6,143,696023607,gaussian,identified_unknot,false,0_1,0_1,1,"{""2"": ""1"", ""3"": ""1"", ""4"": ""1""}",0,0,----,----,0,0,1.0887802016020178,1.714730593780498,1.7687015990334327,2.3006032829025087,2.113009843049524,1.0699570149521613,2.006286008478838,2.132807196454049,0.7236594429897475,3.5614455907499685,3.3285875422847746,0.7565738608507895,1.4186584415950774,1.508122431576127,2.5183223280462324,0.6630761396174631,0.5016660749884212,0.9406785628885903,1.6698394475933582,0.858490960241319,True,True,true,
6,144,3590219306,gaussian,identified_unknot,false,0_1,0_1,1,"{""2"": ""1"", ""3"": ""1"", ""4"": ""1""}",0,0,"1-c,1+c",----,1,0,0.9213076033261025,1.314842939405091,1.3612698668967205,1.7903901879918553,1.9433142432865993,0.4813510109155199,1.3588168256374007,1.4611237972820854,0.5371215740860896,2.6147592855863584,5.432125883797645,0.340366563949364,0.9608285917985845,1.033170545211201,1.8489140220086062,0.967894414562099,0.3294388961502829,0.9299806273534171,1.789553554907676,0.1406206847646132,True,True,true,
6,145,1957528083,gaussian,identified_unknot,false,0_1,0_1,1,"{""2"": ""1"", ""3"": ""1"", ""4"": ""1""}",0,0,"1+c,2+a,3+c,4+a,5+c,3-c,2-a,1-c,4-a,5-c",----,5,0,0.7542177750636454,1.6109208835330326,1.6995164813343577,2.456266068337119,3.256706682801058,0.08337073980526535,1.564053364425593,1.706268975416165,0.6819757251520852,2.456266068337119,29.461968000696466,0.05895201546884235,1.1059527401229712,1.2065143630449928,1.7368423933195964,0.8288338959150116,0.048861428653082635,0.9166511182940045,1.439553847445434,0.042686090278159304,True,True,true,
6,146,400408355,gaussian,identified_unknot,false,0_1,0_1,1,"{""2"": ""1"", ""3"": ""1"", ""4"": ""1""}",0,0,"1+c,2-c,2+c,1-c",----,2,0,0.8899621974530817,1.350975341920016,1.4018439572812778,2.1070771069298133,2.367602930731108,0.7138317640365955,1.458931242016456,1.5187026641783583,0.4218736934803647,2.255792922968714,3.1601184433326335,0.5047552809766321,1.031620174514748,1.0738849524465932,1.5950864727838008,0.9311984470233392,0.47002733377226913,0.9606431044260796,1.485342046324211,0.029832643379307387,True,True,true,
6,147,1044536202,gaussian,identified_unknot,false,0_1,0_1,1,"{""2"": ""1"", ""3"": ""1"", ""4"": ""1""}",0,0,"1+a,1-a",----,1,0,1.2796474033415082,1.6470579595667638,1.673136666701999,2.195945294619322,1.7160549764607893,0.24507069046648397,1.453567914089905,1.577818876366629,0.6137203970434536,2.682286888326507,10.944951773795808,0.17329114709892018,1.0278277289681566,1.115686426962982,1.8966632478234366,0.8963091921106426,0.1553224480561597,0.9212514413803653,1.699996703362572,0.10518351544596378,True,True,true,
6,148,1907452739,gaussian,identified_unknot,false,0_1,0_1,1,"{""2"": ""1"", ""3"": ""1"", ""4"": ""1""}",0,0,"1+c,2-c,3-a,1-c,2+c,3+a",----,3,0,0.7409576512084864,1.176699460427854,1.2247275091631475,1.6796615736559382,2.266879316134256,0.3794133846681374,1.048368044791856,1.1043926808089983,0.34728610119581044,1.6796615736559382,4.426996098530084,0.26828577717178,0.7413081536516035,0.780923553692833,1.1877000888305815,1.2805350732106848,0.3435493473120508,0.9492710908079336,1.5208916202030054,0.005048119406970805,True,True,true,
6,149,3290277224,gaussian,identified_unknot,false,0_1,0_1,1,"{""2"": ""1"", ""3"": ""1"", ""4"": ""1""}",0,0,"1-c,1+c",----,1,0,0.7120157880630451,1.5248383469724232,1.628374569125747,2.4968675561418294,3.5067586955259276,0.6433611580850186,1.4947097784592054,1.5804900657255816,0.5136063921289206,2.4968675561418294,3.8809734233471933,0.45492503763394704,1.0569194202543462,1.1175752430725308,1.7655519806725701,0.8947943381876613,0.40706434797466456,0.9457255131641742,1.579805916081827,0.1911999836573359,True,True,true,
6,150,2163691810,gaussian,identified_unknot,false,0_1,0_1,1,"{""2"": ""1"", ""3"": ""1"", ""4"": ""1""}",0,0,"1-c,2-a,3-c,3+c,2+a,1+c",----,3,0,0.7196574948377463,0.9776076786318423,1.017897637932371,1.3707067024834911,1.9046653613918523,0.7196574948377463,1.1388109676596696,1.1973880127339394,0.36992922698399866,1.9146764130487672,2.660538418321412,0.5088746947314932,0.8052609577217664,0.8466811835156526,1.3538806754447184,1.181082111507103,0.6010227989460045,0.9510793122602562,1.5990442468829107,0.5130782045901575,True,True,true,
6,151,1342691358,gaussian,identified_unknot,false,0_1,0_1,1,"{""2"": ""1"", ""3"": ""1"", ""4"": ""1""}",0,0,"1+a,2+c,3+a,3-a,2-c,1-a",----,3,0,0.37349299916794915,1.2581784134710157,1.4646466619961493,2.8083910130739826,7.519260118209416,0.37349299916794915,1.4513209888710543,1.5678592606298265,0.5931694938253748,2.8083910130739826,7.519260118209416,0.2640994324373584,1.0262389129090883,1.1086439151374767,1.985832329567971,0.9020028760776588,0.2382184476289746,0.9256704509868077,1.7912264726783071,0.32226233159214474,True,True,true,
6,152,1316771497,gaussian,identified_unknot,false,0_1,0_1,1,"{""2"": ""1"", ""3"": ""1"", ""4"": ""1""}",0,0,"1+c,2+a,3+c,4+a,5+c,1-c,6+c,7+a,2-a,5-c,4-a,3-c,7-a,6-c",----,7,0,1.0336768103273584,1.4133959665960498,1.4416962449595228,1.8787142473565337,1.8175064281083735,0.22321309156581276,1.246421381027988,1.322279980048207,0.4414273287332463,1.8787142473565337,8.416684855612997,0.15783549069579994,0.8813530107407919,0.9349931405192998,1.3284515842175857,1.0695265629912483,0.16880924988191606,0.9426304563595879,1.4208142569685132,0.02021748072768537,True,True,true,
6,153,45312813,gaussian,identified_unknot,false,0_1,0_1,1,"{""2"": ""1"", ""3"": ""1"", ""4"": ""1""}",0,0,"1-a,2+a,3+c,1+a,2-a,3-c",----,3,0,0.5612733655671214,1.4777658254458619,1.5460603049233477,1.9107201511006175,3.404259436344337,0.4376671936255087,1.3062366765772744,1.377442995765059,0.43714408533866356,1.9107201511006175,4.365691966246689,0.30947744051548287,0.9236488118423697,0.9739992830033859,1.3510831757930313,1.0266948009617,0.31773887919218013,0.9483054330330127,1.387150072253528,0.08597258877554481,True,True,true,
6,154,2953587286,gaussian,identified_unknot,false,0_1,0_1,1,"{""2"": ""1"", ""3"": ""1"", ""4"": ""1""}",0,0,"1-a,2-c,3+c,3-c,2+c,1+a",----,3,0,0.722135645569136,1.362515057627718,1.4627560610281003,2.432126895349753,3.3679640525609607,0.5945675995996402,1.2586471213133938,1.3509720150357007,0.490849069897386,2.432126895349753,4.09058094821759,0.42042278155071355,0.8899979146016278,0.9552814730249983,1.7197734204079946,1.0468118855413324,0.4401035646796342,0.9316603951119836,1.8002792569211594,0.07977300446202729,True,True,true,
6,155,3910128184,gaussian,identified_unknot,false,0_1,0_1,1,"{""2"": ""1"", ""3"": ""1"", ""4"": ""1""}",0,0,"1-c,2-a,2+a,1+c",----,2,0,0.6450771754485858,1.3859691597521024,1.511276552299386,2.2946739662878937,3.5572084296614284,0.35806366240511467,1.4070372317985707,1.5300932676607846,0.6011918463131993,2.2946739662878937,6.4085641946310945,0.2531892437831472,0.9949255679867174,1.0819393254108238,1.6225795221744006,0.9242662472041021,0.23401427218389403,0.9195761209704928,1.4996954857503586,0.22212236890633216,True,True,true,
6,156,24861438,gaussian,identified_unknot,false,0_1,0_1,1,"{""2"": ""1"", ""3"": ""1"", ""4"": ""1""}",0,0,----,----,0,0,0.34030067650547824,1.1938442643968812,1.3369481369368215,1.9802831597083543,5.819216053414091,0.34030067650547824,1.258430593503528,1.36391304483529,0.5259384329046797,1.9802831597083543,5.819216053414091,0.2406289159993933,0.8898448063189562,0.9644321629518252,1.4002716508993,1.0368795633477348,0.2495032053502897,0.9226618942232492,1.4519130579526782,0.150173814756194,True,True,true,
6,157,3118524124,gaussian,identified_unknot,false,0_1,0_1,1,"{""2"": ""1"", ""3"": ""1"", ""4"": ""1""}",0,0,----,----,0,0,0.907842838409265,1.7474133408644021,1.8242755024235502,2.402582536658735,2.64647407569858,0.6157443809511605,1.6369599799906287,1.7438652668457306,0.6011888994484271,2.9612708086730852,4.8092534829123625,0.4353970272480783,1.1575055023823686,1.2330989556623042,2.09393466974251,0.8109649233000076,0.3530917168072892,0.9386963609588547,1.698107568842961,0.3175851756519534,True,True,true,
6,158,1507435812,gaussian,identified_unknot,false,0_1,0_1,1,"{""2"": ""1"", ""3"": ""1"", ""4"": ""1""}",0,0,"1-a,2-c,2+c,1+a",----,2,0,0.45813825959917925,1.275863901189019,1.4112450643597585,2.223048465754107,4.852352797819224,0.2871865309450358,1.4304749544598145,1.5388584414125461,0.567297723748159,2.223048465754107,7.740782474856291,0.20307154349667508,1.0114985406160526,1.0881372392089728,1.5719326450410795,0.9190017251196692,0.18662309879615832,0.9295689037821798,1.4446088125646765,0.07786622572921124,True,True,true,
6,159,814886853,gaussian,identified_unknot,false,0_1,0_1,1,"{""2"": ""1"", ""3"": ""1"", ""4"": ""1""}",0,0,"1+c,2+a,3+c,1-c,2-a,3-c",----,3,0,0.5504489522233043,1.5014894086476402,1.5800736635898571,2.1757267451516356,3.9526403608612815,0.5504489522233043,1.496239111119012,1.5742297386474573,0.48935446498405477,2.4688914066682424,4.485232275756374,0.38922618681412835,1.0580008217487855,1.1131485233431435,1.7457698556683083,0.8983527166677435,0.34966240232269885,0.9504579124547268,1.5683170925162793,0.07549573609110191,True,True,true,
6,160,3372636001,gaussian,identified_unknot,false,0_1,0_1,1,"{""2"": ""1"", ""3"": ""1"", ""4"": ""1""}",0,0,"1+a,1-a,2+a,2-a",----,2,0,0.40573148234187384,0.9044154123660638,0.9807708226940918,1.4776454839005215,3.641929572168228,0.40573148234187384,0.9661401124982718,1.0156996492321897,0.3133992030497529,1.4776454839005215,3.641929572168228,0.28689548250480895,0.6831642251238619,0.718208109620879,1.044853141855736,1.3923540915290844,0.3994600989067816,0.9512065040375055,1.454805547109853,0.07259226228609711,True,True,true,
6,161,465365099,gaussian,identified_unknot,false,0_1,0_1,1,"{""2"": ""1"", ""3"": ""1"", ""4"": ""1""}",0,0,----,----,0,0,0.9120207438859129,1.076278032931201,1.0973232891690272,1.4800116811018078,1.6227829147786865,0.5435925932615517,1.1932360157653816,1.2517951795469133,0.3783899869410486,1.895411272997262,3.4868232137321957,0.384378008898024,0.8437452783037194,0.8851528601142542,1.3402581642737903,1.1297483689663743,0.43425042861908514,0.9532198519867067,1.5141544750821818,0.35993595155259445,True,True,true,
6,162,2437231158,gaussian,identified_unknot,false,0_1,0_1,1,"{""2"": ""1"", ""3"": ""1"", ""4"": ""1""}",0,0,"1-c,2+c,3-c,4-a,5-c,6-a,2-c,1+c,7+a,5+c,4+a,3+c,6+a,7-a",----,7,0,1.1662990444130534,1.5864284712459427,1.612375517896736,2.011152763818753,1.7243885892325987,0.4830801843788306,1.357314525099868,1.4092128947639888,0.3789172241031295,2.011152763818753,4.1631862139093885,0.3415892742311188,0.9597663049011149,0.996463994023141,1.4220997572983074,1.0035485536838944,0.34280142210857045,0.9631720871580495,1.4271461546309336,0.0016490322436222458,True,True,true,
6,163,4131833986,gaussian,identified_unknot,false,0_1,0_1,1,"{""2"": ""1"", ""3"": ""1"", ""4"": ""1""}",0,0,"1-c,2+c,2-c,1+c",----,2,0,0.8770124479398304,1.428510599857299,1.4583612491088935,1.7003344804268357,1.9387803268027177,0.3095513004901697,1.3486301135242542,1.4224140079522054,0.45217079396419924,2.091342505781046,6.756044967245938,0.21888582370171364,0.9536254985853835,1.00579859067774,1.478802467621444,0.9942348391303344,0.217623911715984,0.9481276941766235,1.4702769335011479,0.03149633440160975,True,True,true,
6,164,2273019909,gaussian,identified_unknot,false,0_1,0_1,1,"{""2"": ""1"", ""3"": ""1"", ""4"": ""1""}",0,0,"1+a,2+c,3-c,1-a,2-c,3+c",----,3,0,1.0236149046808227,1.2736467610744544,1.308673286486722,1.8786976577874333,1.8353559030807949,0.7121040841223073,1.2098838906970335,1.2606837312209136,0.3542660598997509,1.8786976577874333,2.6382346340605425,0.5035336267935191,0.855517103560236,0.8914380152778668,1.3284398536207778,1.121782987556677,0.5648554561996827,0.9597045323376364,1.4902212277840707,0.2453190755801133,True,True,true,
6,165,1292947891,gaussian,identified_unknot,false,0_1,0_1,1,"{""2"": ""1"", ""3"": ""1"", ""4"": ""1""}",0,0,"1+c,1-c",----,1,0,0.6290006642543495,1.5707694028510906,1.7503775890209263,2.830889232473656,4.500614058698238,0.5407519259300909,1.6053194772806496,1.7506064971473236,0.6982639069276056,2.940159395336274,5.437168606064995,0.3823693537648529,1.1351322883559911,1.2378657253221008,2.0790066462116186,0.8078420619811517,0.30889404718379926,0.9170076084468872,1.6795090159481125,0.06986073285689742,True,True,true,
6,166,513725712,gaussian,identified_unknot,false,0_1,0_1,1,"{""2"": ""1"", ""3"": ""1"", ""4"": ""1""}",0,0,----,----,0,0,0.5459817439700468,1.0521213327369352,1.1117088256146856,1.7020554729928656,3.117421950075756,0.36630188572095257,1.0206726838310187,1.0911157353265035,0.3856952428515055,1.7020554729928656,4.646592167121644,0.2590145473547053,0.7217245761087863,0.7715353355087168,1.203534966908932,1.2961169164606616,0.33571313643583467,0.9354394321199984,1.5599220301625891,0.04465703917035578,True,True,true,
6,167,876646260,gaussian,identified_unknot,false,0_1,0_1,1,"{""2"": ""1"", ""3"": ""1"", ""4"": ""1""}",0,0,"1-c,2-a,2+a,1+c",----,2,0,0.6202085925349474,1.3468745481519082,1.4655449402446241,2.248982475881551,3.6261711026759524,0.6202085925349474,1.373596747074412,1.4485411709510305,0.4598950971327879,2.248982475881551,3.6261711026759524,0.43855370153162565,0.9712795744720996,1.0242732848073757,1.5902707594655556,0.9763019448350247,0.4281608317199251,0.948262137535646,1.5525844352804938,0.19699269543082007,True,True,true,
6,168,2580132886,gaussian,identified_unknot,false,0_1,0_1,1,"{""2"": ""1"", ""3"": ""1"", ""4"": ""1""}",0,0,"1+c,2+a,3+c,1-c,2-a,3-c",----,3,0,0.6050646308654958,1.1394882912541633,1.2285938407831054,1.9823355359536075,3.2762376692189683,0.5801630416651714,1.029348639999229,1.1005931467958232,0.38954672647279437,1.9823355359536075,3.4168593888089647,0.41023722095525617,0.7278594035486051,0.7782368774267678,1.4017229000598648,1.284955813590445,0.5271367020176444,0.9352671720662539,1.8011519894747816,0.20532702096614133,True,True,true,
6,169,4018094782,gaussian,identified_unknot,false,0_1,0_1,1,"{""2"": ""1"", ""3"": ""1"", ""4"": ""1""}",0,0,"1-a,2+a,3+c,4-c,2-a,1+a,5+c,3-c,4+c,5-c",----,5,0,0.4944769436204823,1.5100021337545826,1.6052346560466955,2.082692252496287,4.211909734854658,0.4944769436204823,1.3381677349540324,1.415150560510544,0.46038920712947046,2.1329390848831236,4.313525862836151,0.3496479999744411,0.9462274797510388,1.0006625577369492,1.5082156907786857,0.9993378809551466,0.3494164913746632,0.945600964515932,1.5072170724460745,0.04424163310528932,True,True,true,
6,170,3155033056,gaussian,identified_unknot,false,0_1,0_1,1,"{""2"": ""1"", ""3"": ""1"", ""4"": ""1""}",0,0,"1+c,2+a,2-a,1-c",----,2,0,1.1006444263489519,1.4505889921536743,1.5039361885988023,2.212301628491051,2.0100057525659567,0.5541490418246113,1.1700033819433366,1.2624728097296098,0.4742675210761642,2.212301628491051,3.9922502098113277,0.3918425452622104,0.8273173253833275,0.892703084823441,1.564333483536064,1.1201932837476194,0.4389393874893006,0.9267553114224474,1.7523558617986161,0.17061671608591336,True,True,true,
6,171,2917221176,gaussian,identified_unknot,false,0_1,0_1,1,"{""2"": ""1"", ""3"": ""1"", ""4"": ""1""}",0,0,----,----,0,0,0.5265044310939676,1.147653807781705,1.2162279085695933,1.6359919261927114,3.107270954573844,0.45578684752886756,1.2538606311127827,1.3389839637796255,0.4697995029844665,2.0907510292068605,4.587124531000078,0.32228997066330123,0.8866133549226928,0.9468046406886157,1.4783842305249244,1.0561840922882413,0.3403975401186227,0.9364269214796566,1.5614459065702175,0.1629901379413244,True,True,true,
6,172,1957856323,gaussian,identified_unknot,false,0_1,0_1,1,"{""2"": ""1"", ""3"": ""1"", ""4"": ""1""}",0,0,"1-a,2-c,2+c,1+a",----,2,0,0.3796132456030396,0.9740366360655147,1.0484658798149569,1.5606264542440687,4.111095891200833,0.3796132456030396,1.0421273327261902,1.1357905397284238,0.45165337651962806,2.1712678664195377,5.719684156358511,0.2684271001941436,0.7368953038305385,0.8031251926494972,1.535318232117702,1.2451358880936307,0.33422821578863304,0.9175347885670633,1.9116798304542177,0.07174872094652698,True,True,true,
6,173,1940927090,gaussian,identified_unknot,false,0_1,0_1,1,"{""2"": ""1"", ""3"": ""1"", ""4"": ""1""}",0,0,"1+c,1-c",----,1,0,0.3847963055875419,0.9845595177756582,1.1007504228568377,1.8299875550318405,4.755730573446254,0.3847963055875419,1.2616197023029725,1.3381833896587922,0.4461507717349081,1.8851729628770795,4.899145172401347,0.27209207705648186,0.8920998467769852,0.946238549298932,1.3330185857599184,1.0568159590844188,0.28755124937371745,0.9427853551706827,1.4087553151872239,0.27809648517949015,True,True,true,
6,174,1629713794,gaussian,identified_unknot,false,0_1,0_1,1,"{""2"": ""1"", ""3"": ""1"", ""4"": ""1""}",0,0,"1+a,1-a",----,1,0,0.25977682191614965,1.1610139906314443,1.2558722136978453,1.6300310640229947,6.274736337136088,0.25977682191614965,1.285217655803549,1.365745956722398,0.46203635735124604,1.983634702138163,7.635918737886621,0.18368995237199953,0.9087861197193676,0.9657282273765166,1.4026415492788524,1.0354880096200414,0.190208743168882,0.9410371302785286,1.45241850607313,0.18571970098672733,True,True,true,
6,175,2128285376,gaussian,identified_unknot,false,0_1,0_1,1,"{""2"": ""1"", ""3"": ""1"", ""4"": ""1""}",0,0,"1-c,2-a,3-c,1+c,2+a,3+c",----,3,0,0.7483724880341663,1.3443131134053756,1.4159546026296594,1.8346201744551418,2.451479983282581,0.49093347435525275,1.250387505221242,1.336638637231831,0.4723705466342761,2.295172286001528,4.675118739898105,0.34714238882807125,0.8841574840528699,0.9451462443825733,1.6229318874231102,1.0580373206193718,0.36728960294906066,0.9354716154328635,1.7171225057168877,0.10455193871700211,True,True,true,
6,176,3597902925,gaussian,identified_unknot,false,0_1,0_1,1,"{""2"": ""1"", ""3"": ""1"", ""4"": ""1""}",0,0,"1-c,1+c,2-c,2+c",----,2,0,0.6025865417223838,1.2390429680083483,1.3166098732528495,1.926131994884701,3.196440447174947,0.6025865417223838,1.5214876303695735,1.6697811253664723,0.6879276104812941,2.926964096682566,4.85733399938932,0.426093029903648,1.0758542209257766,1.180713556843937,2.0696761610537995,0.8469454714088429,0.3608775620757674,0.9111898603091751,1.7529028518873548,0.13019563725528785,True,True,true,
6,177,3051594621,gaussian,identified_unknot,false,0_1,0_1,1,"{""2"": ""1"", ""3"": ""1"", ""4"": ""1""}",0,0,"1+a,1-a",----,1,0,1.2595519474234942,1.5536102734641564,1.5770778554357017,2.0520025398547537,1.629152766626478,1.092460226109302,1.7424181462650163,1.8074981619100479,0.480654354889859,2.8757326996695,2.632345444658577,0.7724860340584764,1.2320756868864866,1.278094207268815,2.0334500928162003,0.7824149380482054,0.6044046124809667,0.9639944222259904,1.591001728394905,0.5728189409368798,True,True,true,
6,178,2160127706,gaussian,identified_unknot,false,0_1,0_1,1,"{""2"": ""1"", ""3"": ""1"", ""4"": ""1""}",0,0,----,----,0,0,0.9211884878044252,1.240839790050144,1.2639763129625576,1.6664631018444007,1.8090359615937825,0.13542519209464665,1.2438797108855948,1.320509826766387,0.44329388382174023,2.0522334067853123,15.154000338068835,0.09576007167361547,0.8795557785475662,0.9337414531299854,1.4511481585154646,1.070960271334115,0.10255523234254953,0.9419692952467905,1.5541220255897235,0.07638421426572035,True,True,true,
6,179,4114820435,gaussian,identified_unknot,false,0_1,0_1,1,"{""2"": ""1"", ""3"": ""1"", ""4"": ""1""}",0,0,"1-c,2-a,3+a,1+c,2+a,3-a",----,3,0,0.6586242276654467,1.1949143204047636,1.2778598456696066,1.8866153867406266,2.864479178708481,0.5796310951266546,1.146998314261606,1.204884516092612,0.36897366328880765,1.8866153867406266,3.2548553771574045,0.4098610779506422,0.8110502860239203,0.8519820118757577,1.3340385334551779,1.1737337010183582,0.4810677599263811,0.9519570539268539,1.565805985173449,0.005204391597209016,True,True,true,
6,180,3111273418,gaussian,identified_unknot,false,0_1,0_1,1,"{""2"": ""1"", ""3"": ""1"", ""4"": ""1""}",0,0,"1-a,1+a",----,1,0,0.5252996112385203,1.5103290321234093,1.631945949481937,2.261298847130471,4.304779213140696,0.5252996112385203,1.6956725807841064,1.8114292294488867,0.6371580275557672,2.9761971962269596,5.6657136852050165,0.3714429172614148,1.1990215805445354,1.2808738917828302,2.104489219600473,0.7807169826907113,0.28999179360616734,0.9360965105437773,1.643010473631611,0.20624032441317738,True,True,true,
6,181,2076946377,gaussian,identified_unknot,false,0_1,0_1,1,"{""2"": ""1"", ""3"": ""1"", ""4"": ""1""}",0,0,"1+a,2+c,3-c,1-a,2-c,3+c",----,3,0,0.38907760909023953,1.3984054680999025,1.5272666829584283,2.3249444384495246,5.975528748328192,0.38907760909023953,1.4226091631022695,1.5314468508506445,0.5670208338657551,2.3249444384495246,5.975528748328192,0.27511941579555704,1.0059365862077339,1.0828964532632739,1.6439839783096084,0.9234493260981066,0.25405883911291194,0.9289314626309618,1.518135896886092,0.05102538154290467,True,True,true,
6,182,1565930160,gaussian,identified_unknot,false,0_1,0_1,1,"{""2"": ""1"", ""3"": ""1"", ""4"": ""1""}",0,0,"1+c,2+a,2-a,1-c",----,2,0,0.5417284060023185,1.8800247699262431,2.0419719477625606,2.773799276712136,5.120276592437475,0.33356108582313737,1.7503644326595544,1.934424312367794,0.8235422109157547,3.2326305684893875,9.69127007280283,0.2358633057254884,1.237694559881315,1.3678445489673914,2.28581499604977,0.7310772271271007,0.17243429153082163,0.9048503068683289,1.6711072890376102,0.31976761676384463,True,True,true,
6,183,3396605330,gaussian,identified_unknot,false,0_1,0_1,1,"{""2"": ""1"", ""3"": ""1"", ""4"": ""1""}",0,0,"1-c,2-a,2+a,1+c",----,2,0,0.48950169230377816,1.0028178696509327,1.103301511209751,1.6164460955600108,3.3022277981357133,0.48950169230377816,1.0432733460713115,1.1121991751073068,0.385444847528856,1.6164460955600108,3.3022277981357133,0.34612996603029234,0.7377056576382041,0.786443578748461,1.1429999955930017,1.2715470340432948,0.44012053169932464,0.9380274409668167,1.4533782543077802,0.030097604597459204,True,True,true,
6,184,4194134683,gaussian,identified_unknot,false,0_1,0_1,1,"{""2"": ""1"", ""3"": ""1"", ""4"": ""1""}",0,0,"1-c,2-a,2+a,1+c",----,2,0,0.24777059304692833,1.0918415709648341,1.2580629800056402,1.9022188456299876,7.677339034619426,0.24777059304692833,1.3251736241390448,1.46708935948759,0.6294966676702085,2.5842730600532033,10.430104025959755,0.17520026652209544,0.9370392558782716,1.0373888347003033,1.82735700520133,0.9639587072371906,0.16888582242425038,0.9032671497269178,1.761496696394698,0.22199296148024847,True,True,true,
6,185,13384019,gaussian,identified_unknot,false,0_1,0_1,1,"{""2"": ""1"", ""3"": ""1"", ""4"": ""1""}",0,0,"1+c,2+a,3-a,4+a,5+c,1-c,2-a,3+a,4-a,5-c",----,5,0,0.28946336725636784,1.2497323799980677,1.3383044009748302,1.8282848894361776,6.31611836331928,0.28946336725636784,1.0652042526324403,1.1591173801992718,0.45704813888012724,1.8282848894361776,6.31611836331928,0.20468150989206974,0.7532131503851468,0.8196197597300906,1.2927926432612185,1.2200779545984963,0.24972739793324833,0.9189787598985996,1.577307803910131,0.02357745804603918,True,True,true,
6,186,2500891596,gaussian,identified_unknot,false,0_1,0_1,1,"{""2"": ""1"", ""3"": ""1"", ""4"": ""1""}",0,0,"1-a,2-c,3+c,4-c,5-a,1+a,6+c,7+a,2+c,5+a,4+c,3-c,7-a,6-c",----,7,0,0.963135734975109,1.4705713862824037,1.5005746654687733,1.9031897036361785,1.9760347732143528,0.6471599531385323,1.2322275358323747,1.2844337711335292,0.36247125729466223,1.9031897036361785,2.9408335519005426,0.4576111913766244,0.8713164465518616,0.9082318295535284,1.3457583453255573,1.1010404694708655,0.5038484409884406,0.9593546693691478,1.4817344003315869,0.04964950089452153,True,True,true,
6,187,2752116192,gaussian,identified_unknot,false,0_1,0_1,1,"{""2"": ""1"", ""3"": ""1"", ""4"": ""1""}",0,0,"1+c,2-c,3+a,4+c,2+c,1-c,4-c,3-a",----,4,0,0.8703727749156445,1.1972069015577549,1.217491727288866,1.5343183360399346,1.7628289627839508,0.6658643238690017,1.2795635868931612,1.3226960007417208,0.3350249803749715,1.9940775248990965,2.994720475955999,0.4708371787579666,0.9047880892515363,0.9352873115727974,1.4100257400678375,1.0691901703642066,0.5034144833700327,0.9673905312903551,1.5075856612410476,0.5605360255766759,True,True,true,
6,188,494218904,gaussian,identified_unknot,false,0_1,0_1,1,"{""2"": ""1"", ""3"": ""1"", ""4"": ""1""}",0,0,"1+a,2+c,2-c,1-a",----,2,0,0.3049389485354894,1.0894308727026762,1.2794296187575491,2.401042365568965,7.873846148877656,0.3049389485354894,1.1221949060336187,1.2664476190175031,0.5869992884044246,2.401042365568965,7.873846148877656,0.21562439835734018,0.7935116278693722,0.8955136994248336,1.6977933386100046,1.116677501016763,0.2407829143159177,0.8860965816369143,1.8958876226019272,0.1989099608545181,True,True,true,
6,189,1227758331,gaussian,identified_unknot,false,0_1,0_1,1,"{""2"": ""1"", ""3"": ""1"", ""4"": ""1""}",0,0,"1+a,1-a",----,1,0,0.7401327873772809,1.228962051246848,1.303806508806814,1.903466907386223,2.571791089179157,0.5456805224553054,1.240539419996204,1.3389278218171115,0.5037754057825725,2.061187560760771,3.7772789680789733,0.38585439778956454,0.8771938362085424,0.9467649423262129,1.4574797015113001,1.0562283786543554,0.40755036497392444,0.9265170233841429,1.5394314220489143,0.061254100699083366,True,True,true,
6,190,4103874783,gaussian,identified_unknot,false,0_1,0_1,1,"{""2"": ""1"", ""3"": ""1"", ""4"": ""1""}",0,0,"1-a,1+a",----,1,0,0.6828838613238428,1.3079733745095592,1.420015281561892,2.445196049703816,3.580690931783838,0.6828838613238428,1.560776044887998,1.6588603585304627,0.5619571396535448,2.5633237106773152,3.7536744618741467,0.48287180910494315,1.1036353252538225,1.1729914085584376,1.8125435781961934,0.8525211631592106,0.41165843635493843,0.9408724711889824,1.5452317595605762,0.1605192032421842,True,True,true,
6,191,3338800775,gaussian,identified_unknot,false,0_1,0_1,1,"{""2"": ""1"", ""3"": ""1"", ""4"": ""1""}",0,0,"1-a,1+a",----,1,0,0.7070494112656779,1.4273461142911625,1.4936259355737853,1.8784562254137842,2.6567538215627526,0.49134204137429527,1.3087063192686312,1.3932175431262435,0.4778523750920124,2.0608606828860405,4.194350390049597,0.34743128933780537,0.925395112936536,0.9851535724126279,1.4572485639494583,1.0150701657113352,0.3526671364414289,0.9393409706369494,1.4792095412907817,0.08385387043430706,True,True,true,
6,192,2429911854,gaussian,identified_unknot,false,0_1,0_1,1,"{""2"": ""1"", ""3"": ""1"", ""4"": ""1""}",0,0,----,----,0,0,0.8917446636996287,1.17274278811401,1.2160930287556457,1.860612831541613,2.086486084281558,0.479908494677879,1.2931255288692882,1.3753426008209788,0.4683947440135699,2.2362876329262775,4.65982089862215,0.3393465509357564,0.9143778303889143,0.9725140794952569,1.5812941499257835,1.0282627481537423,0.34893741704169473,0.9402206607265614,1.625985868242122,0.2756905246445518,True,True,true,
6,193,701944473,gaussian,identified_unknot,false,0_1,0_1,1,"{""2"": ""1"", ""3"": ""1"", ""4"": ""1""}",0,0,----,----,0,0,0.27169372695137095,1.2462729197818296,1.4378861748273226,2.5015796505469168,9.207351522674873,0.27169372695137095,1.1854291593943425,1.3574570312771825,0.6613979889759908,2.5015796505469168,9.207351522674873,0.19211647673316062,0.8382249972240082,0.9598670719854551,1.7688839345799985,1.0418109227682237,0.20014904390435406,0.8732719578453357,1.8428426041546746,0.06246241163289145,True,True,true,
6,194,3604347312,gaussian,identified_unknot,false,0_1,0_1,1,"{""2"": ""1"", ""3"": ""1"", ""4"": ""1""}",0,0,"1-a,2-c,2+c,1+a",----,2,0,0.5341105846351379,1.3649148840749394,1.4368251882765617,2.0591080523372765,3.85520922365524,0.3373170460824374,1.2941963794849054,1.4407468855051333,0.6330934523598436,2.4152003696050044,7.160030593339034,0.2385191706947066,0.915135036120855,1.018761892714078,1.7078045592719544,0.9815836331843012,0.2341265141546166,0.8982815736097555,1.6763530040588792,0.12046599015299596,True,True,true,
6,195,1478412834,gaussian,identified_unknot,false,0_1,0_1,1,"{""2"": ""1"", ""3"": ""1"", ""4"": ""1""}",0,0,"1-c,1+c,2+a,2-a",----,2,0,0.6486204266269919,1.062582441176957,1.1072526107798986,1.48011114799649,2.281937304524131,0.518247269401687,1.046452832086495,1.0806762919153479,0.26981052263775845,1.48011114799649,2.8559941081894524,0.3664561585253444,0.7399538937602281,0.7641535342808754,1.0465966296581235,1.308637538320193,0.4795582851948811,0.9683314420008265,1.3696156370500177,0.3513090839657777,True,True,true,
6,196,1352126329,gaussian,identified_unknot,false,0_1,0_1,1,"{""2"": ""1"", ""3"": ""1"", ""4"": ""1""}",0,0,"1-a,2-c,3+c,4-c,5-a,3-c,2+c,1+a,4+c,5+a",----,5,0,0.8285243691800231,1.3785724792418772,1.4295824214177109,1.9306675179491675,2.3302483182961984,0.4483143554196251,1.130736339066486,1.1992586547401414,0.39957058510813204,1.9306675179491675,4.3065038953348935,0.31700612082049295,0.7995513330879634,0.8480039271634104,1.3651880941584567,1.1792398218543862,0.3738262414431081,0.9428627715940867,1.6098841649531475,0.03343870207233911,True,True,true,
6,197,48090574,gaussian,identified_unknot,false,0_1,0_1,1,"{""2"": ""1"", ""3"": ""1"", ""4"": ""1""}",0,0,----,----,0,0,0.4147645679677251,1.0987734279485046,1.196167215766061,1.7473938183174866,4.212977561895934,0.4147645679677251,1.0823057741927224,1.1846106541731676,0.4815772140889468,2.191790263388982,5.284420205246501,0.2932828386058871,0.7653057522490303,0.8376462266316789,1.549829758180998,1.1938214107657046,0.3501273321378506,0.9136383928170463,1.85021994835831,0.22260670691506337,True,True,true,
6,198,3439305972,gaussian,identified_unknot,false,0_1,0_1,1,"{""2"": ""1"", ""3"": ""1"", ""4"": ""1""}",0,0,"1+c,1-c",----,1,0,0.2586306481481378,1.1600391334990579,1.2515900582334503,1.8243409534336152,7.053846736635304,0.2586306481481378,1.164859961895633,1.285637836406701,0.5440274952362306,2.2879812999683304,8.84652038090175,0.18287948512822022,0.8236803781891054,0.9090832322731794,1.6178470924356187,1.100009289027894,0.20116913241368087,0.9060560671980247,1.7796468299059507,0.17143342188188662,True,True,true,
6,199,12325831,gaussian,identified_unknot,false,0_1,0_1,1,"{""2"": ""1"", ""3"": ""1"", ""4"": ""1""}",0,0,"1+c,2+a,2-a,1-c,3-a,3+a",----,3,0,0.6092033032269983,1.5473947878833538,1.6529375147193996,2.2336266562709697,3.6664716761043015,0.6092033032269983,1.5709098479745178,1.6869618287102492,0.6148841037643652,2.662557428096745,4.370556452982061,0.43077178683305506,1.11080100613551,1.1928621486838762,1.8827124127058215,0.8383198352830062,0.361124533382453,0.9312065164957184,1.5783151597048155,0.42449504851581793,True,True,true,
6,200,4126954750,gaussian,identified_unknot,false,0_1,0_1,1,"{""2"": ""1"", ""3"": ""1"", ""4"": ""1""}",0,0,"1-c,1+c",----,1,0,0.7268479242291312,1.0816881831898761,1.1294822766332122,1.5660810284443887,2.1546199366329866,0.6888692214926717,1.1937632427501639,1.2515892802157687,0.37603862382691294,1.9112657214821007,2.7744971931547284,0.48710409786816594,0.8441180840798835,0.88500726730096,1.3514689523093926,1.1299342242123476,0.5503955909353215,0.9537979124784165,1.5270710221747879,0.2773777161906584,True,True,true,
6,201,3228034798,gaussian,identified_unknot,false,0_1,0_1,1,"{""2"": ""1"", ""3"": ""1"", ""4"": ""1""}",0,0,"1-c,1+c",----,1,0,0.36801667501065316,1.1375663560076017,1.2678440084318854,2.1623565771336266,5.875702716652803,0.36801667501065316,1.2601836155335837,1.3361770037145488,0.4441916707867154,2.1623565771336266,5.875702716652803,0.2602270864897587,0.8910843800839781,0.9448198201920801,1.529016999034519,1.0584028601312596,0.27542509262438525,0.9431262564991729,1.6183159649674503,0.07939443197872942,True,True,true,
6,202,1637162422,gaussian,identified_unknot,false,0_1,0_1,1,"{""2"": ""1"", ""3"": ""1"", ""4"": ""1""}",0,0,"1-c,2-a,2+a,1+c",----,2,0,0.25486104717358604,1.5427967985474111,1.8209720565253193,3.189169977368538,12.513367628111455,0.25486104717358604,1.6038259847369027,1.817288591961797,0.8545642381689016,3.189169977368538,12.513367628111455,0.18021397471674727,1.1340762296506561,1.2850170867491393,2.255083717353841,0.7781997689461227,0.14024247348543512,0.8825378598814304,1.7549056277989228,0.06475343770417102,True,True,true,
6,203,201841757,gaussian,identified_unknot,false,0_1,0_1,1,"{""2"": ""1"", ""3"": ""1"", ""4"": ""1""}",0,0,"1-c,2-a,3-c,3+c,2+a,1+c",----,3,0,0.8504628204964851,1.458987481047122,1.5319493100300534,2.0478936830622345,2.4079755560233784,0.692785715943021,1.5780945756290632,1.6702451746481208,0.5471164901604217,2.352051478736006,3.39506347288698,0.48987347765248734,1.1158813757810175,1.1810416892377955,1.6631515503140764,0.8467101619802823,0.4147808516129817,0.9448281004383255,1.408207318564189,0.3664019484145563,True,True,true,
6,204,607676161,gaussian,identified_unknot,false,0_1,0_1,1,"{""2"": ""1"", ""3"": ""1"", ""4"": ""1""}",0,0,----,----,0,0,0.47903693639515255,1.2454867329707815,1.3456387485891756,1.9027601686904811,3.9720531427265855,0.47903693639515255,1.436146127958902,1.5027488488497103,0.4424233288014796,2.013748600998013,4.20374390365776,0.33873026616384116,1.0155086658545427,1.0626039014419082,1.423935291370618,0.9410844423242213,0.31877378363113357,0.9556794064811364,1.3400433495852955,0.4790369363951526,True,True,true,
6,205,153922247,gaussian,identified_unknot,false,0_1,0_1,1,"{""2"": ""1"", ""3"": ""1"", ""4"": ""1""}",0,0,"1+c,2+a,3-c,4+c,5-a,1-c,2-a,6-c,4-c,3+c,6+c,5+a",----,6,0,1.2598015475556466,1.9347718720028382,2.0051957320121097,2.7789824032624226,2.205889021691071,1.2598015475556466,1.8791231903768917,1.9335866547611646,0.45569001180434243,2.7789824032624226,2.205889021691071,0.8908142172259045,1.3287407506003996,1.3672522355934311,1.9650373021449477,0.7313939403185309,0.651536120428622,0.9718329332434288,1.4372163752886888,0.3267513933244023,True,True,true,
6,206,3293213245,gaussian,identified_unknot,false,0_1,0_1,1,"{""2"": ""1"", ""3"": ""1"", ""4"": ""1""}",0,0,----,----,0,0,1.254108820894099,1.9629624190670256,2.0299832927617607,2.8998542877827793,2.3122828254372454,0.6201796281388786,1.9115304984747368,2.043466913059613,0.7223629130639997,3.2901817372541466,5.305207697853253,0.4385332206107524,1.3516561779163878,1.4449493113547933,2.3265098177485424,0.692065799223361,0.30349384380797484,0.9354350130448984,1.6100978764211409,0.43302101637762014,True,True,true,
6,207,3342222185,gaussian,identified_unknot,false,0_1,0_1,1,"{""2"": ""1"", ""3"": ""1"", ""4"": ""1""}",0,0,"1-c,2-a,3-c,3+c,2+a,1+c",----,3,0,1.1895802876055797,1.7305751246496826,1.756184441340999,2.06098949939092,1.732535013285515,0.4635394538872828,1.6434171659119323,1.7245055870977166,0.5225892638748254,2.3062160218627437,4.975231347671945,0.3277718911912066,1.1620714223347046,1.2194095948308836,1.630740987940209,0.8200689942403537,0.2687955651494314,0.9529787425494788,1.337320121846648,0.14593360319884627,True,True,true,
6,208,2457312120,gaussian,identified_unknot,false,0_1,0_1,1,"{""2"": ""1"", ""3"": ""1"", ""4"": ""1""}",0,0,----,----,0,0,0.48230100108125423,1.2671141328620523,1.4013114095931272,2.299379296684384,4.767519228717094,0.48230100108125423,1.3239755749877227,1.4082621745738577,0.4798864752953766,2.299379296684384,4.767519228717094,0.34103830843761523,0.936192107199177,0.9957917333296883,1.625906693205482,1.004226051019966,0.3424795537288355,0.9401485028086901,1.6327778578446726,0.2882163493447684,True,True,true,
6,209,215160509,gaussian,identified_unknot,false,0_1,0_1,1,"{""2"": ""1"", ""3"": ""1"", ""4"": ""1""}",0,0,"1-a,1+a",----,1,0,0.49995728616941054,1.1180480415844307,1.206289558917366,1.8734256660937638,3.747171444280049,0.49995728616941054,1.1377701369813848,1.1889781891577946,0.3451785765170095,1.8734256660937638,3.747171444280049,0.3535231873540135,0.8045249792910842,0.8407345402363782,1.324711992543825,1.1894360849250267,0.4204932358965745,0.9569310415923756,1.5756602460645586,0.28575104841215687,True,True,true,
6,210,1739174680,gaussian,identified_unknot,false,0_1,0_1,1,"{""2"": ""1"", ""3"": ""1"", ""4"": ""1""}",0,0,----,----,0,0,0.3531842545544619,1.143224221850583,1.2836701807938897,1.759488309400628,4.9817858149429775,0.3531842545544619,1.3268624088670906,1.4497820711687002,0.5842124629085098,2.69055763428216,7.617999952110746,0.24973898140377576,0.9382334070114371,1.0251507337660657,1.9025115483741504,0.9754663066243242,0.24361196181006195,0.9152150762890031,1.8558359134026567,0.26355806118858127,True,True,true,
6,211,3911915947,gaussian,identified_unknot,false,0_1,0_1,1,"{""2"": ""1"", ""3"": ""1"", ""4"": ""1""}",0,0,"1-a,2-c,3-a,4-c,5-a,3+a,2+c,1+a,4+c,5+a",----,5,0,0.7583259691744372,1.9726536708358935,2.141782329706792,3.0328870181874255,3.9994502911316925,0.6868366552950862,1.8110196994496188,1.9353777608806024,0.6825648141507357,3.0328870181874255,4.41573261241336,0.48566685652664265,1.2805843103432486,1.3685187388763103,2.1445749771329763,0.7307170677261601,0.35488506129293,0.9357448122301455,1.567077538809505,0.2215220840734858,True,True,true,
6,212,1419392032,gaussian,identified_unknot,false,0_1,0_1,1,"{""2"": ""1"", ""3"": ""1"", ""4"": ""1""}",0,0,"1-c,1+c",----,1,0,0.9003218690313716,1.2177961319719905,1.2521452955697958,1.581912962732841,1.7570526909834725,0.4732587691328784,1.112502595240422,1.2041224440442735,0.46070471653162004,2.1660718346045105,4.576929104923432,0.33464448490985704,0.7866581291821352,0.8514431455626249,1.5316440827860351,1.1744765404614423,0.39303209692143026,0.9239115180877046,1.7988800435687815,0.07748607841232258,True,True,true,
6,213,3940744156,gaussian,identified_unknot,false,0_1,0_1,1,"{""2"": ""1"", ""3"": ""1"", ""4"": ""1""}",0,0,"1-a,2-c,2+c,1+a",----,2,0,0.9075557582601159,1.5093086955896713,1.554392157377269,2.0278506626386417,2.2344088990479816,0.5283903397410115,1.3879720201917407,1.4664558426390877,0.47331428203169096,2.0278506626386417,3.837789055024331,0.37362839234433287,0.9814444275747715,1.0369408706407315,1.4339069547854173,0.9643751426077887,0.36031793414938484,0.9464806098040399,1.3828242240074868,0.18769859331201327,True,True,true,
6,214,2282086211,gaussian,identified_unknot,false,0_1,0_1,1,"{""2"": ""1"", ""3"": ""1"", ""4"": ""1""}",0,0,"1-a,2-c,3-a,3+a,2+c,1+a",----,3,0,0.42763810953442766,1.2600445224456678,1.3264636490982629,1.6428445724436187,3.841670178161142,0.269343193843259,1.1175144373576875,1.1796349811985054,0.3777567619041775,1.6428445724436187,6.099447136576439,0.19045439883301118,0.7902020367294901,0.8341278945303287,1.161666537610397,1.1988569217710539,0.22832757432270037,0.9473391813307337,1.3926719694040388,0.03925448742982042,True,True,true,
6,215,3827513282,gaussian,identified_unknot,false,0_1,0_1,1,"{""2"": ""1"", ""3"": ""1"", ""4"": ""1""}",0,0,"1-a,2-c,2+c,1+a",----,2,0,0.7028159164221539,1.4578247313635775,1.7262275854515254,3.461770720583943,4.925572457446444,0.7028159164221539,1.7227795305068756,1.8946821658871285,0.7885754237847185,3.461770720583943,4.925572457446444,0.4969659004279428,1.2181890885107882,1.3397426076920036,2.4478415514379472,0.7464120303844902,0.37094132677027725,0.9092709909475692,1.8270983824683187,0.12997984017854197,True,True,true,
6,216,774270564,gaussian,identified_unknot,false,0_1,0_1,1,"{""2"": ""1"", ""3"": ""1"", ""4"": ""1""}",0,0,----,----,0,0,0.7450320399160069,1.3794060314508112,1.532821258262851,2.7622998023958796,3.707625517296269,0.7450320399160069,1.594306181441464,1.7369427199852312,0.6893169171921075,3.051962555561,4.096417861311133,0.5268172076258549,1.1273447121848894,1.2282039758341634,2.158063418964608,0.8141970060965049,0.42893299320909195,0.9178806894996628,1.7570887746873713,0.479898589506793,True,True,true,
6,217,113746783,gaussian,identified_unknot,false,0_1,0_1,1,"{""2"": ""1"", ""3"": ""1"", ""4"": ""1""}",0,0,"1+c,2+a,2-a,1-c",----,2,0,1.0665364792235439,1.7998629189228978,1.9433536441452717,3.2486570251101594,3.0459877260599986,0.6232975038926095,1.7896135343822253,1.8966035610408893,0.6280035551722145,3.2486570251101594,5.212048828724146,0.44073789169911265,1.265447865864896,1.341101239234567,2.2971474122047097,0.7456558615744399,0.32863879236340404,0.9435886186990255,1.7128814328109978,0.25404201296706447,True,True,true,
6,218,1282731004,gaussian,identified_unknot,false,0_1,0_1,1,"{""2"": ""1"", ""3"": ""1"", ""4"": ""1""}",0,0,----,----,0,0,0.31786289296937376,0.867336641089462,0.970033835690304,1.687083539716733,5.307582536472052,0.31786289296937376,1.0557681999109674,1.157812443219873,0.47527167150118194,1.8699104072973516,5.8827577822288255,0.22476300710621794,0.7465408535181596,0.8186970299429367,1.3222263292112562,1.2214530692382017,0.27453746488109765,0.9118646168414628,1.61503740804265,0.28665865994180384,True,True,true,
6,219,2142950467,gaussian,identified_unknot,false,0_1,0_1,1,"{""2"": ""1"", ""3"": ""1"", ""4"": ""1""}",0,0,"1+c,2+a,2-a,1-c",----,2,0,0.6016374040414411,1.3925958414536324,1.4470189053433165,1.915052160729961,3.183066989960703,0.6016374040414411,1.288530538360253,1.3498363826751931,0.40217820889089295,1.915052160729961,3.183066989960703,0.4254218882131737,0.9111286814404876,0.9544784596819486,1.3541463691781055,1.0476925800224137,0.4457113556600668,0.9545827589908046,1.4187291032521931,0.36573150342374106,True,True,true,
6,220,767942313,gaussian,identified_unknot,false,0_1,0_1,1,"{""2"": ""1"", ""3"": ""1"", ""4"": ""1""}",0,0,"1+c,1-c",----,1,0,1.2205707660066687,1.6444967890032194,1.7082829517501756,2.590677518240894,2.1225131638346477,0.589678834475207,1.5366993775883229,1.63191306642393,0.5492679485322415,2.590677518240894,4.393370368374344,0.41696590257959854,1.0866105505378498,1.1539367955752937,1.8318856410156719,0.8665985900046209,0.36134206325548424,0.9416551709802454,1.5875095135538924,0.0677632679252747,True,True,true,
6,221,3672660392,gaussian,identified_unknot,false,0_1,0_1,1,"{""2"": ""1"", ""3"": ""1"", ""4"": ""1""}",0,0,"1-c,1+c",----,1,0,0.6434904931793426,1.2304388005942586,1.3047276936422976,1.896069380242314,2.946538294410939,0.4112700616763789,1.1753830521839643,1.2454205967230867,0.41176102702999623,1.896069380242314,4.610278152787832,0.29081184951037714,0.8311213266910228,0.880645349372291,1.3407235163695146,1.1355308930124741,0.3302258391731278,0.9437639422991694,1.5224329718258995,0.07841324399990791,True,True,true,
6,222,3586492296,gaussian,identified_unknot,false,0_1,0_1,1,"{""2"": ""1"", ""3"": ""1"", ""4"": ""1""}",0,0,"1-a,2-c,3+c,1+a,2+c,3-c",----,3,0,0.7695211058667183,1.3936088019169353,1.5276176185615078,2.2990135792604685,2.98759002415024,0.7300895763050252,1.3602721584679542,1.4803339520311203,0.5839933770455004,2.3760347607292513,3.2544427942038774,0.5162512902788966,0.9618576675119523,1.0467541759018864,1.6801102916466095,0.9553341395924188,0.49319248221206574,0.9188954672029017,1.6050667198905813,0.4268343558682392,True,True,true,
6,223,2152682950,gaussian,identified_unknot,false,0_1,0_1,1,"{""2"": ""1"", ""3"": ""1"", ""4"": ""1""}",0,0,"1-c,2-a,2+a,1+c",----,2,0,1.0743513575443913,1.6885807381411626,1.805888385480008,2.7782957883740944,2.586021573728311,0.8038490964140035,1.555578087302391,1.6378724179327024,0.5126430256322151,2.7782957883740944,3.4562404819115438,0.5684071471250207,1.0999598141967197,1.1581506934386208,1.9645517921013471,0.8634454960527963,0.4907885911093182,0.9497553474072286,1.6962833966523576,0.3300883729680418,True,True,true,
6,224,2617696550,gaussian,identified_unknot,false,0_1,0_1,1,"{""2"": ""1"", ""3"": ""1"", ""4"": ""1""}",0,0,----,----,0,0,0.9879658418145193,1.7891319314399545,1.8817018435097592,2.4693208763459285,2.499399039759027,0.4189948845013232,1.9629774495502734,2.0894819066696306,0.7159987226642646,3.2889595742874893,7.849641358275586,0.2962741241133599,1.3880346658932723,1.4774868253726925,2.325645618027104,0.6768249860689975,0.20052572992562925,0.9394565434064998,1.5740550630226198,0.28709993153041224,True,True,true,
6,225,1828292265,gaussian,identified_unknot,false,0_1,0_1,1,"{""2"": ""1"", ""3"": ""1"", ""4"": ""1""}",0,0,"1+c,2+a,2-a,1-c",----,2,0,0.6855800629002633,1.3806740001844646,1.4670630221641203,2.131191877535703,3.108596636430695,0.35843195519121696,1.3958483820560528,1.482440946121533,0.4992378722104393,2.1757422817299927,6.0701682710440075,0.25344966610966224,0.9870138564601056,1.0482440457111373,1.5384821215255695,0.9539763226812243,0.2417849804600797,0.9415878492212253,1.4676755168037712,0.32031939593932557,True,True,true,
6,226,788647120,gaussian,identified_unknot,false,0_1,0_1,1,"{""2"": ""1"", ""3"": ""1"", ""4"": ""1""}",0,0,"1-a,2+a,3+c,1+a,2-a,3-c",----,3,0,0.40649311942929767,1.2598610231813296,1.3463681284931666,2.0199323965959373,4.969167496443366,0.40649311942929767,1.2534161985639958,1.3023991124655465,0.3538237998332298,2.0199323965959373,4.969167496443366,0.28743404125412947,0.8862990936536655,0.9209352442357288,1.428307895171382,1.0858526766774854,0.31211102306402333,0.962390243180662,1.5509319510914303,0.18371347070090757,True,True,true,
6,227,1127810681,gaussian,identified_unknot,false,0_1,0_1,1,"{""2"": ""1"", ""3"": ""1"", ""4"": ""1""}",0,0,"1-c,2-a,3-c,1+c,2+a,3+c",----,3,0,0.8765141383318947,1.5659904216407838,1.6884431066737113,2.77575150202475,3.1668074485453457,0.3377966010810249,1.5095348930007995,1.647519461290825,0.6600187740853097,2.8344287874158294,8.390933414797608,0.23885826728615972,1.0674023592785746,1.16497218321555,2.004243816372096,0.8583895945393352,0.2050334512081348,0.9162470783914656,1.7204220368936132,0.0552325629946079,True,True,true,
6,228,1250416864,gaussian,identified_unknot,false,0_1,0_1,1,"{""2"": ""1"", ""3"": ""1"", ""4"": ""1""}",0,0,"1-c,1+c",----,1,0,0.4914634061855699,1.5466947548877223,1.670426067681839,2.2985437042110175,4.676937642317806,0.4914634061855699,1.7587325941550975,1.8512267906657174,0.5778410618283994,2.629371077583341,5.350085162984701,0.3475171072188551,1.2436117436208776,1.3090150171939379,1.85924611921496,0.7639331763692397,0.2654798475603496,0.9500362694743856,1.4203397935040667,0.23123745609698673,True,True,true,
6,229,56075072,gaussian,identified_unknot,false,0_1,0_1,1,"{""2"": ""1"", ""3"": ""1"", ""4"": ""1""}",0,0,"1-c,2-a,3-a,4-c,2+a,1+c,4+c,3+a",----,4,0,1.1225471755493543,1.7054998763037714,1.7583925900373831,2.4675197514118894,2.198143476869317,0.6818685733130175,1.469069280840939,1.5671855338843654,0.5458076086918443,2.4675197514118894,3.61876151502755,0.4821538920676312,1.0387888505154725,1.1081675183870945,1.744799948935091,0.9023906434791292,0.43509116091887634,0.9373933392556023,1.5744911486618884,0.025830189430867175,True,True,true,
6,230,3063938804,gaussian,identified_unknot,false,0_1,0_1,1,"{""2"": ""1"", ""3"": ""1"", ""4"": ""1""}",0,0,----,----,0,0,0.8767176298211538,1.5435507915129973,1.6048327624105667,2.1369878016215127,2.437486972923595,0.7802481980916313,1.5102250907477957,1.6118689484403768,0.5633308816513592,2.5008694266350684,3.2052229441244666,0.551718791879177,1.0678904027858354,1.13976346382622,1.7683817304357698,0.8773750271332353,0.4840642899949088,0.9369403711195441,1.5515339687230012,0.11530792665532004,True,True,true,
6,231,1136945152,gaussian,identified_unknot,false,0_1,0_1,1,"{""2"": ""1"", ""3"": ""1"", ""4"": ""1""}",0,0,"1-a,1+a",----,1,0,0.1837592216178354,0.9825283075693635,1.1160439039225423,1.619354136794753,8.812369374106996,0.1837592216178354,1.1008330665938855,1.1952099837044996,0.46550345287700373,1.633097931543954,8.887161782499888,0.129937391711533,0.7784065263429186,0.8451410844193146,1.154774621736454,1.1832343953401425,0.153746391113871,0.9210373755261839,1.3663690513044748,0.1731128473414503,True,True,true,
6,232,3678849320,gaussian,identified_unknot,false,0_1,0_1,1,"{""2"": ""1"", ""3"": ""1"", ""4"": ""1""}",0,0,"1-c,1+c",----,1,0,0.6041543994233758,1.1040553830357684,1.1611838504057956,1.4978685730657728,2.479281081947572,0.14683240055018007,1.0594793525030783,1.1706996505843672,0.49803732139069384,1.7754988783123142,12.092010153477919,0.10382618612693167,0.7491650346820592,0.8278096616609277,1.2554672968437461,1.208007161928489,0.1254227764370538,0.9049967273623324,1.5166134861542455,0.14119920393136384,True,True,true,
6,233,716804241,gaussian,identified_unknot,false,0_1,0_1,1,"{""2"": ""1"", ""3"": ""1"", ""4"": ""1""}",0,0,"1+c,1-c",----,1,0,0.5268389659604445,1.0969996794079282,1.1624453989076464,1.65462138264429,3.140658701331746,0.4410172260538273,1.0573826868373994,1.1313739858738754,0.4024288129454227,1.65462138264429,3.7518293728561503,0.31184627116274183,0.7476824681719767,0.8000022174694704,1.1699939999640385,1.2499965352135562,0.3898067584726944,0.934600494654891,1.4624884461756977,0.03900506460373539,True,True,true,
6,234,3717026721,gaussian,identified_unknot,false,0_1,0_1,1,"{""2"": ""1"", ""3"": ""1"", ""4"": ""1""}",0,0,"1+a,1-a",----,1,0,0.7299727952629158,1.5332070601646597,1.7077554151896965,2.877069083432536,3.9413374061375754,0.7299727952629158,1.7412405256450882,1.9065663538406974,0.7765801268694871,3.3828087379294898,4.6341572725475295,0.516168713612107,1.2312429833604703,1.3481459975828676,2.3920069980470484,0.7417594250125215,0.38287300821836934,0.913286087388164,1.774293735497306,0.3258141277060372,True,True,true,
6,235,897524206,gaussian,identified_unknot,false,0_1,0_1,1,"{""2"": ""1"", ""3"": ""1"", ""4"": ""1""}",0,0,"1+c,2+a,2-a,1-c",----,2,0,0.8644640837667168,1.4263391149208806,1.4733220064527086,1.9215198161947937,2.222787334115934,0.644647544738328,1.3960238742253166,1.4646707137340629,0.4431451706418413,2.1539151929086104,3.3412291887079424,0.45583465035973,0.9871379481630372,1.0356785938866964,1.523048039006409,0.9655505152879509,0.44013138154094017,0.953131554509111,1.4705798188709414,0.37867740938843125,True,True,true,
6,236,2394196404,gaussian,identified_unknot,false,0_1,0_1,1,"{""2"": ""1"", ""3"": ""1"", ""4"": ""1""}",0,0,"1+c,2+a,3+c,3-c,2-a,1-c",----,3,0,0.8316404652944633,1.5727568725043575,1.632765067464237,2.2667606058386554,2.7256497253726724,0.7882983131110878,1.4464572480183202,1.514342208706302,0.44832327033598,2.294050512595081,2.910129927262449,0.5574110827987664,1.022799728770186,1.0708016448132402,1.622138673840457,0.9338797758145125,0.5205549370406367,0.9551719814070455,1.5148825010661766,0.13959088982240417,True,True,true,
6,237,2104111084,gaussian,identified_unknot,false,0_1,0_1,1,"{""2"": ""1"", ""3"": ""1"", ""4"": ""1""}",0,0,"1-a,1+a",----,1,0,0.7385580697965782,1.180873915998285,1.2079991812674868,1.5332670401720123,2.0760277395578677,0.4495229586555092,1.2639098741695627,1.3089622679978654,0.340461523551188,1.7286361279295053,3.845490190533831,0.31786073236435053,0.8937192428339337,0.9255760960186136,1.2223303282630094,1.080408195826926,0.34341934037799343,0.9655815947260168,1.3206157046631724,0.16436284016581432,True,True,true,
6,238,4287491376,gaussian,identified_unknot,false,0_1,0_1,1,"{""2"": ""1"", ""3"": ""1"", ""4"": ""1""}",0,0,"1-c,1+c",----,1,0,0.2979677956987929,1.1538952594208232,1.2415264606081737,1.5653179369054602,5.253312470344262,0.2979677956987929,1.294219297927421,1.373392003312865,0.4595671916444621,1.9450881716039348,6.527846967630585,0.21069504891382423,0.915151241906972,0.9711347987699042,1.3753850361468851,1.0297231664097077,0.21695757291439133,0.9423524345602237,1.416265834453701,0.1775925821876749,True,True,true,
6,239,496529646,gaussian,identified_unknot,false,0_1,0_1,1,"{""2"": ""1"", ""3"": ""1"", ""4"": ""1""}",0,0,"1+c,2+a,3-a,4-c,5-a,1-c,2-a,3+a,4+c,5+a",----,5,0,0.3567421629558751,1.1729166313422636,1.2376999444657966,1.5837381323589341,4.4394475809544955,0.3567421629558751,1.0471769940495295,1.0995826773825992,0.3354137855444772,1.5837381323589341,4.4394475809544955,0.2522548025612556,0.7404659535949671,0.7775223676524956,1.1198719730147202,1.2861366329810053,0.3244341424194216,0.9523403883937005,1.4403083687429474,0.12043856451183878,True,True,true,
6,240,1513986660,gaussian,identified_unknot,false,0_1,0_1,1,"{""2"": ""1"", ""3"": ""1"", ""4"": ""1""}",0,0,"1-c,2-a,2+a,1+c",----,2,0,0.5342951182953214,1.16072581414791,1.2582600362983116,1.8907400849678377,3.538756054893931,0.3645176314616035,1.0797978982045324,1.1954318910051709,0.5129268028337692,2.155124418013025,5.912263857777303,0.2577528890685586,0.7635324161314062,0.845297996576414,1.5239030902777215,1.1830147522532322,0.3049254702039957,0.9032701121070074,1.8027998368028337,0.009787600109240622,True,True,true,
6,241,61625863,gaussian,identified_unknot,false,0_1,0_1,1,"{""2"": ""1"", ""3"": ""1"", ""4"": ""1""}",0,0,"1-a,2-c,3-a,4+a,5+c,1+a,2+c,3+a,4-a,5-c",----,5,0,0.7526427859207153,1.244178971054068,1.2696581216856075,1.5252870909756664,2.026575049290837,0.32404080030048954,1.1409258924860375,1.2676559178268099,0.5524849625612176,2.1543794757274153,6.648482147092637,0.229131447273592,0.8067564354081909,0.896368095706594,1.5233763365359743,1.1156131111646879,0.2556220467585596,0.9000280568578654,1.6994986142775628,0.11237404366463362,True,True,true,
6,242,197963676,gaussian,identified_unknot,false,0_1,0_1,1,"{""2"": ""1"", ""3"": ""1"", ""4"": ""1""}",0,0,"1+a,2-a,3-c,4+c,5+a,3+c,2+a,1-a,4-c,5-a",----,5,0,1.5279319816077384,2.0262291402833403,2.0566604998138773,2.435287050406332,1.593845197116593,0.4591245053581622,1.5905651651477437,1.7255111312780484,0.6689477704447346,2.85075266295505,6.209105873647896,0.3246500511476758,1.1246994141950704,1.220120621939579,2.015786539461124,0.8195910978132132,0.26608029182523946,0.9217936275900153,1.6521207028340406,0.07818214677810022,True,True,true,
6,243,2883920220,gaussian,identified_unknot,false,0_1,0_1,1,"{""2"": ""1"", ""3"": ""1"", ""4"": ""1""}",0,0,----,----,0,0,0.5717562271355738,1.153748041511106,1.2398385043938123,1.9995651216341437,3.497233657867989,0.3074137638496903,1.307119253284341,1.409966240468441,0.5286246843972545,2.271666530739685,7.389605794782871,0.21737435704819597,0.9242728878168538,0.9969966898793369,1.6063108084805497,1.003012357163419,0.2180291662497937,0.9270571278714229,1.6111495903511537,0.06970772592019615,True,True,true,
6,244,1199114370,gaussian,identified_unknot,false,0_1,0_1,1,"{""2"": ""1"", ""3"": ""1"", ""4"": ""1""}",0,0,"1-c,2-a,3-c,4-a,5-c,1+c,6+a,7+c,2+a,5+c,4+a,3+c,7-c,6-a",----,7,0,1.2663240845317794,1.7598033774797097,1.7824900193486717,1.975849548304828,1.560303221300094,0.3141771405153681,1.3633336544923902,1.4776233704484107,0.5698176650681733,2.0698321670455484,6.588105562518804,0.22215678655221557,0.9640224721114067,1.0448375052837933,1.463592361235954,0.9570866234634116,0.21262328872074182,0.922653012775957,1.4007846711421608,0.014621061505377264,True,True,true,
6,245,1959343286,gaussian,identified_unknot,false,0_1,0_1,1,"{""2"": ""1"", ""3"": ""1"", ""4"": ""1""}",0,0,----,----,0,0,0.5682749336437181,0.8538762541395738,0.9203423416634918,1.583378770664701,2.786290010210807,0.1335373053685876,0.9207925353816316,0.9933486017724369,0.37266949355792683,1.608605608086727,12.046114032679323,0.09442513416750704,0.6510986458343057,0.7024035323954654,1.1374559337328345,1.4236830452569287,0.13443146256039049,0.926958102864047,1.619376727582325,0.10039561719553315,True,True,true,
6,246,421884736,gaussian,identified_unknot,false,0_1,0_1,1,"{""2"": ""1"", ""3"": ""1"", ""4"": ""1""}",0,0,"1-c,2+c,2-c,1+c",----,2,0,0.20951551769880258,1.1464501220997863,1.2428559789344897,1.615392297064291,7.7101319978912635,0.20951551769880258,1.267967621129278,1.3379527157950384,0.4270545415647489,1.7960189691879076,8.572247960028653,0.1481498433286334,0.8965885032254876,0.9460754382456291,1.2699771922524423,1.0569981626987026,0.1565941122024662,0.9476924006061204,1.3423635588800886,0.10442130824801363,True,True,true,
6,247,330609953,gaussian,identified_unknot,false,0_1,0_1,1,"{""2"": ""1"", ""3"": ""1"", ""4"": ""1""}",0,0,"1+c,2+a,3-a,3+a,2-a,1-c",----,3,0,0.9964917721105728,1.767428262942292,1.8872027165153007,2.9183828059690287,2.928657202846627,0.7837673519190423,1.575436544636596,1.6643414218867238,0.5366861861753336,2.9183828059690287,3.7235319879341913,0.554207209414578,1.11400186404164,1.176867105625763,2.063608272198924,0.8497136127092962,0.4709174101011986,0.9465825484597122,1.753476040186937,0.26899165618860427,True,True,true,
6,248,4161363268,gaussian,identified_unknot,false,0_1,0_1,1,"{""2"": ""1"", ""3"": ""1"", ""4"": ""1""}",0,0,"1-c,2+c,2-c,1+c,3+a,3-a",----,3,0,0.6177249941421017,1.8904743362362517,1.9994651281806082,2.6292609231511546,4.2563615655582785,0.6177249941421017,1.6734213519203134,1.7612141526127068,0.54912318317522,2.6292609231511546,4.2563615655582785,0.4367975322663004,1.1832875857252134,1.2453664704341638,1.8591682282689832,0.8029764922540243,0.3507381502844079,0.9501521149133649,1.4928683824455573,0.16975606103935748,True,True,true,
6,249,4269496413,gaussian,identified_unknot,false,0_1,0_1,1,"{""2"": ""1"", ""3"": ""1"", ""4"": ""1""}",0,0,"1+a,2-a,2+a,1-a",----,2,0,0.8691142617696327,1.6807121214136125,1.8296762611682085,3.0829166566820265,3.547193726179106,0.4383345386461802,1.5963438755967514,1.6998383087467115,0.5840689229257313,3.0829166566820265,7.033250599425225,0.3099493247049908,1.1287855795400772,1.2019671950354718,2.1799512737728204,0.8319694615047197,0.2578683727685627,0.9391151307642509,1.8136528873473012,0.006657796427806626,True,True,true,
6,250,2335076622,gaussian,identified_unknot,false,0_1,0_1,1,"{""2"": ""1"", ""3"": ""1"", ""4"": ""1""}",0,0,"1+c,1-c",----,1,0,0.7211676945598021,1.4132863791557304,1.4907864640480633,1.9432273127318638,2.6945567964161263,0.7211676945598021,1.4862417457615615,1.5734532085562867,0.5165660390227937,2.418501005868903,3.3535903287308875,0.5099425671959049,1.0509316169105327,1.1125994336498812,1.7101384615563875,0.8987960713942673,0.45833437603238647,0.9445732085832119,1.5370657307871172,0.22406480517813776,True,True,true,
6,251,4172008042,gaussian,identified_unknot,false,0_1,0_1,1,"{""2"": ""1"", ""3"": ""1"", ""4"": ""1""}",0,0,"1-a,1+a",----,1,0,0.5136974214695006,1.2812024377013431,1.4877011586463158,2.8261472863491854,5.501579661943038,0.5136974214695006,1.3621875645816626,1.4888541629401315,0.600942391085234,2.8261472863491854,5.501579661943038,0.3632389301991278,0.9632120641636817,1.052778874812788,1.9983879108094684,0.9498670840805261,0.34502870345277525,0.9149234347383411,1.8982028977023642,0.10487684176529487,True,True,true,
6,252,4120159790,gaussian,identified_unknot,false,0_1,0_1,1,"{""2"": ""1"", ""3"": ""1"", ""4"": ""1""}",0,0,"1+c,2+a,3+c,1-c,2-a,3-c",----,3,0,0.8940270911089039,2.0178320736123516,2.10801335354386,2.709175212621441,3.0303055014374602,0.3292549666288576,1.9358113406921915,2.1010747647413943,0.8167922748658963,3.2217337768466408,9.784920816329674,0.23281841964261563,1.3688253261012706,1.4856842139285698,2.2781098007860066,0.6730905468502737,0.15670787739406464,0.9213433872880081,1.5333741715960212,0.06810480204260796,True,True,true,
6,253,3070484542,gaussian,identified_unknot,false,0_1,0_1,1,"{""2"": ""1"", ""3"": ""1"", ""4"": ""1""}",0,0,"1-a,1+a",----,1,0,0.5407222896289673,1.3453327565369673,1.4975585597808259,2.0932035940202818,3.871125038060842,0.5407222896289673,1.595242400482514,1.8018446819210885,0.8377624612442927,3.2446843012103312,6.000648324367704,0.3823483977353591,1.1280067190174918,1.2740965932313193,2.2943382721953594,0.7848698484185056,0.3000937289736098,0.8853384625703146,1.8007569319187477,0.10959831213134813,True,True,true,
6,254,2448106418,gaussian,identified_unknot,false,0_1,0_1,1,"{""2"": ""1"", ""3"": ""1"", ""4"": ""1""}",0,0,"1+c,1-c",----,1,0,0.5224818056234102,1.0637860716792904,1.1193642408580022,1.6828190465156811,3.2208184637315553,0.5224818056234102,1.1445223318274778,1.1824450593097549,0.29706051611454953,1.6960737959724492,3.246187288663082,0.36945042780290493,0.8092995020546494,0.836114919818457,1.1993052825249275,1.1960078409043662,0.44186560847774675,0.9679285500973598,1.4343785215378395,0.34456528940202574,True,True,true,
6,255,2879920915,gaussian,identified_unknot,false,0_1,0_1,1,"{""2"": ""1"", ""3"": ""1"", ""4"": ""1""}",0,0,----,----,0,0,0.4335611137657483,1.0816916003025165,1.1401618473854152,1.587472536067502,3.6614735170304233,0.4335611137657483,1.0547786538745452,1.1149354088547425,0.36127961089534827,1.6833926010536804,3.8827112201838565,0.3065740036025528,0.7458411388055091,0.7883783881861842,1.1903383236043177,1.2684264497669602,0.38886657498042926,0.9460446277852184,1.5098566138309797,0.16955559207200555,True,True,true,
6,256,2195221757,gaussian,identified_unknot,false,0_1,0_1,1,"{""2"": ""1"", ""3"": ""1"", ""4"": ""1""}",0,0,"1-c,1+c",----,1,0,0.4405189875678983,1.1253113760754847,1.21490913884993,1.7988973343786492,4.083586372315859,0.3073109743893915,1.0685389553098017,1.1324689167147806,0.37511378048611616,1.7988973343786492,5.853670985726919,0.21730167392378413,0.75557114126155,0.8007764504920047,1.272012503797547,1.2487879724554716,0.2713637167904624,0.9435481535418779,1.5884739155553467,0.18516243581111005,True,True,true,
6,257,2940920860,gaussian,identified_unknot,false,0_1,0_1,1,"{""2"": ""1"", ""3"": ""1"", ""4"": ""1""}",0,0,----,----,0,0,0.20415851267877075,1.065295766253273,1.2588223357629666,2.4039890686875194,11.775110609617485,0.20415851267877075,1.247416380480198,1.3722130377984219,0.5717700541420949,2.4039890686875194,11.775110609617485,0.14436186875211854,0.8820565816007265,0.9703011442598563,1.6998769723672777,1.030607874592169,0.14878047872677452,0.9090544588335586,1.7519065935596112,0.11071985747888495,True,True,true,
6,258,3192479591,gaussian,identified_unknot,false,0_1,0_1,1,"{""2"": ""1"", ""3"": ""1"", ""4"": ""1""}",0,0,"1+c,1-c",----,1,0,0.347854367804103,0.7379467284914076,0.8125949974530178,1.4104369109190646,4.054676443543649,0.347854367804103,0.8107007334694053,0.8629256716395739,0.29564342632092827,1.4104369109190646,4.054676443543649,0.24597018233964066,0.5732519861491243,0.6101805940762987,0.997329504146677,1.6388590684595865,0.40311046389797817,0.9394792160129616,1.6344825021130844,0.2960192207316632,True,True,true,
6,259,3619752487,gaussian,identified_unknot,false,0_1,0_1,1,"{""2"": ""1"", ""3"": ""1"", ""4"": ""1""}",0,0,----,----,0,0,0.2619921294229052,0.6356259241479741,0.67455207964706,1.0152799052488641,3.8752305555332507,0.2619921294229052,0.7643881702223929,0.8112671520635585,0.27178137765744564,1.4471644483857435,5.523694362778909,0.18525641133243984,0.540504058623031,0.5736525045780402,1.0232997949456486,1.743215608786659,0.32294186786251083,0.9422151116042067,1.7838321750174422,0.23069880005337912,True,True,true,
6,260,1500187786,gaussian,identified_unknot,false,0_1,0_1,1,"{""2"": ""1"", ""3"": ""1"", ""4"": ""1""}",0,0,"1+c,1-c",----,1,0,0.5422100438031856,1.3527273336373966,1.482315501249941,2.5364460779191806,4.677976933307923,0.5422100438031856,1.4221901993713628,1.5058618078534005,0.49496951538812534,2.5364460779191806,4.677976933307923,0.3834003988006875,1.0056403341125386,1.0648050958629733,1.7935382218106746,0.9391390066456698,0.3600662696772313,0.9444360644212689,1.6843817040123181,0.5306216492061878,True,True,true,
6,261,3367429073,gaussian,identified_unknot,false,0_1,0_1,1,"{""2"": ""1"", ""3"": ""1"", ""4"": ""1""}",0,0,"1+a,2+c,3-c,4+c,5+a,1-a,2-c,5-a,4-c,3+c",----,5,0,0.9691256098916101,1.5251260714984598,1.5976839868654706,2.407882708135907,2.484593001731955,0.43502352080885376,1.3600858337203445,1.4358340961849447,0.46020221281570584,2.407882708135907,5.535063262002134,0.30760808153958763,0.9617259160194147,1.0152880260712318,1.7026301912247281,0.9849421782995013,0.30297617389413206,0.9472444186512454,1.6769922893833802,0.1024580131929316,True,True,true,
6,262,3983516036,gaussian,identified_unknot,false,0_1,0_1,1,"{""2"": ""1"", ""3"": ""1"", ""4"": ""1""}",0,0,----,----,0,0,0.6114095031732808,1.0500636430868486,1.1101879359118147,1.4650558681235162,2.3961941391485073,0.39381038224406517,1.0151330870519486,1.0838192466566214,0.3796958980496203,1.6006638821767072,4.064554806949429,0.2784659917864448,0.7178074896612666,0.7663759388913923,1.1318402854875345,1.3048426356476672,0.3633542986608663,0.9366258166972429,1.4768734612477628,0.21285557675795902,True,True,true,
6,263,3268463243,gaussian,identified_unknot,false,0_1,0_1,1,"{""2"": ""1"", ""3"": ""1"", ""4"": ""1""}",0,0,"1-c,2+c,3+a,1+c,2-c,3-a",----,3,0,0.5329780987731302,1.1008433396168227,1.1569084601881714,1.7114993609593823,3.211200169198522,0.5026751612761019,1.0287341379791974,1.0964397029076962,0.37932320713148376,1.7114993609593823,3.4047820397859594,0.35544501527237304,0.7274248850031879,0.7752999490881954,1.2102128041308218,1.2898233789078237,0.4584612906145552,0.938249623076447,1.5609607682215287,0.00015486414632680912,True,True,true,
6,264,1645503541,gaussian,identified_unknot,false,0_1,0_1,1,"{""2"": ""1"", ""3"": ""1"", ""4"": ""1""}",0,0,"1+a,1-a",----,1,0,0.6740020430695408,1.0949241090064172,1.1555538136020633,1.56371666290742,2.320047363337268,0.5209869535910616,1.1305844660439044,1.1935030081431222,0.3823979544753091,1.8497145712230227,3.550404781680809,0.3683934077939608,0.7994439426438167,0.8439340704245448,1.3079457165713664,1.1849266844943769,0.43651917928688294,0.9472824603960509,1.5498197814355312,0.033613568670663015,True,True,true,
6,265,2485279349,gaussian,identified_unknot,false,0_1,0_1,1,"{""2"": ""1"", ""3"": ""1"", ""4"": ""1""}",0,0,"1-a,2-a,3-c,4-a,5-c,6-a,2+a,3+c,4+a,5+c,6+a,1+a",----,6,0,0.17868818111537013,0.9499452996760219,1.0750780037761047,1.757981369766427,9.838263274006831,0.17868818111537013,1.1492360514234163,1.2280010429018673,0.43271591082000693,1.757981369766427,9.838263274006831,0.1263516245845682,0.8126326051455495,0.8683278647400627,1.243080547761456,1.1516387307222413,0.14551142456126526,0.9358591819333293,1.4315797042095117,0.1623448396881121,True,True,true,
6,266,1398631340,gaussian,identified_unknot,false,0_1,0_1,1,"{""2"": ""1"", ""3"": ""1"", ""4"": ""1""}",0,0,"1-a,1+a,2+c,2-c",----,2,0,0.6261129838512581,1.3542565484768379,1.4862733061991484,2.142887840293702,3.4225257989583158,0.6261129838512581,1.4610099789510387,1.548766739097779,0.5139340945501228,2.160829483038426,3.4511813981991484,0.44272873667016793,1.0330900634974944,1.095143463692216,1.5279371804442927,0.9131223745138879,0.4042655152937975,0.9433376518675353,1.3951936263153473,0.30157797986146495,True,True,true,
6,267,1741885942,gaussian,identified_unknot,false,0_1,0_1,1,"{""2"": ""1"", ""3"": ""1"", ""4"": ""1""}",0,0,----,----,0,0,0.9674609620403617,1.3803021730290903,1.4301897503729812,2.021003660295181,2.08897696092348,0.44213847078915636,1.3356261310280755,1.4648350380892319,0.6015351418901933,2.4611482000143567,5.56646472228835,0.3126391109184627,0.9444302943799043,1.0357947887525505,1.740294581735217,0.9654422003844415,0.3018349911713561,0.9117928615158608,1.6801538303075692,0.19321191100361962,True,True,true,
6,268,3851410284,gaussian,identified_unknot,false,0_1,0_1,1,"{""2"": ""1"", ""3"": ""1"", ""4"": ""1""}",0,0,----,----,0,0,0.3806219991319394,0.5809968608551836,0.6190924821607287,1.0346083264263,2.718204225677617,0.29905870483996466,0.700008968237763,0.7553807777437508,0.28387948811327707,1.275140170627063,4.263845693137169,0.2114664381652052,0.4949810883323208,0.5341348703205744,0.9016602616137676,1.8721863251500972,0.3959045737610958,0.9266968247836831,1.6880760117245546,0.19376357609106692,True,True,true,
6,269,1037596292,gaussian,identified_unknot,false,0_1,0_1,1,"{""2"": ""1"", ""3"": ""1"", ""4"": ""1""}",0,0,"1+c,2+a,3+c,1-c,2-a,3-c",----,3,0,0.7614830545718376,1.1096657029632253,1.150404129950168,1.6474245256999203,2.163442135460552,0.6331643250410287,1.112416291047245,1.159846801658988,0.32829041827515326,1.7619192586412245,2.7827203601956776,0.4477147878419147,0.786597102901895,0.820135538590599,1.2458650556883843,1.2193106540883445,0.5459034108085494,0.9591062280433066,1.5190965359572157,0.07524587117849328,True,True,true,
6,270,1787301608,gaussian,identified_unknot,false,0_1,0_1,1,"{""2"": ""1"", ""3"": ""1"", ""4"": ""1""}",0,0,----,----,0,0,0.5688829333235296,1.3385916860198126,1.4537031417650788,2.1774062026591063,3.8275119099429777,0.5688829333235296,1.3842982442040963,1.4600974265461806,0.4643305569314127,2.207251109470353,3.8799742094127243,0.4022609798543623,0.9788466756613478,1.0324447915038313,1.560762227288017,0.9685747927919972,0.3896198452107447,0.9480862160538251,1.5117149508930672,0.37884100097125734,True,True,true,
6,271,4215584570,gaussian,identified_unknot,false,0_1,0_1,1,"{""2"": ""1"", ""3"": ""1"", ""4"": ""1""}",0,0,----,----,0,0,0.47243461538095144,0.8763730235546855,0.8978481863042936,1.1019675841532635,2.3325293030543137,0.2719229468208521,0.8748844739370123,0.9239775491458063,0.29717279247846357,1.4004557708589351,5.15019341777574,0.19227855965725346,0.6186367442756866,0.6533507906651261,0.9902717723261867,1.5305713474104425,0.29429605413274157,0.9468676752436472,1.5156816008718186,0.26182667505909807,True,True,true,
6,272,2923168491,gaussian,identified_unknot,false,0_1,0_1,1,"{""2"": ""1"", ""3"": ""1"", ""4"": ""1""}",0,0,"1-c,2-a,2+a,1+c",----,2,0,0.5789288061994101,1.7198121741550167,1.8350862282060705,2.506351966335684,4.329292202247713,0.4808969837132738,1.4442563879219585,1.6078882928503175,0.706702375991283,2.506351966335684,5.211827171347058,0.3400455182358126,1.0212434856716057,1.136948715264921,1.7722584714361995,0.8795471480584677,0.29908606577437263,0.8982317952957498,1.5587848841741687,0.05228950803171582,True,True,true,
6,273,598269522,gaussian,identified_unknot,false,0_1,0_1,1,"{""2"": ""1"", ""3"": ""1"", ""4"": ""1""}",0,0,"1-a,2-c,2+c,1+a",----,2,0,0.35621730551079633,1.3017495442924707,1.4060844407572621,1.8283431183648495,5.132662254415474,0.35621730551079633,1.2049123866635805,1.3436004307189884,0.5945151452174492,2.5861450089613416,7.260020692293289,0.2518836723026842,0.8520017193454851,0.9500689757665627,1.8286806729683092,1.0525551570538871,0.2651214582598616,0.896778803515869,1.9247872729375666,0.0020210016453774773,True,True,true,
6,274,1526757805,gaussian,identified_unknot,false,0_1,0_1,1,"{""2"": ""1"", ""3"": ""1"", ""4"": ""1""}",0,0,"1-a,2+a,2-a,1+a",----,2,0,0.9490273117576505,1.1501875618234174,1.1609403412785402,1.4503558830896988,1.5282551567494516,0.6260503443215385,1.1685312893512743,1.2482208098742733,0.43885056227631203,2.1538866432224664,3.44043679994565,0.44268444383393285,0.8262763987289456,0.8826253990802628,1.5230278513297357,1.1329834843208082,0.5015541636295883,0.9361575132439701,1.7255654017171977,0.15601966005680598,True,True,true,
6,275,244933641,gaussian,identified_unknot,false,0_1,0_1,1,"{""2"": ""1"", ""3"": ""1"", ""4"": ""1""}",0,0,"1-a,2-c,3-c,4-a,5+a,6-a,2+c,1+a,6+a,3+c,4+a,5-a",----,6,0,0.6152310756370618,1.7731285387770415,1.9606563098280287,2.941738971017694,4.781518826843347,0.48973122361460375,1.6734237151261342,1.8263196110829787,0.731502830807735,2.941738971017694,6.006843813848205,0.3462922691766718,1.1832892567640747,1.2914029816107524,2.080123574887348,0.7743516270596738,0.2681519820751423,0.9162819612574933,1.6107470746992032,0.09963295808600153,True,True,true,
6,276,2015854981,gaussian,identified_unknot,false,0_1,0_1,1,"{""2"": ""1"", ""3"": ""1"", ""4"": ""1""}",0,0,"1-c,2-a,2+a,1+c",----,2,0,1.045780343427395,1.7497237225543654,1.8341159256570048,2.519192777020105,2.408911960195974,0.4285633407527323,1.8111429190924981,1.9704938475488893,0.7762778689677624,3.281311068082601,7.656536983119644,0.30304004441421806,1.280671439788304,1.3933495618881906,2.32023730742368,0.7176949900819254,0.21749032167028845,0.9191314762770718,1.6652226913391515,0.0740478520649407,True,True,true,
6,277,659919239,gaussian,identified_unknot,false,0_1,0_1,1,"{""2"": ""1"", ""3"": ""1"", ""4"": ""1""}",0,0,"1+a,1-a",----,1,0,0.42446330256141035,0.7849258010246424,0.830546902013839,1.2289627157342795,2.8953332557093696,0.42446330256141035,0.7962087137290211,0.8351161235548403,0.25193376908076637,1.3649735729052246,3.215763446847666,0.3001408796060105,0.5630045807176094,0.5905162740438502,0.9651820695417146,1.6934334309738983,0.5082685995267301,0.9534107787786421,1.6344715835385133,0.24013752711512484,True,True,true,
6,278,3632361953,gaussian,identified_unknot,false,0_1,0_1,1,"{""2"": ""1"", ""3"": ""1"", ""4"": ""1""}",0,0,"1+c,2+a,2-a,1-c",----,2,0,1.1814206387997777,1.5925719984578348,1.6447846582953096,2.469218703632207,2.0900419567248476,0.7441801529317704,1.5312792144726488,1.5988965955443486,0.46005900770155267,2.469218703632207,3.3180389102080707,0.5262148325624968,1.0827779164436195,1.1305906251254934,1.7460012895709893,0.8844934477402039,0.4654335715052369,0.9577099724521714,1.5443267003714864,0.014756469007128688,True,True,true,
6,279,1935108731,gaussian,identified_unknot,false,0_1,0_1,1,"{""2"": ""1"", ""3"": ""1"", ""4"": ""1""}",0,0,"1+c,1-c",----,1,0,0.6120350602783283,1.097166920678674,1.1292510593303802,1.4323043885344429,2.340232580602637,0.44333462869741835,1.1217003025389092,1.214373146223379,0.4652854710310523,2.176336648019775,4.9090156896026125,0.31348492228676467,0.7931618903842645,0.8586914865853942,1.5389024019595834,1.1645626113943697,0.3650728197310357,0.9236866823243941,1.7921481999071205,0.1512502916782909,True,True,true,
6,280,733293637,gaussian,identified_unknot,false,0_1,0_1,1,"{""2"": ""1"", ""3"": ""1"", ""4"": ""1""}",0,0,----,----,0,0,0.3788253434177005,1.3364831103556287,1.4534817122357118,2.0779758315921955,5.48531366155452,0.3788253434177005,1.4784375638641025,1.6545085512338666,0.7427118659760094,3.1332589407406446,8.270985548308076,0.26786996921597866,1.0454132269692262,1.1699142161085974,2.2155486442110885,0.8547635255909865,0.22896547928699895,0.893581095583666,1.8937701702442002,0.012998178329963368,True,True,true,
6,281,2470983486,gaussian,identified_unknot,false,0_1,0_1,1,"{""2"": ""1"", ""3"": ""1"", ""4"": ""1""}",0,0,----,----,0,0,0.41126675770493326,1.2783127423637588,1.4027338429070275,1.9638450624305828,4.7751125653573,0.41126675770493326,1.3417211068152959,1.4175121530526194,0.45730206163783055,1.9789155056525412,4.811756526824204,0.29080951324976306,0.9487400930902157,1.0023324558378504,1.3993045734421174,0.9976729718525371,0.2901327913268809,0.9465323481889679,1.396048352312844,0.19501181087198327,True,True,true,
6,282,3799409529,gaussian,identified_unknot,false,0_1,0_1,1,"{""2"": ""1"", ""3"": ""1"", ""4"": ""1""}",0,0,"1-a,2-c,3-a,4-c,5-a,1+a,2+c,5+a,4+c,3+a",----,5,0,0.2959884405731136,0.9975431634392411,1.0900595050401494,1.5879290431849382,5.364834654050268,0.13847159552238233,0.9114698018654247,1.0012765730412423,0.4144605843848334,1.5879290431849382,11.467543485683805,0.0979142041955973,0.6445064777458006,0.7080094546406899,1.1228353944791358,1.4124105171836914,0.13829505178753315,0.9103077275611856,1.5859045202284303,0.013692608242425457,True,True,true,
6,283,2321100702,gaussian,identified_unknot,false,0_1,0_1,1,"{""2"": ""1"", ""3"": ""1"", ""4"": ""1""}",0,0,"1+c,1-c",----,1,0,0.4505702470882982,1.4158183045470432,1.571599443726521,2.315858926808051,5.139839884621171,0.11513975043487079,1.398290243181115,1.56228760275097,0.6967976388693282,2.315858926808051,20.113461407214228,0.08141609831662386,0.9887405130203529,1.1047041580688859,1.6375595514173733,0.9052197302742868,0.07369945855815907,0.8950274205075439,1.4823512154421168,0.03328582705063327,True,True,true,
6,284,2597811462,gaussian,identified_unknot,false,0_1,0_1,1,"{""2"": ""1"", ""3"": ""1"", ""4"": ""1""}",0,0,"1+a,2+c,3-c,1-a,2-c,3+c",----,3,0,0.6195709780386761,1.1184250049863564,1.1756582258919808,1.5512728220749994,2.503785485539903,0.6195709780386761,1.0729872307329156,1.1111824320943964,0.28883351619804676,1.5512728220749994,2.503785485539903,0.43810283999752936,0.7587165469778193,0.7857246328693079,1.0969155319596247,1.2727105122671305,0.5575780899189403,0.9656265251696886,1.3960559285941057,0.03709156061984828,True,True,true,
6,285,2592647858,gaussian,identified_unknot,false,0_1,0_1,1,"{""2"": ""1"", ""3"": ""1"", ""4"": ""1""}",0,0,----,----,0,0,0.45881763509321316,0.8366949736926856,0.8724206845695406,1.123047029539136,2.447698047419163,0.45881763509321316,0.9606980403958297,1.003548720882091,0.29011947601581944,1.5496380468098736,3.3774596447127623,0.32443306110238584,0.6793160990365189,0.7096161057868123,1.095759571283938,1.4092126599793195,0.4571951770213263,0.9573008468900278,1.544158260146837,0.34709163086307854,True,True,true,
6,286,2756064517,gaussian,identified_unknot,false,0_1,0_1,1,"{""2"": ""1"", ""3"": ""1"", ""4"": ""1""}",0,0,"1-a,2-c,3-a,4-c,5+a,6+c,2+c,3+a,4+c,1+a,6-c,5-a",----,6,0,0.39629285416823623,1.0284652560813263,1.1178214949916334,1.5177155951813126,3.8297828972131915,0.3617878732671277,0.9119395041330954,0.9728152287119645,0.33872674830222,1.5177155951813126,4.195042751089395,0.2558226585382452,0.6448386074044093,0.6878842450637722,1.073186989265283,1.4537329604158797,0.37189783073826393,0.9374231377324652,1.5601272989844248,0.09083210710739774,True,True,true,
6,287,2585607489,gaussian,identified_unknot,false,0_1,0_1,1,"{""2"": ""1"", ""3"": ""1"", ""4"": ""1""}",0,0,"1+a,2-a,2+a,1-a",----,2,0,0.7752988160333202,1.298007676720667,1.3290719759073906,1.7338769590920073,2.2363983063499093,0.3337678103498146,1.2189778508943703,1.3026671377008538,0.45938510062329757,2.3526775788973078,7.048845053186881,0.23600948204013944,0.8619475044836133,0.9211247666971438,1.6635942699838349,1.085629261262486,0.25621879963817856,0.9357554325395889,1.8060466183630555,0.053776511745757156,True,True,true,
6,288,4249431099,gaussian,identified_unknot,false,0_1,0_1,1,"{""2"": ""1"", ""3"": ""1"", ""4"": ""1""}",0,0,----,----,0,0,0.9266674900681765,1.1697895663198972,1.1848003005774637,1.4780668886908077,1.5950347935288673,0.23814819968373016,1.2171547464384058,1.2949993158989028,0.4422188953460575,1.9892418373695542,8.352957696137711,0.1683962069237336,0.8606583749599895,0.9157027979040542,1.4066063926239991,1.0920573818152497,0.18389832084075153,0.9398883315961736,1.5360948943735573,0.18957829741999108,True,True,true,
6,289,2151243171,gaussian,identified_unknot,false,0_1,0_1,1,"{""2"": ""1"", ""3"": ""1"", ""4"": ""1""}",0,0,"1+c,2+a,2-a,1-c,3-a,3+a",----,3,0,0.5802879291492169,1.1220352569211494,1.156320739421556,1.3784801255603962,2.375510597956846,0.37991235563438597,1.249864991232708,1.3341973091510624,0.46681898358657115,2.3644477529315355,6.223666374270268,0.2686386029256296,0.8837880108683125,0.9434199647415608,1.6719170398591832,1.0599733282875128,0.28474975404958713,0.9367917193806854,1.7721874693601445,0.22341032664763721,True,True,true,
6,290,1855098732,gaussian,identified_unknot,false,0_1,0_1,1,"{""2"": ""1"", ""3"": ""1"", ""4"": ""1""}",0,0,"1+c,2+a,3+c,4+a,5+c,1-c,2-a,5-c,4-a,3-c",----,5,0,0.9616194292706793,1.3786839957323682,1.4106382651357225,1.8301246902718793,1.9031694187584167,0.32159158839088914,1.2669666724582358,1.3268957356881412,0.394268619430306,1.8301246902718793,5.690835072612017,0.2273995929237507,0.8958807256325739,0.9382569726325974,1.2940935789081758,1.0658060948848178,0.24236387211245997,0.9548351376690303,1.3792528237516406,0.09363045113358942,True,True,true,
6,291,1274335972,gaussian,identified_unknot,false,0_1,0_1,1,"{""2"": ""1"", ""3"": ""1"", ""4"": ""1""}",0,0,"1-c,1+c",----,1,0,0.874816246270196,1.1646453735155617,1.198035009317522,1.6983580834415393,1.9413883666227476,0.5252855512173128,1.2948107304231742,1.3494550115312312,0.38012366478260945,2.1788537812974815,4.147941583864508,0.37143297532507535,0.9155694478353331,0.9542087895599042,1.5406822839693999,1.047988669713696,0.3892575496987258,0.9595064076674539,1.61461757722855,0.41791555055058355,True,True,true,
6,292,2281218325,gaussian,identified_unknot,false,0_1,0_1,1,"{""2"": ""1"", ""3"": ""1"", ""4"": ""1""}",0,0,"1+c,2-c,3-a,4-c,5-a,1-c,2+c,3+a,4+c,5+a",----,5,0,0.3966743397738152,1.615209398383745,1.7578533523870077,2.2038355500948996,5.55578047057829,0.3808813282045443,1.5153555289535725,1.6712004754332563,0.7047046544178495,2.2100868717810087,5.802560294040269,0.2693237700007723,1.0715181704315988,1.1817171889010376,1.562767414047715,0.8462261608718501,0.22790881991928666,0.9067467076687604,1.3224546691252268,0.16410527534809924,True,True,true,
6,293,1012946094,gaussian,identified_unknot,false,0_1,0_1,1,"{""2"": ""1"", ""3"": ""1"", ""4"": ""1""}",0,0,"1+c,1-c,2-a,3-c,3+c,2+a",----,3,0,0.9362358907750254,1.1157927830926468,1.1219723684293743,1.2567058085460872,1.34229612529143,0.27686576484678516,1.1722601774084158,1.2441597151482924,0.41682067278419593,2.0798756489922834,7.512216796263224,0.19577365980156183,0.828913120760436,0.8797537714604808,1.470694175427215,1.1366816857629358,0.2225323336512188,0.9422103634569884,1.6717111345663378,0.15577127939541224,True,True,true,
6,294,3752536123,gaussian,identified_unknot,false,0_1,0_1,1,"{""2"": ""1"", ""3"": ""1"", ""4"": ""1""}",0,0,"1-c,1+c,2+a,2-a",----,2,0,0.47241894863185413,0.9496981436201084,1.1071217216173725,1.9822698595363897,4.19599989644177,0.33904912391409886,0.8961750709265578,1.011556910976864,0.46916694938458176,1.9822698595363897,5.846556500876303,0.2397439346750173,0.6336914697825041,0.7152787513078573,1.401676459819886,1.398056349600127,0.33517553015052604,0.885936383016867,1.9596226747362189,0.1115977281041075,True,True,true,
6,295,2047555567,gaussian,identified_unknot,false,0_1,0_1,1,"{""2"": ""1"", ""3"": ""1"", ""4"": ""1""}",0,0,"1-a,2-c,3-a,1+a,2+c,3+a",----,3,0,0.8119168674535363,1.4872861764839884,1.574685253959605,2.3989197450093522,2.9546371570444503,0.753483862420987,1.2556322796482902,1.329722614007044,0.437664036113277,2.3989197450093522,3.1837705684916533,0.5327935486325115,0.8878660996160292,0.9402558774614828,1.6962924192184163,1.0635402808646253,0.5666474003554816,0.9442813609558113,1.804075315964089,0.0021011258003735263,True,True,true,
6,296,776411318,gaussian,identified_unknot,false,0_1,0_1,1,"{""2"": ""1"", ""3"": ""1"", ""4"": ""1""}",0,0,----,----,0,0,0.6350290644267426,1.0922232806006138,1.1383919702220913,1.575755669349239,2.481391415953087,0.40353701293514094,1.1472309835304566,1.2321768685312247,0.4495785868690324,2.2893591863222795,5.673232226383754,0.2853437583062017,0.8112148080416982,0.871280619359634,1.6188214052202006,1.1477358474184483,0.3274992602451333,0.9310603151461324,1.8579793573395302,0.20849280376091553,True,True,true,
6,297,1206528134,gaussian,identified_unknot,false,0_1,0_1,1,"{""2"": ""1"", ""3"": ""1"", ""4"": ""1""}",0,0,"1-a,2-c,3-a,1+a,2+c,3+a",----,3,0,0.9898089027094755,1.3854862810542377,1.4846047722605589,2.5162060247777043,2.5421129451249747,0.4093251281354951,1.317612987627975,1.4101467926853557,0.5024042115218365,2.5162060247777043,6.147206344841814,0.28943657381466104,0.9316930785312075,0.9971243595762755,1.7792263429827606,1.0028839335797055,0.29027128966908006,0.9343800194863631,1.7843575135791854,0.20038135042978203,True,True,true,
6,298,3556215793,gaussian,identified_unknot,false,0_1,0_1,1,"{""2"": ""1"", ""3"": ""1"", ""4"": ""1""}",0,0,"1-a,1+a",----,1,0,0.5590610468097835,1.0556367970821994,1.139798336855049,1.6362010276021486,2.9266947445881595,0.5590610468097835,1.2237832217162519,1.3442086977574375,0.5561039915092658,2.3707569756836624,4.240604830567448,0.39531585729644775,0.8653454147778818,0.9504990855142222,1.6763783340512286,1.0520788659770226,0.4159034588471813,0.9104116226579302,1.763682216637067,0.0758682709499668,True,True,true,
6,299,1261119256,gaussian,identified_unknot,false,0_1,0_1,1,"{""2"": ""1"", ""3"": ""1"", ""4"": ""1""}",0,0,"1-c,1+c",----,1,0,0.49887242033775464,1.3203826187816008,1.501442674129675,2.4545651507597905,4.920226195502973,0.424658027161028,1.3182309135601489,1.4932379347669176,0.7014462120229491,2.8128609614690774,6.623826188507337,0.300278570690864,0.9321300181481188,1.0558786695986828,1.9889930603896964,0.9470785127045694,0.28438738212695736,0.8828003112350037,1.8837325894135835,0.22768179188132578,True,True,true,
6,300,153915923,gaussian,identified_unknot,false,0_1,0_1,1,"{""2"": ""1"", ""3"": ""1"", ""4"": ""1""}",0,0,"1+a,1-a",----,1,0,0.8198776181513653,1.1710239203780068,1.1994401823060277,1.5809550931683598,1.9282818047076935,0.38465129522461056,1.1534214403042582,1.2357443935951935,0.4434897826877219,1.998440996801857,5.1954615039965,0.2719895392455108,0.8155921220050956,0.8738032405244193,1.4131111806397965,1.1444223981131527,0.3112709207650389,0.9333818921472667,1.6171960861483046,0.13501648078474157,True,True,true,
6,301,1149100624,gaussian,identified_unknot,false,0_1,0_1,1,"{""2"": ""1"", ""3"": ""1"", ""4"": ""1""}",0,0,"1+a,2+c,2-c,1-a",----,2,0,0.9335607190084805,1.4953886351684036,1.5555820839131038,1.9783544548793124,2.119149204328659,0.567936125982632,1.3635892991339056,1.4250740632032954,0.4140776604723485,1.9783544548793124,3.4834101307720164,0.40159148596313643,0.9642032401709962,1.0076795337841167,1.3989078506357773,0.9923789920042556,0.3985309540375885,0.9568550395681304,1.3882467627207724,0.23874220050654216,True,True,true,
6,302,930142425,gaussian,identified_unknot,false,0_1,0_1,1,"{""2"": ""1"", ""3"": ""1"", ""4"": ""1""}",0,0,"1-a,1+a",----,1,0,0.5486415191184777,0.9263690538902744,0.989576790334719,1.4501185793364209,2.643107619099588,0.5486415191184777,1.0597188412799308,1.1048036631166143,0.3123893587691652,1.489640398989835,2.7151433988869353,0.3879481386091644,0.7493343788201896,0.7812141620694959,1.0533348276551466,1.280058719558954,0.4965963975633266,0.9591920054740762,1.3483304307550983,0.11729728612531992,True,True,true,
6,303,2617231910,gaussian,identified_unknot,false,0_1,0_1,1,"{""2"": ""1"", ""3"": ""1"", ""4"": ""1""}",0,0,"1-a,2-c,2+c,1+a",----,2,0,0.27690394519982314,1.357290913948245,1.5067760160374974,2.1180713241267606,7.649119345693285,0.27690394519982314,1.4436128523825673,1.5394273201350366,0.5346198709494516,2.3745217107294048,8.575254169874215,0.19580065738810307,1.0207884373277676,1.0885394972113185,1.6790404037314437,0.918662117968026,0.17987464661568658,0.9377596678327987,1.5424708134458174,0.1753330123295512,True,True,true,
6,304,1502853223,gaussian,identified_unknot,false,0_1,0_1,1,"{""2"": ""1"", ""3"": ""1"", ""4"": ""1""}",0,0,"1-a,2-c,2+c,1+a,3+c,3-c",----,3,0,0.8190362045642742,1.028518154957804,1.0494188627587133,1.3688537154216798,1.6712981768002644,0.24031798808500876,1.0369856836818758,1.0784086011705636,0.2960165585190871,1.4201136090090367,5.9093104945048625,0.1699304790160176,0.7332596089248226,0.7625500347776044,1.0041719629855912,1.3113893572788928,0.2228450216589097,0.9615888472664952,1.3168604251371585,0.011611496332738488,True,True,true,
6,305,490967478,gaussian,identified_unknot,false,0_1,0_1,1,"{""2"": ""1"", ""3"": ""1"", ""4"": ""1""}",0,0,"1-c,2-a,2+a,1+c,3+a,3-a",----,3,0,0.5419010860578221,0.9557207165922397,1.0243566659919519,1.564671907684382,2.8873754785526082,0.4532639366455796,0.943070776733304,0.9958783268531943,0.3199861746506562,1.564671907684382,3.4520105862907973,0.320506003269399,0.6668517413669838,0.7041923181546067,1.1063901162557181,1.4200666127977388,0.45513987444411647,0.9469738936012865,1.5711476648241542,0.1924648749982484,True,True,true,
6,306,920548948,gaussian,identified_unknot,false,0_1,0_1,1,"{""2"": ""1"", ""3"": ""1"", ""4"": ""1""}",0,0,"1-c,1+c",----,1,0,0.7233111882899302,1.7600286738431725,1.895996385628248,2.810132299146798,3.8850944719804215,0.7233111882899302,1.609831328923286,1.701076864317879,0.5496413291726114,2.810132299146798,3.8850944719804215,0.5114582461479094,1.1383226492482068,1.2028429860787209,1.9870636047580443,0.8313637038031116,0.42520782185816947,0.9463601338019597,1.6519725581440101,0.014845032266418109,True,True,true,
6,307,2022531933,gaussian,identified_unknot,false,0_1,0_1,1,"{""2"": ""1"", ""3"": ""1"", ""4"": ""1""}",0,0,"1+c,2+a,3+c,1-c,2-a,3-c",----,3,0,0.2494085263323994,0.9630443437679411,1.0561420796776935,1.5885819542863244,6.369397139892245,0.2494085263323994,0.9648288652425586,1.074048418304586,0.47189539694442856,1.820046342456996,7.2974503687629655,0.1763584602553832,0.6822370332975348,0.7594669199058582,1.286967110825115,1.3167130440967167,0.23221348505507544,0.89831040090871,1.694566382146894,0.13946109981135893,True,True,true,
6,308,3825131272,gaussian,identified_unknot,false,0_1,0_1,1,"{""2"": ""1"", ""3"": ""1"", ""4"": ""1""}",0,0,"1+a,2+c,2-c,1-a",----,2,0,0.93197965184526,1.2286639194219224,1.255812141514253,1.6820664866899449,1.8048317721954132,0.4678628155866167,1.0805892007096534,1.1372143315228829,0.3543775037029156,1.6820664866899449,3.595213021109474,0.3308289695663278,0.7640919514987471,0.804131965482357,1.1894006191450914,1.243576978562408,0.4114112903942087,0.9502071603886658,1.47911122825671,0.30842960857511087,True,True,true,
6,309,767305992,gaussian,identified_unknot,false,0_1,0_1,1,"{""2"": ""1"", ""3"": ""1"", ""4"": ""1""}",0,0,"1+a,1-a",----,1,0,0.26275112851740046,1.4275581025022872,1.5381753058327898,2.035345547910096,7.746286607386757,0.26275112851740046,1.4156899702971764,1.4858035036694557,0.4510365390036717,2.035345547910096,7.746286607386757,0.1857931047390719,1.0010439780549154,1.0506217329554033,1.4392066389850777,0.9518173559831051,0.17684110171263553,0.9528110324150391,1.369861857832108,0.09097535524105554,True,True,true,
6,310,4203834681,gaussian,identified_unknot,false,0_1,0_1,1,"{""2"": ""1"", ""3"": ""1"", ""4"": ""1""}",0,0,"1+a,1-a",----,1,0,0.8081518167961299,1.2661974373126998,1.345913694816959,1.9737915078869794,2.4423523734834367,0.37660415363931443,1.238832375721498,1.3193671963002789,0.45389882522153274,2.042851779715552,5.424400554201149,0.2662993508613796,0.8759867736261121,0.9329334913790099,1.4445143463958738,1.0718877703938532,0.28544301745213463,0.9389595096765986,1.5483572620602073,0.02927677926036065,True,True,true,
6,311,999256847,gaussian,identified_unknot,false,0_1,0_1,1,"{""2"": ""1"", ""3"": ""1"", ""4"": ""1""}",0,0,"1-c,2-c,3+c,1+c,4+a,3-c,2+c,4-a",----,4,0,0.9592815190799789,1.3966373607283558,1.4271904918088916,1.8835824151735228,1.9635345596775553,0.37272760612681427,1.114653665570007,1.2167569293211336,0.4878981767565247,1.8835824151735228,5.053509276510808,0.2635582178276989,0.788179165598994,0.8603770757786942,1.3318938986929327,1.1622810836689697,0.30632873102664027,0.916085734717703,1.5480350839049108,0.004635885136060913,True,True,true,
6,312,528318019,gaussian,identified_unknot,false,0_1,0_1,1,"{""2"": ""1"", ""3"": ""1"", ""4"": ""1""}",0,0,"1-c,2+a,3-a,4-c,5-a,6-c,2-a,3+a,4+c,5+a,6+c,1+c",----,6,0,1.5682723367130427,1.9557329694011008,1.9731724448448673,2.3483135136240114,1.4973888518277794,0.6335042661070095,1.807198606822979,1.9324281252944198,0.6843330000270249,3.1176320757173777,4.921248746872302,0.4479551624748735,1.2778823898354097,1.3664330315512914,2.2044987819844497,0.7318324256730786,0.32782811314676474,0.9351957690781584,1.613323691013027,0.08665818990418406,True,True,true,
6,313,362066718,gaussian,identified_unknot,false,0_1,0_1,1,"{""2"": ""1"", ""3"": ""1"", ""4"": ""1""}",0,0,"1+c,2+a,3+c,4+a,5+c,1-c,2-a,3-c,4-a,5-c",----,5,0,0.31206305045634747,0.8337160315176867,0.8891858458242271,1.1734327166051353,3.760242408991254,0.31206305045634747,0.8158262174083966,0.8523143867018764,0.24671318726023422,1.2752286953063237,4.086445650779496,0.220661899135443,0.5768762505992477,0.6026772825397502,0.901722858014775,1.6592628077598794,0.3661360823251025,0.9571893072992997,1.4961952012108588,0.19432346213091026,True,True,true,
6,314,1803087829,gaussian,identified_unknot,false,0_1,0_1,1,"{""2"": ""1"", ""3"": ""1"", ""4"": ""1""}",0,0,"1+c,2-c,3-a,1-c,2+c,3+a",----,3,0,0.8318934128195098,1.3341465963356802,1.364725851699544,1.7562987371629735,2.1112064479635753,0.2678693946706543,1.1606354637247953,1.221672432733209,0.38132512800051177,1.7562987371629735,6.556548721522833,0.18941226544395526,0.8206932068853959,0.8638528615743183,1.2418907468373084,1.1576045464242162,0.2192644996264331,0.9500381875100042,1.4376183747010336,0.03747214209814121,True,True,true,
6,315,2908339797,gaussian,identified_unknot,false,0_1,0_1,1,"{""2"": ""1"", ""3"": ""1"", ""4"": ""1""}",0,0,"1-a,1+a",----,1,0,0.3423579798611112,1.299324968512322,1.4730620742019915,2.170066283320273,6.338588293460055,0.3423579798611112,1.5571243397565777,1.6832142529203766,0.6391979441236832,2.8691920068509913,8.380678049376776,0.2420836491531192,1.1010531797925016,1.1902122124298466,2.028825124570575,0.8401863042208885,0.20339536649426546,0.9250898018805194,1.704591083323435,0.33749977163640343,True,True,true,
6,316,1355417064,gaussian,identified_unknot,false,0_1,0_1,1,"{""2"": ""1"", ""3"": ""1"", ""4"": ""1""}",0,0,"1+c,2+a,2-a,1-c",----,2,0,0.7094042172725711,1.47388778102511,1.5616155421387454,2.1681916552743274,3.056355745403263,0.7094042172725711,1.599566574087004,1.7207909792757594,0.6344354730154933,2.856480316560131,4.02659054881626,0.5016245326357699,1.1310643714962545,1.216782970450529,2.0198366021655643,0.8218392468376982,0.41225472809669345,0.9295530911954362,1.6599809918589628,0.11327662960174001,True,True,true,
6,317,1139609092,gaussian,identified_unknot,false,0_1,0_1,1,"{""2"": ""1"", ""3"": ""1"", ""4"": ""1""}",0,0,"1-a,1+a",----,1,0,0.5887424432919189,1.5536621230249568,1.6236816551241529,2.057179840772642,3.4941931980817302,0.40940625903806305,1.4503626877454558,1.5576688521641966,0.5681375951284181,2.7600133368100623,6.741502543940004,0.2894939420260306,1.025561291684759,1.1014382082083691,1.9516241466237054,0.9079038592883286,0.2628326672060249,0.931111054657316,1.7718870945999532,0.21438075442969806,True,True,true,
6,318,3812765023,gaussian,identified_unknot,false,0_1,0_1,1,"{""2"": ""1"", ""3"": ""1"", ""4"": ""1""}",0,0,"1+c,1-c",----,1,0,0.7467083397976071,1.4239093858679164,1.491207998246351,2.1552943737469534,2.886393868764261,0.36846533909080237,1.3243220866753305,1.43157408800251,0.5436684469270918,2.1552943737469534,5.849381597371403,0.260544339903307,0.9364371279632449,1.0122757453975222,1.5240232671296838,0.9878731210805595,0.25738475024015406,0.9250810682967661,1.505541621498792,0.036648383603947066,True,True,true,
6,319,480305537,gaussian,identified_unknot,false,0_1,0_1,1,"{""2"": ""1"", ""3"": ""1"", ""4"": ""1""}",0,0,"1+a,2+c,3+a,3-a,2-c,1-a",----,3,0,0.33834712891355845,1.0966600598749667,1.2104357534607428,1.840277426384499,5.439021848046053,0.33834712891355845,1.0364366825023017,1.1009082588687769,0.3712115267729501,1.840277426384499,5.439021848046053,0.23924754924977615,0.7328714064678662,0.7784596953103872,1.3012726474610066,1.2845880217360262,0.30733453599596244,0.9414378302214556,1.6715992559411361,0.04501226939242021,True,True,true,
6,320,3548746833,gaussian,identified_unknot,false,0_1,0_1,1,"{""2"": ""1"", ""3"": ""1"", ""4"": ""1""}",0,0,"1-c,2+c,2-c,1+c,3+a,3-a",----,3,0,0.5582150462838525,1.3541297511390364,1.4395012913209655,1.9948999745973859,3.5737122957860556,0.3773190123273426,1.3957252501758932,1.481065307649939,0.4954850871072197,2.103977269744396,5.576123123949803,0.2668048322872745,0.9869267890726645,1.047271322419412,1.4877365948986203,0.954862392001525,0.2547619003553926,0.942379274544309,1.4205837236731003,0.01020544985275597,True,True,true,
6,321,1728789376,gaussian,identified_unknot,false,0_1,0_1,1,"{""2"": ""1"", ""3"": ""1"", ""4"": ""1""}",0,0,"1-a,1+a",----,1,0,0.9860809943166197,1.4785912757906325,1.5441971634707374,2.295533643015849,2.327936200217219,0.6079039777880165,1.4924717433542363,1.588270992345468,0.5432613003106551,2.7337758673782946,4.497052112285397,0.4298530250041828,1.055336890455089,1.1230771890493676,1.9330714540673277,0.8904107480327806,0.382745753538128,0.9396833100567047,1.7212275994169044,0.18171624600023287,True,True,true,
6,322,1287846722,gaussian,identified_unknot,false,0_1,0_1,1,"{""2"": ""1"", ""3"": ""1"", ""4"": ""1""}",0,0,"1+c,1-c,2-a,3-c,3+c,2+a",----,3,0,1.2619847681044707,1.7825668056489024,1.8119613191031068,2.15259531799414,1.7057221072702695,0.40619708619420297,1.619816343870982,1.717607943061575,0.5712898197908479,2.2474908029913543,5.533005724016514,0.2872247141461374,1.145383121027972,1.214532223958717,1.5892159874495855,0.8233622626664789,0.23648999053309636,0.9430652381495843,1.3085004712922332,0.33802134541427525,True,True,true,
6,323,1708747614,gaussian,identified_unknot,false,0_1,0_1,1,"{""2"": ""1"", ""3"": ""1"", ""4"": ""1""}",0,0,"1+c,2+a,3-a,1-c,2-a,3+a",----,3,0,0.3229082235820829,1.17291295801619,1.2977657308581734,1.8854100126190665,5.83884173559859,0.3229082235820829,1.1425658276827457,1.250340760231569,0.5078339749446663,2.187493716101943,6.774351212972081,0.22833059459579264,0.8079160447064898,0.8841244303536855,1.5467916404586441,1.1310625129993972,0.25825617611816376,0.9138035518182558,1.749518039943614,0.06505130585903646,True,True,true,
6,324,1449350328,gaussian,identified_unknot,false,0_1,0_1,1,"{""2"": ""1"", ""3"": ""1"", ""4"": ""1""}",0,0,"1+c,2+a,2-a,1-c",----,2,0,0.47756177395505234,1.089608813377792,1.2039752252058702,1.9347400434870714,4.051287496199743,0.31146707556697883,1.2750383470116202,1.389135455729557,0.5513388504493755,2.068054271811125,6.639720323718145,0.22024048124975354,0.901588261444803,0.9822671007330348,1.4623351994594538,1.0180530318624452,0.22421648967515564,0.9178646630554728,1.4887347834088707,0.07493576878634248,True,True,true,
6,325,3203759671,gaussian,identified_unknot,false,0_1,0_1,1,"{""2"": ""1"", ""3"": ""1"", ""4"": ""1""}",0,0,"1+a,2+c,3+a,4+c,5+c,6+a,4-c,1-a,2-c,3-a,6-a,5-c",----,6,0,0.9680740237298823,1.54628710613711,1.6114903647732068,2.384389164269082,2.4630235971855683,0.9278494928942603,1.4403019280818299,1.4994683492536438,0.41705597511270803,2.384389164269082,2.569801656981465,0.6560886683460307,1.0184472603027208,1.0602842379318498,1.6860177470423925,0.9431433234832972,0.6187856471636063,0.9605417338743668,1.5901563813973834,0.01440145943043962,True,True,true,
6,326,2976910542,gaussian,identified_unknot,false,0_1,0_1,1,"{""2"": ""1"", ""3"": ""1"", ""4"": ""1""}",0,0,"1-a,1+a",----,1,0,1.0604192327469828,1.3527785656079854,1.419812352038854,2.3092319675105237,2.177659454109042,0.4416379283396753,1.3317536639767675,1.4430509549967003,0.5557231659750598,2.3831939508089652,5.396261955508469,0.3122851739581629,0.941692046668003,1.02039111587589,1.6851726034997785,0.9800163725863228,0.3060445833949676,0.9228736236689667,1.6514967420637026,0.018688087432568667,True,True,true,
6,327,4103716188,gaussian,identified_unknot,false,0_1,0_1,1,"{""2"": ""1"", ""3"": ""1"", ""4"": ""1""}",0,0,"1-a,2-c,2+c,1+a",----,2,0,1.0758307814384667,1.6969932396518257,1.747141980190061,2.260879664736094,2.1015197777787393,0.4406875342545086,1.601543161660333,1.6864048571746406,0.5282242361357943,2.3734256293308107,5.385733529644375,0.31161314385574196,1.1324620299729646,1.1924683103341194,1.6782653571417654,0.8385967084691823,0.261317756753159,0.9496789308016567,1.407387804436941,0.4406875342545086,True,True,true,
6,328,2285479936,gaussian,identified_unknot,false,0_1,0_1,1,"{""2"": ""1"", ""3"": ""1"", ""4"": ""1""}",0,0,----,----,0,0,0.5487557465028124,1.6022054333363511,1.7156359082006798,2.2720526740132136,4.140371537779548,0.5487557465028124,1.6041013713689496,1.7176547266460584,0.6141632928967687,2.627406695830178,4.787934727926739,0.3880289095672247,1.1342709574056247,1.2145653049485534,1.8578570915564594,0.8233398368335229,0.3194796590897686,0.9338904649953506,1.5296477546220988,0.40512538267961745,True,True,true,
6,329,3728723254,gaussian,identified_unknot,false,0_1,0_1,1,"{""2"": ""1"", ""3"": ""1"", ""4"": ""1""}",0,0,"1-c,2-a,3-c,4-a,5-c,3+c,2+a,1+c,4+a,5+c",----,5,0,0.34345982540223324,1.2170517570079395,1.29704143727345,1.7474064455830833,5.087658923533947,0.34345982540223324,1.1796692847585453,1.2672529126631094,0.46293662984300166,1.751728566442348,5.100242988800396,0.24286277160706674,0.8341521508102516,0.8960831280224882,1.238659148129574,1.115967892629381,0.27102705542846894,0.9308870178719819,1.3823038392242648,0.2348170630766689,True,True,true,
6,330,554342494,gaussian,identified_unknot,false,0_1,0_1,1,"{""2"": ""1"", ""3"": ""1"", ""4"": ""1""}",0,0,"1-c,1+c",----,1,0,0.36358797534647225,1.1782811312873025,1.2934144527647398,1.9786659892311376,5.442055632740924,0.36358797534647225,1.2470791855934371,1.312506773595853,0.40922797508797615,1.9786659892311376,5.442055632740924,0.2570955229253778,0.8818181488097163,0.9280824399629043,1.3991281386885255,1.0774904867718111,0.27701798014371865,0.9501506664051987,1.5075472592116375,0.20447761466027142,True,True,true,
6,331,2824969859,gaussian,identified_unknot,false,0_1,0_1,1,"{""2"": ""1"", ""3"": ""1"", ""4"": ""1""}",0,0,"1-c,1+c",----,1,0,0.5867480494860007,1.2278188168988715,1.2827938288668317,1.8289629407533952,3.1171180583481988,0.4629694902852791,1.1624532803226049,1.2279441741967603,0.3956630713258182,1.8289629407533952,3.9505042538038495,0.32736886606320026,0.8219785973286605,0.8682876524930443,1.2932720979456154,1.1516920655600487,0.37702812555637805,0.9466662286035965,1.4894512138141633,0.1961455554411148,True,True,true,
6,332,2642533996,gaussian,identified_unknot,false,0_1,0_1,1,"{""2"": ""1"", ""3"": ""1"", ""4"": ""1""}",0,0,"1+a,2+c,3-c,1-a,2-c,3+c",----,3,0,1.2799892260813501,1.8091536720182801,1.8625182499291493,2.351116871552654,1.8368255166885505,0.5905226551872079,1.6130018470620842,1.734934567380725,0.6389233087521909,2.6939908834993296,4.562044927209912,0.41756257392716006,1.140564544124026,1.2267839975098598,1.9049392221771142,0.8151394231012236,0.3403717156196473,0.9297191245069688,1.5527910586083464,0.014339832339527396,True,True,true,
6,333,1101337682,gaussian,identified_unknot,false,0_1,0_1,1,"{""2"": ""1"", ""3"": ""1"", ""4"": ""1""}",0,0,"1-a,1+a",----,1,0,0.7994224659486526,1.2352665142760049,1.3083080182547178,2.017146920355565,2.5232552327158735,0.7994224659486526,1.5125510482798392,1.6026974453285416,0.5299324745759519,2.5824379267685593,3.2303794761435074,0.5652770467051641,1.0695351031294953,1.1332782317821677,1.826059370011377,0.8823958423938159,0.4987981158132917,0.9437533282957079,1.6113071960623098,0.45043329789689684,True,True,true,
6,334,3371359085,gaussian,identified_unknot,false,0_1,0_1,1,"{""2"": ""1"", ""3"": ""1"", ""4"": ""1""}",0,0,"1+a,2+c,2-c,1-a",----,2,0,1.2492726232384075,1.525919889600026,1.5338592038779735,1.720141302821486,1.3769142706117072,0.8380729644742508,1.5918329786094112,1.6583347795075132,0.46491075394716536,2.3270109132249077,2.776620905179436,0.5926070763088552,1.125595893691095,1.1726197680672605,1.6454451966364327,0.8527913542240751,0.5053701911281985,0.9598984464898871,1.4032214375410832,0.6677356178633145,True,True,true,
6,335,2221620771,gaussian,identified_unknot,false,0_1,0_1,1,"{""2"": ""1"", ""3"": ""1"", ""4"": ""1""}",0,0,----,----,0,0,0.19015770638480242,1.1573513255825507,1.2872269300796084,1.8777452922830953,9.87467364842578,0.19015770638480242,1.1150758340488074,1.2309197000163885,0.5213148685859553,1.8777452922830953,9.87467364842578,0.13446180367957422,0.788477683793157,0.8703916669776991,1.3277664295144922,1.1489080582220483,0.1544842497705339,0.9058883646382143,1.5254815503059176,0.08323810518068017,True,True,true,
6,336,3568463674,gaussian,identified_unknot,false,0_1,0_1,1,"{""2"": ""1"", ""3"": ""1"", ""4"": ""1""}",0,0,"1+a,2+c,3-c,1-a,2-c,3+c",----,3,0,0.6991491581731178,1.1914968593938011,1.2337851931445498,1.7157704416509854,2.4540835408202546,0.30723577911696676,1.056788332761228,1.1117112296266913,0.3451090810422612,1.7157704416509854,5.584539816886951,0.21724850283673944,0.7472621963742899,0.7860985491902684,1.2132329142508493,1.2721051336757505,0.2763629357419871,0.950596076209551,1.543359818562897,0.052322887314462746,True,True,true,
6,337,2500431567,gaussian,identified_unknot,false,0_1,0_1,1,"{""2"": ""1"", ""3"": ""1"", ""4"": ""1""}",0,0,"1-c,2-a,3+a,1+c,2+a,3-a",----,3,0,1.2869964729728,1.525064927877086,1.5467956120168427,2.0322410883915225,1.579057232144002,0.5729162957308837,1.2977243672238998,1.3680377361926868,0.4329419295477623,2.0394436465346844,3.5597584878135033,0.4051129977635853,0.917629700175041,0.967348760180942,1.4421044323124956,1.0337533278204136,0.41878690958141007,0.9486027562627971,1.4907802559676109,0.0427927990716718,True,True,true,
6,338,1417428434,gaussian,identified_unknot,false,0_1,0_1,1,"{""2"": ""1"", ""3"": ""1"", ""4"": ""1""}",0,0,"1-a,2+c,3+a,4-a,2-c,3-a,4+a,1+a",----,4,0,1.2099822003203686,1.9106383830157225,1.990318946049872,2.649283164159263,2.1895224272372014,1.1034466066165791,1.670360893020092,1.7392861804877842,0.48477923295548153,2.649283164159263,2.4009164995147105,0.7802545782158677,1.181123514483324,1.2298610526469616,1.8733260906603681,0.81309998218722,0.6344249836488188,0.9603715085872976,1.5232014109467997,0.058241659668458505,True,True,true,
6,339,2600941262,gaussian,identified_unknot,false,0_1,0_1,1,"{""2"": ""1"", ""3"": ""1"", ""4"": ""1""}",0,0,"1-c,1+c,2+c,2-c",----,2,0,1.182760646422257,1.8253127834436687,1.9026367014096417,2.8981554597094377,2.4503313231431,0.7512271863189977,1.7202295467477389,1.7914981397020435,0.5002758149780481,2.8981554597094377,3.8578948053123017,0.5311978376578532,1.2163859777027872,1.2667804830663998,2.0493053784933593,0.7894027523848296,0.4193290351079792,0.9602184387608923,1.6177273062596929,0.2142607400078733,True,True,true,
6,340,1556314553,gaussian,identified_unknot,false,0_1,0_1,1,"{""2"": ""1"", ""3"": ""1"", ""4"": ""1""}",0,0,"1+a,1-a",----,1,0,0.5924252237175839,1.1381021082028158,1.2148282466806846,1.801414626519593,3.040745995275766,0.5376205923941958,1.1792772008174746,1.2806937363842361,0.4994814611633921,1.973178177481606,3.670205727601346,0.3801551665874646,0.8338749055967262,0.9055872256204299,1.3952476697865566,1.1042558593015561,0.41978857014796694,0.9208112504297168,1.5407104145386477,0.3677602712058183,True,True,true,
6,341,2638823105,gaussian,identified_unknot,false,0_1,0_1,1,"{""2"": ""1"", ""3"": ""1"", ""4"": ""1""}",0,0,----,----,0,0,0.9299774424974828,1.3151883010296903,1.3633525135014044,1.8458509991484924,1.984834163494765,0.5456866525563372,1.3057649329089862,1.4001575042121444,0.505389925292117,2.3282703416062436,4.266680027263212,0.3858587324255735,0.9233152386955413,0.9900608659576392,1.6463357469852942,1.0100389121357172,0.389732334337193,0.9325843192503747,1.6628631668951699,0.29594297378339707,True,True,true,
6,342,3139806056,gaussian,identified_unknot,false,0_1,0_1,1,"{""2"": ""1"", ""3"": ""1"", ""4"": ""1""}",0,0,"1+a,2+c,2-c,1-a,3-c,3+c",----,3,0,0.9601621969714422,1.7910964026840575,1.8496767632901128,2.3769342584792206,2.4755549280908804,0.7473605337554025,1.589940166189775,1.6879081651080532,0.5666782524280117,2.3769342584792206,3.180438558262361,0.5284637014096427,1.124257473193656,1.193531309568047,1.6807463326052747,0.8378498259605035,0.4427732202525126,0.9419589282501003,1.408213022257084,0.20147503015742044,True,True,true,
6,343,1516067782,gaussian,identified_unknot,false,0_1,0_1,1,"{""2"": ""1"", ""3"": ""1"", ""4"": ""1""}",0,0,"1-a,2+c,3+a,4+c,5+a,1+a,6+c,3-a,4-c,5-a,2-c,6-c",----,6,0,0.5395761862954492,1.1934418701763574,1.2839173589488708,1.8289257477896144,3.3895597957100567,0.46357331147696684,1.0863384347901741,1.17351967194721,0.44386622482987165,1.8289257477896144,3.94527834650914,0.3277958321224668,0.7681572739037121,0.8298037178896849,1.2932457985487136,1.20510426555228,0.3950281555210438,0.9257096073963745,1.5584960282386193,0.008687674728260908,True,True,true,
6,344,2891408214,gaussian,identified_unknot,false,0_1,0_1,1,"{""2"": ""1"", ""3"": ""1"", ""4"": ""1""}",0,0,"1+a,2+c,2-c,1-a",----,2,0,1.0137159673678904,1.4422238537776018,1.4676707687252528,1.8264210310807172,1.801708851270255,0.41174647647407264,1.284594795517535,1.3777549121082064,0.49802089230026675,2.2660321090371878,5.503464482421328,0.291148725644484,0.9083456909873953,0.9742198411647884,1.6023266706866495,1.026462362750063,0.29885320883670696,0.9323826641647606,1.6447280202904604,0.01018489823260328,True,True,true,
6,345,3597802519,gaussian,identified_unknot,false,0_1,0_1,1,"{""2"": ""1"", ""3"": ""1"", ""4"": ""1""}",0,0,"1-c,1+c",----,1,0,0.47972325757029466,0.9965313191279174,1.091623636614314,1.8682510117863473,3.894434931607604,0.3975559059563619,0.981319860567816,1.0887937996817854,0.4716813219544122,1.8699788053511257,4.703687650803974,0.28111447700250486,0.69389792792054,0.7698934790688579,1.3222746939388998,1.2988809844310447,0.3651342486268318,0.9012908237120931,1.7174774561516168,0.22888700011925064,True,True,true,
6,346,1854722976,gaussian,identified_unknot,false,0_1,0_1,1,"{""2"": ""1"", ""3"": ""1"", ""4"": ""1""}",0,0,----,----,0,0,0.8067835468533006,1.2615690575989613,1.2986005531007139,1.7674695006270582,2.1907604679355734,0.6036071108792748,1.3883764385936013,1.4829351171970189,0.5210637452119306,2.6571376891963085,4.402098055680051,0.4268146812751554,0.9817303945691637,1.0485934774296795,1.8788800785770625,0.9536584210414962,0.4070354150221942,0.9362354579732738,1.7918098090621237,0.37956007636932043,True,True,true,
6,347,465283124,gaussian,identified_unknot,false,0_1,0_1,1,"{""2"": ""1"", ""3"": ""1"", ""4"": ""1""}",0,0,"1+a,1-a,2+a,3+c,3-c,2-a",----,3,0,0.7990988103213106,1.7450923153315994,1.9147573385454282,3.1037349998654906,3.8840440753722385,0.7014616915810165,1.6110807723442804,1.732427759856331,0.6369652173418755,3.1037349998654906,4.4246678572995455,0.49600831885952323,1.139206139163901,1.2250114169102313,2.1946720654109164,0.8163189225797068,0.4049009764419777,0.929955528118463,1.7915523358520191,0.005985690143333408,True,True,true,
6,348,3551324975,gaussian,identified_unknot,false,0_1,0_1,1,"{""2"": ""1"", ""3"": ""1"", ""4"": ""1""}",0,0,"1+a,1-a",----,1,0,1.173151081434868,1.666329004049618,1.7253666403804446,2.449386862040611,2.0878699263907197,0.5474645994323067,1.6019819536241362,1.7168734408172364,0.6175016048936324,3.0152519705391567,5.507665653022719,0.38711593071816097,1.1327723027460999,1.2140128524409484,2.1321051153543378,0.8237145084496884,0.31887300858455364,0.9330809805419255,1.7562459170571645,0.269589728611792,True,True,true,
6,349,3304602440,gaussian,identified_unknot,false,0_1,0_1,1,"{""2"": ""1"", ""3"": ""1"", ""4"": ""1""}",0,0,"1-a,1+a",----,1,0,0.4564779395616394,1.4463102184483876,1.5782746060934727,2.5781332166525335,5.647881295486792,0.4564779395616394,1.6169213739658927,1.6962677314836119,0.5127274980774966,2.5834236602853107,5.659470998239695,0.3227786465260982,1.1433360681767522,1.1994424156399837,1.8267563888655147,0.8337207246972606,0.2691072470985395,0.9532229753328382,1.5230046603703078,0.11802885420939081,True,True,true,
6,350,1009042389,gaussian,identified_unknot,false,0_1,0_1,1,"{""2"": ""1"", ""3"": ""1"", ""4"": ""1""}",0,0,"1-a,2-c,2+c,1+a",----,2,0,1.0123024162818233,1.4941854648598738,1.530055808585989,1.8683750054918142,1.8456688193576947,0.3217099523410123,1.5037383011385528,1.5979974366747907,0.5407096534260698,2.5226620863102207,7.8414176122105195,0.2274832888755308,1.0633035498650092,1.129954823791465,1.7837914678721605,0.8849911332247665,0.20132069361165295,0.9410142135569516,1.5786396325888532,0.21195284162938857,True,True,true,
6,351,1156700725,gaussian,identified_unknot,false,0_1,0_1,1,"{""2"": ""1"", ""3"": ""1"", ""4"": ""1""}",0,0,"1+c,1-c,2-a,3-c,3+c,2+a",----,3,0,0.982986330878709,1.6895795639399118,1.7366264504653526,2.1241664659180737,2.1609318453281476,0.5655677482854469,1.4510662268874168,1.5303498034209397,0.4861865136110058,2.1874890685148833,3.8677754789702736,0.39991679003304587,1.0260587689828697,1.0821207235864463,1.5467883541183183,0.9241113105067652,0.36956762893109685,0.9481925136617181,1.4294046130008815,0.03350808510728925,True,True,true,
6,352,970191705,gaussian,identified_unknot,false,0_1,0_1,1,"{""2"": ""1"", ""3"": ""1"", ""4"": ""1""}",0,0,"1-c,2-a,2+a,1+c",----,2,0,0.8678736285689946,1.3349593790308507,1.3638419414364686,1.567755274153392,1.806432667781837,0.49531096267888414,1.2507694121527162,1.3324651536455379,0.4593900992650757,2.059592613218708,4.158180957835908,0.35023774050627593,0.8844275330338973,0.9421951458375347,1.4563519032886705,1.0613512544803885,0.3717252652527127,0.9386882716825221,1.545700919520332,0.14708140145399407,True,True,true,
6,353,2549584747,gaussian,identified_unknot,false,0_1,0_1,1,"{""2"": ""1"", ""3"": ""1"", ""4"": ""1""}",0,0,"1+a,2+c,2-c,1-a",----,2,0,0.31865597961255687,0.9479338061463937,1.0950442926019819,1.9351454703216147,6.072835892408149,0.31865597961255687,1.056131128131361,1.137680033891779,0.4229691474658383,1.9351454703216147,6.072835892408149,0.2253238040496812,0.7467974825238838,0.8044612667854181,1.3683544846468445,1.2430679279264043,0.28009279421253236,0.9283199991816193,1.700957573898756,0.22516604522035927,True,True,true,
6,354,2782147456,gaussian,identified_unknot,false,0_1,0_1,1,"{""2"": ""1"", ""3"": ""1"", ""4"": ""1""}",0,0,----,----,0,0,0.5337075352387409,1.0563905259090556,1.1217302519158536,1.5216478146883923,2.8510892468619926,0.4739006312941714,1.1998614078972523,1.3235735375018085,0.558730266778053,2.5034123989807155,5.282568187647623,0.3350983499966944,0.8484301380081851,0.9359078237665959,1.7701798834257467,1.0684812912188968,0.3580463176897898,0.9065317293680124,1.8914040875324578,0.21114057999053032,True,True,true,
6,355,1348041991,gaussian,identified_unknot,false,0_1,0_1,1,"{""2"": ""1"", ""3"": ""1"", ""4"": ""1""}",0,0,"1+c,1-c,2-a,2+a",----,2,0,0.9930446220534356,1.6308841913818402,1.7285007376860888,2.631309613762084,2.649739553818855,0.6305527889629978,1.4847701625605887,1.5853997186836974,0.5558325578554666,2.631309613762084,4.173020339961568,0.44586815297182575,1.0498910504500447,1.1210468919724872,1.8606168712925248,0.8920233463566323,0.3977248018477788,0.9365273281323285,1.6597136878179652,0.11246687152632436,True,True,true,
6,356,3970030171,gaussian,identified_unknot,false,0_1,0_1,1,"{""2"": ""1"", ""3"": ""1"", ""4"": ""1""}",0,0,"1-a,2-c,3-a,1+a,2+c,3+a",----,3,0,0.8498907260587965,1.2087642782529449,1.2448464939839514,1.7496926186706652,2.058726569219699,0.390142412114201,1.2080538402849224,1.2756488608247705,0.40973886207728194,1.9054782164213016,4.884058121482925,0.27587234523442816,0.854223062503919,0.9020199599020895,1.34737656823475,1.10862291795466,0.3058384043567871,0.9470112641372607,1.4937325426601449,0.03862904540674295,True,True,true,
6,357,2776980996,gaussian,identified_unknot,false,0_1,0_1,1,"{""2"": ""1"", ""3"": ""1"", ""4"": ""1""}",0,0,"1+a,2+c,3+a,4+c,5+a,3-a,2-c,1-a,4-c,5-a",----,5,0,0.9223196723740538,1.1701051975760388,1.1958625535748488,1.647897161693739,1.7866876431812915,0.5232490640319335,0.9854358976181617,1.0428052515992494,0.34111418095479645,1.6712505037054268,3.193986609029905,0.3699929614264942,0.6968084056304545,0.737374664862773,1.1817525642315405,1.3561626777428026,0.5017706453141438,0.94498555325349,1.6026487219376693,0.14344836869498026,True,True,true,
6,358,2961187144,gaussian,identified_unknot,false,0_1,0_1,1,"{""2"": ""1"", ""3"": ""1"", ""4"": ""1""}",0,0,"1+a,2+c,3+a,3-a,2-c,1-a",----,3,0,0.6682811538495648,1.2222437092244032,1.260858987704125,1.648532286005871,2.466824444337044,0.6498914856665049,1.3427898932887234,1.4442579860861497,0.5317860780946404,2.4404230201049337,3.755123853641697,0.45954267655018555,0.9494958392532168,1.0212446157443429,1.7256396664799527,0.979197329007352,0.4499829614428312,0.9297437897003441,1.6897417522463074,0.006389839978051082,True,True,true,
6,359,1004875441,gaussian,identified_unknot,false,0_1,0_1,1,"{""2"": ""1"", ""3"": ""1"", ""4"": ""1""}",0,0,"1-c,1+c",----,1,0,0.33231225565112404,1.3057108781454911,1.432011205108744,2.0292682773007336,6.106510496655135,0.33231225565112404,1.2557197728614964,1.401517255176262,0.6224294888591606,2.556177751742534,7.692095937701802,0.2349802494423074,0.8879279666603952,0.9910223550850917,1.8074906221753289,1.0090589731592254,0.23710892921495336,0.8959716822776973,1.823864631207167,0.15610904291417754,True,True,true,
6,360,4263772253,gaussian,identified_unknot,false,0_1,0_1,1,"{""2"": ""1"", ""3"": ""1"", ""4"": ""1""}",0,0,"1-c,2+c,3+a,1+c,2-c,3-a",----,3,0,1.1994287089651192,1.7050804361183445,1.7530998135868339,2.443690302984621,2.037378532562444,0.7352302502753258,1.5066407951619258,1.5596322320870928,0.4030957872749434,2.443690302984621,3.3237075080486944,0.5198862957031654,1.06535592307129,1.1028265274658946,1.7279499843602344,0.9067609230418385,0.4714125773686044,0.9660231201722127,1.5668375227886164,0.10601591436250409,True,True,true,
6,361,468167888,gaussian,identified_unknot,false,0_1,0_1,1,"{""2"": ""1"", ""3"": ""1"", ""4"": ""1""}",0,0,"1+a,2+c,3+a,4+c,5-c,1-a,4-c,3-a,2-c,5+c",----,5,0,0.9647070822362981,1.6171068028654652,1.684126430221432,2.4703714185368715,2.5607476756678063,0.9647070822362981,1.542243287206548,1.6025655675539328,0.43554797827082165,2.4703714185368715,2.5607476756678063,0.6821509197079747,1.090530686623182,1.133184980113454,1.7468163820968525,0.8824684562090476,0.6019766690162783,0.962358931472952,1.5415103559896832,0.034389370509883964,True,True,true,
6,362,379398997,gaussian,identified_unknot,false,0_1,0_1,1,"{""2"": ""1"", ""3"": ""1"", ""4"": ""1""}",0,0,"1+a,1-a",----,1,0,0.8832906207771417,1.6416289274685714,1.8061890105202973,3.1873257237070423,3.608467755383558,0.43212171941950195,1.4918435569879416,1.6735445046364221,0.7583890891042235,3.1873257237070423,7.3759905611520535,0.30555619809952045,1.054892695615633,1.1833746678458956,2.2537796330835698,0.8450409047713573,0.25820748610051486,0.8914274779397305,1.9045359802961974,0.12326997410418232,True,True,true,
6,363,2231644241,gaussian,identified_unknot,false,0_1,0_1,1,"{""2"": ""1"", ""3"": ""1"", ""4"": ""1""}",0,0,"1-c,1+c",----,1,0,0.843761600457364,1.9113720864890924,2.0951489899062716,3.354793187922038,3.9759965209409387,0.8164702241842661,1.7496513430377945,1.8669969576928145,0.6514582241711789,3.354793187922038,4.108898387903619,0.5773316321575952,1.2371903293741746,1.3201662092392428,2.3721970126581087,0.7574803786079775,0.43731738330909675,0.9371473991044783,1.796892691280977,0.012340593197754709,True,True,true,
6,364,3401477380,gaussian,identified_unknot,false,0_1,0_1,1,"{""2"": ""1"", ""3"": ""1"", ""4"": ""1""}",0,0,"1+a,2+c,2-c,1-a",----,2,0,0.6562539146533067,1.2906614144450161,1.3377162756888954,1.7122063734223334,2.6090608150152934,0.6562539146533067,1.4593907016960201,1.5350598638568391,0.4760121484031423,2.2947202921684413,3.496695777244578,0.46404159323157096,1.0319450615698498,1.0854512392604694,1.6226122795186804,0.9212758379467251,0.4275103076465489,0.9507060513127481,1.494873487476218,0.36624087171035546,True,True,true,
6,365,615166988,gaussian,identified_unknot,false,0_1,0_1,1,"{""2"": ""1"", ""3"": ""1"", ""4"": ""1""}",0,0,"1-a,1+a",----,1,0,0.8720835464262369,1.3990576355529667,1.4519555466007228,1.8305905756147216,2.099100003797122,0.8720835464262369,1.4409186172687396,1.4998579713057913,0.416326161198006,2.2836646064893458,2.6186305381493677,0.6166561894392054,1.018883325408669,1.0605597423270232,1.6147947292043248,0.9428983206602334,0.5814440854469655,0.9607033764765482,1.5225872383777541,0.4268105725667618,True,True,true,
6,366,1772602622,gaussian,identified_unknot,false,0_1,0_1,1,"{""2"": ""1"", ""3"": ""1"", ""4"": ""1""}",0,0,"1-c,2-a,2+a,1+c",----,2,0,0.65252998691481,1.3075890703233346,1.4221293034819982,2.3171302128054796,3.5509942213705328,0.65252998691481,1.3476075173799835,1.435258413132081,0.4938832772704264,2.3171302128054796,3.5509942213705328,0.46140837867503126,0.9529024139173545,1.0148809566807377,1.6384584863669824,0.9853372392271432,0.45464285799992754,0.9389302337822065,1.6144341615451263,0.3250499088231155,True,True,true,
6,367,2406341148,gaussian,identified_unknot,false,0_1,0_1,1,"{""2"": ""1"", ""3"": ""1"", ""4"": ""1""}",0,0,----,----,0,0,0.32388820999696477,1.4173075373553496,1.5446358622287926,2.290229376611171,7.071048917256461,0.32388820999696477,1.524520035549366,1.6249818478568496,0.5624985929518588,2.43517312710425,7.518560577203692,0.2290235496352263,1.0779984551917132,1.149035683924625,1.7219274315386655,0.8702949908260625,0.19931804802874156,0.9381766556715817,1.4985848182340884,0.3162113871121101,True,True,true,
6,368,413262229,gaussian,identified_unknot,false,0_1,0_1,1,"{""2"": ""1"", ""3"": ""1"", ""4"": ""1""}",0,0,"1+a,1-a,2-c,2+c",----,2,0,0.34810644376193844,1.394895800018273,1.5073796076067558,1.9721257470077371,5.6652951485047085,0.34810644376193844,1.4084387173767683,1.4694502108437422,0.4190278052144054,1.9721257470077371,5.6652951485047085,0.2461484269588002,0.995916567942796,1.039058208703612,1.3945034890617565,0.962409989761456,0.2368957050692174,0.9584800539570906,1.3420840886302396,0.34803822866092904,True,True,true,
6,369,3002327488,gaussian,identified_unknot,false,0_1,0_1,1,"{""2"": ""1"", ""3"": ""1"", ""4"": ""1""}",0,0,"1+c,2+a,3+a,4+c,2-a,1-c,4-c,3-a",----,4,0,0.6581608578128917,1.2640337727003357,1.2977480639999763,1.564857743429611,2.377622012694173,0.408190524743143,1.1102648663189223,1.188520025242361,0.42413650753021515,2.0125592436573694,4.9304408644071,0.2886342880619716,0.7850758158872856,0.84041056942488,1.423094288729795,1.1898946019733334,0.3434443813093562,0.9341574754640916,1.6933322122586634,0.054942702694739734,True,True,true,
6,370,4289774632,gaussian,identified_unknot,false,0_1,0_1,1,"{""2"": ""1"", ""3"": ""1"", ""4"": ""1""}",0,0,"1-a,2+a,2-a,1+a",----,2,0,0.5421176970625516,1.1905852838575581,1.2535766879674552,1.752269772164676,3.2322681618019424,0.5141555478241775,1.1184717485350169,1.2137100710733493,0.47128874838457196,2.0053044507625812,3.900190242522332,0.36356287445116015,0.7908789579546853,0.8582226216503718,1.4179643754777862,1.1651988362611425,0.42362303821824765,0.9215312414322244,1.6522104401664743,0.008173155257012852,True,True,true,
6,371,1351937574,gaussian,identified_unknot,false,0_1,0_1,1,"{""2"": ""1"", ""3"": ""1"", ""4"": ""1""}",0,0,"1-c,1+c,2+a,2-a",----,2,0,0.6267131606069267,1.3358407631878249,1.4151708732299588,2.0313639901977716,3.241297802379866,0.6267131606069267,1.2658487544723107,1.3263511460918158,0.3960230972304184,2.0313639901977716,3.241297802379866,0.4431531257240117,0.8950902382439159,0.937871889636072,1.4363912525270077,1.0662437066836878,0.47250923140043255,0.954384333441578,1.5315431333424216,0.13509342955899276,True,True,true,
6,372,3379795671,gaussian,identified_unknot,false,0_1,0_1,1,"{""2"": ""1"", ""3"": ""1"", ""4"": ""1""}",0,0,"1+a,1-a,2-c,2+c",----,2,0,0.8627358444301175,1.4039562130956231,1.4404422592174488,1.9382718748570427,2.246657406633398,0.46330807644991173,1.1456283167716705,1.2338870154172215,0.4582716733839524,1.9382718748570427,4.183548643721062,0.32760828263622793,0.8100815515085783,0.8724898758195473,1.370565186494578,1.1461451046187554,0.37548662937607025,0.9284710046035233,1.570866579061652,0.06667722078078211,True,True,true,
6,373,2086815473,gaussian,identified_unknot,false,0_1,0_1,1,"{""2"": ""1"", ""3"": ""1"", ""4"": ""1""}",0,0,"1+a,2+c,3+a,1-a,2-c,3-a",----,3,0,0.7367815734442869,1.1950848590299061,1.2479505863423603,1.832034696302509,2.486537071954938,0.3438293295802234,1.1510630337570793,1.275992831238944,0.5506465269945188,2.266781197677776,6.5927511199968265,0.24312405051700034,0.8139244767427906,0.9022631837144791,1.6028563563441192,1.1083240655826756,0.2694602361099296,0.9020920851408213,1.776484273408348,0.015456169108631802,True,True,true,
6,374,1549287636,gaussian,identified_unknot,false,0_1,0_1,1,"{""2"": ""1"", ""3"": ""1"", ""4"": ""1""}",0,0,----,----,0,0,0.5699196765984598,1.232250599143587,1.332639366672427,1.9972403972503765,3.504424358833892,0.5343837889408252,1.266007975702986,1.3676554093556144,0.5174022846838817,2.4058127582589037,4.502031700900475,0.3778664009162182,0.8952028246558352,0.9670784142818184,1.701166515629983,1.0340423126315255,0.3907298470691575,0.925677599081394,1.7590781579933417,0.3300134601122605,True,True,true,
6,375,1941251244,gaussian,identified_unknot,false,0_1,0_1,1,"{""2"": ""1"", ""3"": ""1"", ""4"": ""1""}",0,0,"1+c,2-a,3-c,4-a,2+a,3+c,4+a,1-c",----,4,0,0.7659344235934819,1.3885809336696295,1.4843129093392002,2.2434939599059396,2.9290940461721164,0.7659344235934819,1.3141379839476495,1.3799757966424282,0.4211585906341112,2.2434939599059396,2.9290940461721164,0.5415974248671606,0.9292358798642012,0.975790243679169,1.5863897926005501,1.0248104103086226,0.5550346792002082,0.9522906033171261,1.6257487742643804,0.011283302563525645,True,True,true,
6,376,3827588189,gaussian,identified_unknot,false,0_1,0_1,1,"{""2"": ""1"", ""3"": ""1"", ""4"": ""1""}",0,0,----,----,0,0,0.1871445267078219,1.4243968846354262,1.616299205925362,2.518438845036684,13.457186749407741,0.1871445267078219,1.54565548430915,1.6629223256309786,0.6134001833281353,2.518438845036684,13.457186749407741,0.1323311638970478,1.0929434743331772,1.1758636530401692,1.7808051853290559,0.8504387370206762,0.11253954789308145,0.9294814679468969,1.5144657126911134,0.14915546068107738,True,True,true,
6,377,914432652,gaussian,identified_unknot,false,0_1,0_1,1,"{""2"": ""1"", ""3"": ""1"", ""4"": ""1""}",0,0,"1-a,2-c,3-a,1+a,2+c,3+a",----,3,0,0.2146230705352106,1.1171037354378732,1.200522435631048,1.5305207394655234,7.131203256242807,0.2146230705352106,1.0918843072631403,1.1393672508688966,0.3254940735328968,1.5305207394655234,7.131203256242807,0.1517614285745261,0.7720787979369423,0.805654309351271,1.0822415936227208,1.2412271471683929,0.18837040503975885,0.958325163752473,1.3433076457993047,0.06697362021511387,True,True,true,
6,378,3300175677,gaussian,identified_unknot,false,0_1,0_1,1,"{""2"": ""1"", ""3"": ""1"", ""4"": ""1""}",0,0,"1+c,2+a,2-a,1-c",----,2,0,0.7348562581649445,1.3840017646895806,1.4192989163410787,1.7182507370482483,2.338213382490611,0.7348562581649445,1.4900999247764273,1.5414651160444583,0.3946098302922026,2.228415306043318,3.0324506068819947,0.5196218433458044,1.053659761454976,1.0899804365175447,1.5757275742031256,0.9174476591478745,0.4767258438197119,0.966677681685176,1.4456475744074164,0.4272674928197066,True,True,true,
6,379,3176982094,gaussian,identified_unknot,false,0_1,0_1,1,"{""2"": ""1"", ""3"": ""1"", ""4"": ""1""}",0,0,----,----,0,0,0.3996657394520022,0.8749353156420764,0.9640098617305728,1.721961660997819,4.308504560232934,0.37968441424356797,0.8953770921102469,0.9576115921533417,0.3395877270318471,1.721961660997819,4.535244525189224,0.26847742402246905,0.6331272135502475,0.6771336505544743,1.2176107674348087,1.4768133280352334,0.39649103807294905,0.935010707312815,1.7981838097069343,0.257805814889511,True,True,true,
6,380,2104049847,gaussian,identified_unknot,false,0_1,0_1,1,"{""2"": ""1"", ""3"": ""1"", ""4"": ""1""}",0,0,"1+a,1-a",----,1,0,0.350348868607953,0.9664787862822589,1.0408901730064934,1.3354505105306036,3.8117734355380435,0.350348868607953,1.021527297033333,1.106952544573325,0.42641050333350367,1.7555811199662315,5.010951303886641,0.2477340607737183,0.7223288788994342,0.7827336507195021,1.241383314851196,1.2775737942028977,0.31649854397597055,0.9228284464778758,1.585958791614613,0.30652098071978207,True,True,true,
6,381,868337381,gaussian,identified_unknot,false,0_1,0_1,1,"{""2"": ""1"", ""3"": ""1"", ""4"": ""1""}",0,0,----,----,0,0,0.648844811780095,1.1049985827829027,1.213864218467305,1.8643121762863735,2.873279006688308,0.3530570670176974,1.0644821965952829,1.2038139330399247,0.5621793650719797,2.085063002432723,5.905739318703983,0.24964904623404718,0.7527025796648761,0.8512249953393791,1.4743621882213611,1.1747775329380512,0.29328209063517147,0.88425807957481,1.7320475741358372,0.190704682285069,True,True,true,
6,382,4193184716,gaussian,identified_unknot,false,0_1,0_1,1,"{""2"": ""1"", ""3"": ""1"", ""4"": ""1""}",0,0,----,----,0,0,0.272835008655263,0.9387698272269923,1.0982727833308303,1.8532683502634484,6.79263397830709,0.272835008655263,1.0880898636409881,1.2097444874408936,0.5287174798844525,1.9828000537823087,7.267396011805982,0.19292348476522683,0.7693957211208885,0.8554185305725,1.4020513637665215,1.169018397731853,0.22553110304509102,0.8994377531264846,1.6390238388080984,0.2464103394646119,True,True,true,
6,383,363228175,gaussian,identified_unknot,false,0_1,0_1,1,"{""2"": ""1"", ""3"": ""1"", ""4"": ""1""}",0,0,----,----,0,0,0.3809805058918348,1.198122802638678,1.2881097854268286,2.0160269991090223,5.291680198675042,0.3809805058918348,1.3065765123955744,1.3784718527353284,0.43936598188729353,2.0160269991090223,5.291680198675042,0.26939389921599777,0.9238891120539797,0.9747267947439345,1.4255463621251554,1.025928501598958,0.2763788793625694,0.9478441723731316,1.4625086432549064,0.33326715860197176,True,True,true,
6,384,1791206999,gaussian,identified_unknot,false,0_1,0_1,1,"{""2"": ""1"", ""3"": ""1"", ""4"": ""1""}",0,0,"1+c,2+a,2-a,1-c",----,2,0,1.1024627028093652,1.2673002871282193,1.2852813907222145,1.726707080753875,1.566227207826415,0.8088754016211571,1.4254428762777254,1.4789582462753972,0.39424624372983325,2.325761997687569,2.875303159208762,0.5719612816213122,1.0079403240100364,1.0457814050330974,1.6445620799908514,0.956222777711707,0.5469224054554791,0.963815496392515,1.5725677202481945,0.6718065053805384,True,True,true,
6,385,1753589223,gaussian,identified_unknot,false,0_1,0_1,1,"{""2"": ""1"", ""3"": ""1"", ""4"": ""1""}",0,0,"1-c,1+c",----,1,0,0.8499294353663523,1.574929775548078,1.6469011748658278,2.2150498810937314,2.606157392512191,0.8499294353663523,1.6489003187696407,1.7339581110773579,0.5364125928167016,2.7912758105969253,3.284126533861929,0.6009908672776012,1.1659485969026728,1.2260935386362164,1.973730053835063,0.8155984584278128,0.4901672248808057,0.9509458782398909,1.6097711892605213,0.16016735773056262,True,True,true,
6,386,2060882477,gaussian,identified_unknot,false,0_1,0_1,1,"{""2"": ""1"", ""3"": ""1"", ""4"": ""1""}",0,0,"1+a,1-a",----,1,0,0.6315429093303829,1.2281009827824525,1.2790552399603008,1.7774624110987038,2.8144760788832626,0.15013303839625503,1.232972225041434,1.3470264302682917,0.5424570914991459,2.2230054785661624,14.80690394541175,0.10616008953013223,0.8718430213414637,0.9524915232802171,1.5719022485089795,1.0498781097349528,0.11145515412518857,0.915328903231586,1.6503057613527294,0.06273853450461161,True,True,true,
6,387,1626996470,gaussian,identified_unknot,false,0_1,0_1,1,"{""2"": ""1"", ""3"": ""1"", ""4"": ""1""}",0,0,"1+a,2-a,2+a,1-a",----,2,0,0.7401276404451524,1.5316932710245845,1.6573268692799297,2.681722482482568,3.623324323990435,0.4767396712780043,1.5437852706452346,1.6816641994952932,0.6668744394584069,2.9103435739089996,6.104680917590078,0.33710585442132235,1.091621033569155,1.189116159141769,2.0579236766937457,0.8409607356792954,0.28349278733595273,0.9180104274733093,1.7306330091242126,0.33601897835458283,True,True,true,
6,388,787632061,gaussian,identified_unknot,false,0_1,0_1,1,"{""2"": ""1"", ""3"": ""1"", ""4"": ""1""}",0,0,"1+c,2+a,3+c,4+a,5+a,5-a,6-a,1-c,2-a,3-c,4-a,6+a",----,6,0,0.9079459424635249,1.5869272613989525,1.6647907080255366,2.2678991514798263,2.4978349981127153,0.5366392817284966,1.3512625765369861,1.4372067279526548,0.48954328523941754,2.2678991514798263,4.226114689508009,0.3794612751612981,0.955486931032909,1.0162586233022517,1.6036468690586023,0.9840014904381125,0.373390460322264,0.9402005642305203,1.5779909092900772,0.3547900992440361,True,True,true,
6,389,1546428393,gaussian,identified_unknot,false,0_1,0_1,1,"{""2"": ""1"", ""3"": ""1"", ""4"": ""1""}",0,0,"1-c,1+c",----,1,0,0.6458437955190869,1.426049038758009,1.484447411965482,1.8750060868912115,2.903188201079186,0.6458437955190869,1.5695790272075574,1.661379723978861,0.5446138674310946,2.832345003410872,4.38549541400242,0.45668052739880427,1.1098599737466484,1.174772868951287,2.0027703585716625,0.8512283748029473,0.388739423141837,0.9447443017112014,1.7048149574304725,0.15504715895132723,True,True,true,
6,390,2007927856,gaussian,identified_unknot,false,0_1,0_1,1,"{""2"": ""1"", ""3"": ""1"", ""4"": ""1""}",0,0,"1-a,2-c,3-a,4-c,5-a,1+a,2+c,5+a,4+c,3+a",----,5,0,0.26285108073725894,1.4977021986348562,1.647277470038407,2.386578370377275,9.079583632234918,0.26285108073725894,1.4435070354361244,1.5639672997731575,0.6018979592972172,2.386578370377275,9.079583632234918,0.18586378163152847,1.0207136134473733,1.1058918832236135,1.687565749526911,0.9042475265168376,0.16806686480937527,0.9229777602418509,1.5259771548442422,0.20589393966385458,True,True,true,
6,391,2474645123,gaussian,identified_unknot,false,0_1,0_1,1,"{""2"": ""1"", ""3"": ""1"", ""4"": ""1""}",0,0,"1+a,2-a,2+a,1-a",----,2,0,1.3732715866555232,1.7169078757226381,1.7551302432880609,2.4345161317833623,1.7727856277230658,0.8210267179279882,1.5935640847852144,1.6755921060493923,0.5178440050224585,2.702845717679933,3.2920313781030917,0.5805535597822152,1.1268199706069595,1.184822540690174,1.9112005354725015,0.8440082507355806,0.4899919944501018,0.9510453522858978,1.613069020749051,0.02028397147713905,True,True,true,
6,392,2841510240,gaussian,identified_unknot,false,0_1,0_1,1,"{""2"": ""1"", ""3"": ""1"", ""4"": ""1""}",0,0,"1-c,2+c,2-c,1+c",----,2,0,0.5966763085309317,1.2073334141612275,1.2514588926907435,1.6237317064087151,2.7212940805484336,0.4410487665898035,1.1469054185834082,1.2005140493549111,0.35474208028163556,1.7312665119827322,3.925340332246962,0.31186857368961285,0.8109845988599237,0.8488916252085792,1.224190290664171,1.1780066740018695,0.3673832612178078,0.9553452699697192,1.4421043326506822,0.0980930878117315,True,True,true,
6,393,1875944114,gaussian,identified_unknot,false,0_1,0_1,1,"{""2"": ""1"", ""3"": ""1"", ""4"": ""1""}",0,0,"1+a,2+c,3+a,4+c,5+a,3-a,2-c,1-a,4-c,5-a",----,5,0,0.6501871397459406,1.1527472299475041,1.2052322396215356,1.7382625354316588,2.6734803400000833,0.45486910614344966,1.064146074968852,1.1441132208665494,0.42022397990835303,1.8758900252273785,4.124021613892127,0.3216410295062967,0.7524649057835234,0.8090102169199193,1.326454557598483,1.2360783326163929,0.3975735074531632,0.9301055660932486,1.6396017378477477,0.09191368660143373,True,True,true,
6,394,221123408,gaussian,identified_unknot,false,0_1,0_1,1,"{""2"": ""1"", ""3"": ""1"", ""4"": ""1""}",0,0,"1+a,1-a",----,1,0,1.065654613532125,1.4524495230589831,1.499152477577888,2.0654573147608706,1.9382052013221127,0.5620920460368213,1.3173658154966352,1.378039420209131,0.40440073171447566,2.0654573147608706,3.6745891163625672,0.39745909740365737,0.9315183014410169,0.9744210187722547,1.4604988735187687,1.0262504407591433,0.40789257389423467,0.9559710674290524,1.498837612676869,0.1636121177402893,True,True,true,
6,395,4211762258,gaussian,identified_unknot,false,0_1,0_1,1,"{""2"": ""1"", ""3"": ""1"", ""4"": ""1""}",0,0,"1-c,1+c",----,1,0,0.5607799058303882,1.1469807272940205,1.232997558070503,1.9595139930184984,3.4942657050396653,0.52058270226769,1.1537150894035677,1.2268986106968085,0.41739872234145264,1.9595139930184984,3.764078184854656,0.36810755894190106,0.8157997632745067,0.8675483274520672,1.3855856322933093,1.152673538011346,0.42430784233428115,0.9403507994424439,1.5971278929932164,0.0972745935249541,True,True,true,
6,396,3720669762,gaussian,identified_unknot,false,0_1,0_1,1,"{""2"": ""1"", ""3"": ""1"", ""4"": ""1""}",0,0,"1+a,1-a",----,1,0,0.5978161144571867,1.0383113375338184,1.0661582422488578,1.3953815075145108,2.334131639762686,0.3024777755418527,1.1268709066049554,1.19738734271737,0.404843683842407,1.763153118244918,5.829033604490249,0.21388408624386646,0.7968180595821965,0.8466807097423928,1.2467375261811882,1.1810827723998287,0.25261480955310983,0.9411080829095922,1.4725002138769816,0.1675966936998544,True,True,true,
6,397,4171044603,gaussian,identified_unknot,false,0_1,0_1,1,"{""2"": ""1"", ""3"": ""1"", ""4"": ""1""}",0,0,"1-c,1+c",----,1,0,0.4987145432607672,0.8256614483473773,0.8707553058138136,1.3641441998499484,2.7353206724847134,0.4987145432607672,0.9906862263526184,1.0451210763413599,0.33289467572812054,1.5648383594501907,3.1377435861780554,0.3526444354160403,0.7005209486820474,0.7390122002419589,1.1065078154280619,1.3531576334904774,0.4771835096911546,0.9479152691291035,1.4972794969633543,0.11976048332890156,True,True,true,
6,398,185845832,gaussian,identified_unknot,false,0_1,0_1,1,"{""2"": ""1"", ""3"": ""1"", ""4"": ""1""}",0,0,"1+c,1-c",----,1,0,0.8286925823525209,1.238919342723663,1.2758983684266183,1.771345634248168,2.137518389774422,0.6929410806195501,1.2245756198696016,1.2783239507561999,0.366778781144602,1.9915366219149555,2.8740345717912223,0.4899833370688179,0.8659057248855151,0.9039115341328872,1.4082290503374144,1.1063029535952205,0.5420700130116758,0.9579540609758558,1.557927957726874,0.3878931783434716,True,True,true,
6,399,4035432648,gaussian,identified_unknot,false,0_1,0_1,1,"{""2"": ""1"", ""3"": ""1"", ""4"": ""1""}",0,0,"1-a,1+a,2+c,2-c",----,2,0,0.11236844862373811,0.7990202193513785,0.8986536490418632,1.4564067141830477,12.960993339507388,0.11236844862373811,0.8396282428471304,0.9010765077971346,0.32705242197134077,1.4564067141830477,12.960993339507388,0.07945649201325738,0.5937068241929512,0.6371573090312468,1.0298350637644509,1.569471127185891,0.12470467008228382,0.9318057185840669,1.6162963983419467,0.07488102508700101,True,True,true,
6,400,429126435,gaussian,identified_unknot,false,0_1,0_1,1,"{""2"": ""1"", ""3"": ""1"", ""4"": ""1""}",0,0,"1-c,1+c",----,1,0,0.4875484027719835,1.1827656770484694,1.2626403981326666,1.6314748462241486,3.346282824327406,0.07616195475251335,1.1669052963883961,1.2495118632768094,0.446779504599521,1.6314748462241486,21.421126224052305,0.053854634673925185,0.8251266480787329,0.8835383116960701,1.1536269271003752,1.1318128334246944,0.06095336666334706,0.9338889294962114,1.3056897610764993,0.05205789837965849,True,True,true,
6,401,4074814125,gaussian,identified_unknot,false,0_1,0_1,1,"{""2"": ""1"", ""3"": ""1"", ""4"": ""1""}",0,0,"1-a,2-c,2+c,1+a",----,2,0,0.8538314857748184,1.6414705021889746,1.7428819606199124,2.4532292976069154,2.8732007878354433,0.5828870668340522,1.4408899062892573,1.5465615434008688,0.5618619808104232,2.4532292976069154,4.208755755950491,0.41216339762429466,1.0188630236803828,1.0935841548610874,1.7346950721433607,0.9144243683075539,0.3768922545120908,0.9316731768208584,1.5862474455509192,0.06613062166555528,True,True,true,
6,402,4189900797,gaussian,identified_unknot,false,0_1,0_1,1,"{""2"": ""1"", ""3"": ""1"", ""4"": ""1""}",0,0,"1+a,1-a,2-c,2+c",----,2,0,0.1481356293704126,0.9508338350205189,1.019404630047269,1.2527769211086246,8.45695884530291,0.1481356293704126,0.9686101242025519,1.0626736284012175,0.43711516536460504,1.8235445327745003,12.309965809877742,0.10474770806315585,0.6849107871495684,0.7514237288306141,1.2894407049205037,1.3308070555027947,0.13939898893819477,0.9114841079286184,1.7159967877607032,0.023615602568302654,True,True,true,
6,403,1492663287,gaussian,identified_unknot,false,0_1,0_1,1,"{""2"": ""1"", ""3"": ""1"", ""4"": ""1""}",0,0,----,----,0,0,0.165784814778287,0.7698763811550192,0.9224663509877172,1.6842312882222001,10.159140874721329,0.165784814778287,1.0164322183911578,1.1145442459110109,0.4572465653340374,1.7298322848862746,10.434202234985593,0.11722756674748248,0.7187261142408735,0.7881017942161227,1.2231761389585045,1.2688716195534608,0.14874673247518955,0.9119711685921827,1.5520534884394266,0.03866497275406964,True,True,true,
6,404,1110004194,gaussian,identified_unknot,false,0_1,0_1,1,"{""2"": ""1"", ""3"": ""1"", ""4"": ""1""}",0,0,"1-c,2+c,3+a,1+c,2-c,3-a",----,3,0,1.086196383806902,1.7995774158023703,1.8471959050113467,2.2765984467293965,2.0959363156323283,0.6471347558785251,1.5892139380813162,1.7150866245625342,0.6449195211508033,2.5514559094098477,3.942696457318368,0.45759337422320606,1.1237439523734767,1.2127493825505142,1.8041517754421927,0.8245726729597798,0.3773189917119138,0.926608554530985,1.4876542519015012,0.006979095603177627,True,True,true,
6,405,2669696647,gaussian,identified_unknot,false,0_1,0_1,1,"{""2"": ""1"", ""3"": ""1"", ""4"": ""1""}",0,0,"1+a,2+c,2-c,1-a",----,2,0,1.1207428897932112,1.655334968526148,1.705724030655718,2.2849479534988704,2.038779790002029,0.735477341074176,1.4630072537809973,1.5286320498132906,0.44308658194597494,2.2849479534988704,3.106755063536925,0.5200610152826011,1.0345023500736514,1.08090608836207,1.6157021925773751,0.9251497523853627,0.48113431951397867,0.9570695930127144,1.4947664833914462,0.2714718236738208,True,True,true,
6,406,2446626135,gaussian,identified_unknot,false,0_1,0_1,1,"{""2"": ""1"", ""3"": ""1"", ""4"": ""1""}",0,0,"1-c,2-a,2+a,1+c",----,2,0,1.2619128209725456,1.443315316081243,1.447026282379886,1.6007199828980532,1.2684869796824725,0.6465425073150411,1.3868910722032546,1.4337688982067613,0.3636294918016657,2.2637010527538286,3.501240873016248,0.45717459124781856,0.980680081922003,1.0138277105763656,1.6006783649813587,0.9863608871289339,0.45093913539600605,0.967304475594262,1.5788465320911043,0.21081087841775603,True,True,true,
6,407,3197074071,gaussian,identified_unknot,false,0_1,0_1,1,"{""2"": ""1"", ""3"": ""1"", ""4"": ""1""}",0,0,"1+a,2+c,3+c,4-c,2-c,1-a,4+c,3-c",----,4,0,0.9497556849678399,1.8236765836639288,2.0687479945326346,3.3514175044384773,3.5287153922663395,0.4708494515250043,1.9529238046209143,2.154974258270608,0.9110448217041425,3.3514175044384773,7.117811210321653,0.3329408400912971,1.3809256653880806,1.5237969113055974,2.3698100439757432,0.656255431797138,0.21849423477701604,0.9062399688190047,1.555200713686496,0.16853021386385883,True,True,true,
6,408,1378811185,gaussian,identified_unknot,false,0_1,0_1,1,"{""2"": ""1"", ""3"": ""1"", ""4"": ""1""}",0,0,"1-a,1+a",----,1,0,0.5831558346281801,1.3206546914736197,1.3974837545901477,2.0502402193746287,3.515767308890703,0.5831558346281801,1.314434200926182,1.4307306920999399,0.5650248178198213,2.605022460135886,4.467112057271701,0.412353445154087,0.9294453368984241,1.0116793744355899,1.8420290467053473,0.9884554585862684,0.4075930137294107,0.9187153167148004,1.8207636660903608,0.48494368630501905,True,True,true,
6,409,3485842660,gaussian,identified_unknot,false,0_1,0_1,1,"{""2"": ""1"", ""3"": ""1"", ""4"": ""1""}",0,0,"1+a,2+c,3+a,1-a,2-c,3-a",----,3,0,0.8794736954039919,1.643058528511661,1.7274162248106775,2.3340516486706013,2.6539186571105344,0.5403661153996961,1.5207093816296544,1.6282874177337467,0.5820334108739698,2.533731493313911,4.68891631267399,0.3820965445225576,1.07530391596433,1.1513730748002649,1.791618720628184,0.868528213736,0.33186162928887497,0.9339317893558255,1.5560714071231743,0.09168827557102999,True,True,true,
6,410,4156477986,gaussian,identified_unknot,false,0_1,0_1,1,"{""2"": ""1"", ""3"": ""1"", ""4"": ""1""}",0,0,"1-c,1+c",----,1,0,0.501401056849154,1.4267281535948468,1.5447839219693396,2.309236750566216,4.605568175459486,0.501401056849154,1.3784868262069145,1.4596926612164955,0.48007992582827574,2.309236750566216,4.605568175459486,0.35454408739213844,0.974737382587231,1.0321585791944217,1.6328769656905593,0.9688433736417511,0.3434976897337352,0.9443678541605431,1.5820020281815472,0.19571643249998563,True,True,true,
6,411,551398205,gaussian,identified_unknot,false,0_1,0_1,1,"{""2"": ""1"", ""3"": ""1"", ""4"": ""1""}",0,0,"1-a,2+a,2-a,1+a",----,2,0,1.2942182624952783,2.219621653493477,2.375942769583404,3.4204484539579223,2.6428683268332427,1.2942182624952783,2.10582890094549,2.1997224054939872,0.6358170343541939,3.4204484539579223,2.6428683268332427,0.9151505097458824,1.4890458958771704,1.5554386296527827,2.418622296492689,0.6429054679085783,0.5883552666749504,0.9573157484262604,1.5549454992207523,0.30850376092421167,True,True,true,
6,412,3529169639,gaussian,identified_unknot,false,0_1,0_1,1,"{""2"": ""1"", ""3"": ""1"", ""4"": ""1""}",0,0,"1+a,2-a,2+a,1-a",----,2,0,0.5141115423228539,1.2291159985777393,1.3164969767250105,1.8409040117123592,3.5807482621277162,0.29918024897408,1.1166103612139433,1.2209155103235638,0.49377726211148554,2.068440898265595,6.913694688598237,0.2115523828466516,0.7895627583575395,0.8633176366056262,1.4626085856471958,1.1583222183804545,0.2450458254026047,0.9145680858112961,1.694172021549159,0.00603949998130335,True,True,true,
6,413,2686340213,gaussian,identified_unknot,false,0_1,0_1,1,"{""2"": ""1"", ""3"": ""1"", ""4"": ""1""}",0,0,"1-c,2+c,2-c,1+c",----,2,0,0.8270918451652564,1.3488297558207432,1.4159673770078076,2.18659097985559,2.6437099974292457,0.7120731523122843,1.3691358523644537,1.4696114465536234,0.5340644358237066,2.564215852027372,3.6010567786479593,0.5035117547008975,0.9681252455725289,1.0391722195674384,1.8131744173945954,0.9623044007241224,0.48453157736499847,0.9316311842665663,1.7448257211392157,0.08024550643155229,True,True,true,
6,414,3723215954,gaussian,identified_unknot,false,0_1,0_1,1,"{""2"": ""1"", ""3"": ""1"", ""4"": ""1""}",0,0,"1-a,1+a,2+c,2-c",----,2,0,0.6813140876063248,1.4322121515979551,1.5385082383705708,2.505676622287637,3.6777114518369696,0.31213501540801,1.3145194576815686,1.4355104965925356,0.5768266474460961,2.505676622287637,8.027540963362666,0.22071278604077132,0.9295056225283,1.0150592066050501,1.7717809310801917,0.985164208642157,0.2174383371970622,0.9157156710465281,1.745495158854881,0.20459698482448266,True,True,true,
6,415,2941962874,gaussian,identified_unknot,false,0_1,0_1,1,"{""2"": ""1"", ""3"": ""1"", ""4"": ""1""}",0,0,"1-c,2-a,3+c,4-c,5+a,1+c,2+a,6+c,4+c,3-c,6-c,5-a",----,6,0,0.6070695590117084,1.177418973067084,1.299281873418981,2.222205890519779,3.6605457439464852,0.6070695590117084,1.203234512661369,1.2745292128309473,0.4202992052098499,2.222205890519779,3.6605457439464852,0.429263001829106,0.8508152832605448,0.9012282492131153,1.5713368543792263,1.109596820642412,0.47630886204899386,0.9440619332598738,1.7435503777774382,0.07989365951917417,True,True,true,
6,416,1882079310,gaussian,identified_unknot,false,0_1,0_1,1,"{""2"": ""1"", ""3"": ""1"", ""4"": ""1""}",0,0,"1-c,1+c",----,1,0,0.21313014843100636,1.8413095212951849,2.044061711929764,2.9213711051686326,13.706981985771606,0.21313014843100636,1.908775950650296,2.0295075691854936,0.6895472018653027,3.04996506217576,14.310340815828233,0.15070577323086,1.349708418470623,1.4350785646404887,2.15665097784653,0.6968259610584573,0.10501569526865195,0.9405118658494824,1.5028103903055698,0.03902756391851385,True,True,true,
6,417,1253256585,gaussian,identified_unknot,false,0_1,0_1,1,"{""2"": ""1"", ""3"": ""1"", ""4"": ""1""}",0,0,"1-a,2-c,2+c,1+a",----,2,0,0.5020926882777599,1.256437323992171,1.3985590262252425,2.3631853554473823,4.706671518267674,0.5020926882777599,1.4506066449260258,1.545470203044087,0.5331214778956027,2.3631853554473823,4.706671518267674,0.3550331446653873,1.0257337954614592,1.0928124606942242,1.6710243900375856,0.9150700929642915,0.32488021269436074,0.9386183195695329,1.5291044439372918,0.27050385566601653,True,True,true,
6,418,3351694742,gaussian,identified_unknot,false,0_1,0_1,1,"{""2"": ""1"", ""3"": ""1"", ""4"": ""1""}",0,0,"1-c,1+c,2+a,3+c,3-c,2-a",----,3,0,0.611271819689751,1.092387920246092,1.1857525789147796,2.036118002200998,3.330953491745167,0.433930645510469,1.067169889316932,1.1547704596311636,0.4411839092397366,2.036118002200998,4.692265972148019,0.3068353020051085,0.7546030654140998,0.816546022719102,1.4397528466523315,1.2246707131950694,0.3757722081400207,0.9241402742998711,1.763223145534342,0.03487719871879469,True,True,true,
6,419,3379499794,gaussian,identified_unknot,false,0_1,0_1,1,"{""2"": ""1"", ""3"": ""1"", ""4"": ""1""}",0,0,"1+c,2+a,3-a,3+a,2-a,1-c",----,3,0,0.37576722873611146,1.3830960338244445,1.5475420821216028,2.5902260524318526,6.893166445472232,0.37576722873611146,1.5650898640778266,1.6396437636061114,0.4887999477222395,2.5902260524318526,6.893166445472232,0.2657075555869809,1.106685656055763,1.1594032239761138,1.8315664064806245,0.8625126956008897,0.22917614001085013,0.9545304283874955,1.5797492784256384,0.3183813556550595,True,True,true,
6,420,3237056333,gaussian,identified_unknot,false,0_1,0_1,1,"{""2"": ""1"", ""3"": ""1"", ""4"": ""1""}",0,0,"1-c,1+c",----,1,0,0.4533545052317054,1.471947942733508,1.5575988332138393,2.0631216767550447,4.550791164412498,0.1687679538561765,1.5486409631402465,1.6516162204618265,0.5740621107307632,2.23742247388664,13.257389348888855,0.11933696461868074,1.0950545266597345,1.1678690294062533,1.5820966036644242,0.8562603980588489,0.10218351682752633,0.9376518248938087,1.3546866676212528,0.057042355827748206,True,True,true,
6,421,731411635,gaussian,identified_unknot,false,0_1,0_1,1,"{""2"": ""1"", ""3"": ""1"", ""4"": ""1""}",0,0,"1-a,2+a,3+c,1+a,2-a,3-c",----,3,0,0.3210999594015264,1.1676535041891467,1.281052487455374,1.849437730126499,5.759694686892905,0.3210999594015264,1.1349643310220185,1.214935124229015,0.43350123805257285,1.849437730126499,5.759694686892905,0.2270519587315444,0.8025409748705227,0.8590888650440569,1.3077499603547034,1.1640239335993683,0.2642939141341338,0.9341769024434577,1.5222522530164997,0.1581021673424939,True,True,true,
6,422,1503551216,gaussian,identified_unknot,false,0_1,0_1,1,"{""2"": ""1"", ""3"": ""1"", ""4"": ""1""}",0,0,"1-a,1+a",----,1,0,0.39094408551962906,0.6928144385764994,0.7507055816713318,1.2664522295886884,3.23947151650949,0.39094408551962906,0.79531676591055,0.8533978336691365,0.3094496798717986,1.2913887767678849,3.3032569735680144,0.27643921393570325,0.5623738783667039,0.6034433952373557,0.913149761200772,1.6571562600443486,0.45810297389528953,0.9319413930208021,1.5132318431318612,0.2367952453546123,True,True,true,
6,423,3252262241,gaussian,identified_unknot,false,0_1,0_1,1,"{""2"": ""1"", ""3"": ""1"", ""4"": ""1""}",0,0,"1+a,2+c,3-a,4-c,5-c,1-a,2-c,6-a,4+c,3+a,6+a,5+c",----,6,0,0.9745527817217521,1.3195666856392236,1.3358200410090428,1.5769867223819003,1.618164507822575,0.7892499262105016,1.4005915804104399,1.4607708759851479,0.4149635851611591,2.322660301399655,2.9428704701331525,0.5580839748744278,0.9903678041810056,1.0329209921689113,1.6423688495124862,0.9681282572253815,0.5402968659805935,0.9588030562738851,1.590023691999778,0.45357368058755326,True,True,true,
6,424,3958331201,gaussian,identified_unknot,false,0_1,0_1,1,"{""2"": ""1"", ""3"": ""1"", ""4"": ""1""}",0,0,"1+c,2+a,2-a,1-c,3-a,3+a",----,3,0,0.7621420246192248,1.1505785483920359,1.1955373197417005,1.7651645421544335,2.3160572244213022,0.6256669088112601,1.1022265534629938,1.139996724935387,0.2910140163368401,1.7651645421544335,2.8212528380447184,0.44241331398446726,0.7793918703575595,0.8060994147322675,1.2481598176674473,1.2405417765154108,0.5488321984843612,0.9668681754550356,1.5483943975843262,0.09687792737252439,True,True,true,
6,425,798605382,gaussian,identified_unknot,false,0_1,0_1,1,"{""2"": ""1"", ""3"": ""1"", ""4"": ""1""}",0,0,"1+a,1-a,2-c,2+c",----,2,0,0.8022113451839074,1.3322638383109,1.4069563395014493,2.0411907178670465,2.5444550617756505,0.4233542488045756,1.3654672377051054,1.4831235239690501,0.5789253925199359,2.3801605444005367,5.622148711442936,0.2993566601738522,0.9655311432693433,1.0487267011358044,1.683027661258284,0.9535372742173611,0.2854477337609879,0.9206699345250223,1.6048296085486444,0.29262931081235105,True,True,true,
6,426,3629069084,gaussian,identified_unknot,false,0_1,0_1,1,"{""2"": ""1"", ""3"": ""1"", ""4"": ""1""}",0,0,"1+c,1-c",----,1,0,0.7977356024856876,1.1935944235430946,1.221820638466654,1.4271298290826098,1.7889759772984613,0.2610456796153023,1.2030175305469177,1.3047537385725128,0.5051050776974488,1.9837623934204094,7.599292186500998,0.18458717025543112,0.8506618537360201,0.9226002163231235,1.4027318406504272,1.0838930907531552,0.20007275848153813,0.922026505831743,1.520411350260454,0.15955859487154997,True,True,true,
6,427,4162757161,gaussian,identified_unknot,false,0_1,0_1,1,"{""2"": ""1"", ""3"": ""1"", ""4"": ""1""}",0,0,"1+a,1-a",----,1,0,0.3956844379020199,0.8832888597060692,0.9564376046342541,1.599730830709384,4.04294603849321,0.3956844379020199,1.0036330668853795,1.0537287407326552,0.3210372659058061,1.599730830709384,4.04294603849321,0.27979114925050563,0.7096757474177036,0.7450987381032218,1.1311805184677943,1.342104004290322,0.3755088217740947,0.9524586623570273,1.5181619034108293,0.17269942121993176,True,True,true,
6,428,1663009311,gaussian,identified_unknot,false,0_1,0_1,1,"{""2"": ""1"", ""3"": ""1"", ""4"": ""1""}",0,0,"1+c,2+a,3+c,3-c,2-a,1-c",----,3,0,0.31141565152576883,0.9651416336737525,1.1096240182327355,1.85733969743406,5.964182237900043,0.31141565152576883,1.0444350275456937,1.1505304620108396,0.4825720850303117,1.85733969743406,5.964182237900043,0.22020411896149794,0.7385270904863186,0.8135478916495562,1.313337495022594,1.2291839365134265,0.2706713657815649,0.9077856363057806,1.614333352102555,0.21994140038311186,True,True,true,
6,429,3292370019,gaussian,identified_unknot,false,0_1,0_1,1,"{""2"": ""1"", ""3"": ""1"", ""4"": ""1""}",0,0,"1-c,1+c",----,1,0,0.5383518107701128,1.2538157207497413,1.4071962488736895,2.539782629596406,4.717700542259242,0.08982343973602691,1.1658429084857638,1.3204141261016424,0.6199223960643938,2.539782629596406,28.275276888307975,0.06351476334684582,0.824375426388531,0.9336737825409804,1.7958975201274199,1.0710378921409935,0.06802671825483977,0.882937319012005,1.9234742944585093,0.018424154396650513,True,True,true,
6,430,1986834235,gaussian,identified_unknot,false,0_1,0_1,1,"{""2"": ""1"", ""3"": ""1"", ""4"": ""1""}",0,0,"1+a,2+c,3+a,1-a,2-c,3-a",----,3,0,0.9900010043318058,1.4753804240069097,1.5067887529492492,1.8941992099295957,1.9133305942533585,0.6657925978069356,1.4431146893980666,1.5550636411542,0.5793469783154829,2.6454534252619557,3.9733896621498275,0.4707864607730918,1.020436182903291,1.0995960458367786,1.8706180563159083,0.9094248781506055,0.42814491972352375,0.9280100512972942,1.7011865979314171,0.10609500316731559,True,True,true,
6,431,2560278294,gaussian,identified_unknot,false,0_1,0_1,1,"{""2"": ""1"", ""3"": ""1"", ""4"": ""1""}",0,0,"1-c,1+c",----,1,0,0.6687297731988194,1.0619219124821255,1.1160066454950834,1.7352040648075093,2.5947761477813214,0.33564853668860833,1.1699390323747463,1.2552235986647324,0.45478450190269626,1.9788236401610393,5.895522917166345,0.23733935638785664,0.8272718233670108,0.8875771185212137,1.3992396147301194,1.126662663032699,0.26740139131040935,0.9320562755665929,1.576471030552684,0.1964445417631984,True,True,true,
6,432,3072523906,gaussian,identified_unknot,false,0_1,0_1,1,"{""2"": ""1"", ""3"": ""1"", ""4"": ""1""}",0,0,"1-c,1+c",----,1,0,0.5239680730188307,1.1163215810890768,1.175408712934136,1.6978304284093333,3.2403318366848572,0.5239680730188307,1.350009876119566,1.4305875169898596,0.4733434040385966,2.1980053909647657,4.194922370557818,0.3705013775568633,0.954601138072956,1.011578134344355,1.5542245170357742,0.9885543845292196,0.366260761257953,0.9436751405186037,1.5364354608585233,0.4547125641350715,True,True,true,
6,433,1662194544,gaussian,identified_unknot,false,0_1,0_1,1,"{""2"": ""1"", ""3"": ""1"", ""4"": ""1""}",0,0,"1-a,1+a",----,1,0,0.6657712641354608,1.3231165922295631,1.369221655854124,1.6825819140459404,2.527267253312385,0.50007657965172,1.3608880039230309,1.441277918221998,0.4746218266501492,2.5925667678467694,5.184339505866023,0.3536075405843059,0.9622931360093999,1.0191373895492049,1.8332215422233402,0.9812219728709296,0.3469674885941699,0.9442231693952973,1.7987972583698741,0.467250321520699,True,True,true,
6,434,3406619833,gaussian,identified_nontrivial,true,3_1,3_1,3,"{""2"": ""3"", ""3"": ""2"", ""4"": ""1""}",1,1,"1-c,2-a,3-c,4+c,2+a,1+c,5-c,3+c,4-c,5+c","3-c,4+c,5-c,3+c,4-c,5+c",5,3,1.0773848753831028,1.366622164917355,1.3872764603329673,1.7049559228392017,1.5824947628236785,0.43487928521782737,1.164853629546357,1.2286547764547326,0.39077945370465406,1.767218230640333,4.063698342759987,0.3075060915750844,0.8236759005419915,0.8687901241683831,1.2496119947222715,1.1510259752977887,0.35394749896522265,0.9480723567506301,1.4383358649690177,0.05327827398631251,True,True,true,
6,435,1311318535,gaussian,identified_unknot,false,0_1,0_1,1,"{""2"": ""1"", ""3"": ""1"", ""4"": ""1""}",0,0,"1-c,2+c,3+a,1+c,2-c,3-a",----,3,0,0.6967078012063053,1.435834223031075,1.5031992468959616,2.153024075927944,3.090282715652272,0.5498331957701128,1.40791835662347,1.4750501109425727,0.43993037048419703,2.153024075927944,3.9157768073867465,0.38879078125051725,0.9955486173254756,1.0430179360374623,1.5224179241465494,0.9587562835200206,0.3727556044985913,0.9544884924104685,1.4596277509190105,0.19040566102342144,True,True,true,
6,436,141644315,gaussian,identified_unknot,false,0_1,0_1,1,"{""2"": ""1"", ""3"": ""1"", ""4"": ""1""}",0,0,"1-a,2-c,3+c,1+a,2+c,3-c",----,3,0,0.45184063374809125,1.042001304025623,1.0979758312431815,1.5633049641926458,3.4598591791640736,0.3994080439647094,1.0525963234302638,1.1211426498062094,0.38600754023150974,1.5633049641926458,3.9140547813573203,0.2824241363479007,0.7442979981495679,0.7927675703554253,1.1054235412432125,1.2614037675023275,0.356250869622833,0.9388602990103051,1.394385419609953,0.006077421082759909,True,True,true,
6,437,1163829767,gaussian,identified_unknot,false,0_1,0_1,1,"{""2"": ""1"", ""3"": ""1"", ""4"": ""1""}",0,0,"1-a,1+a",----,1,0,0.6408779382435732,1.179557142635533,1.2490591405079363,1.9026003089439005,2.9687405282794974,0.6408779382435732,1.1696274060644023,1.23150453421114,0.38545447041856207,1.9026003089439005,2.9687405282794974,0.453169136044884,0.8270514702897704,0.8708052072026776,1.3453415803418523,1.148362448603563,0.5204024187000642,0.9497548515431377,1.5449397514095569,0.14385685897508588,True,True,true,
6,438,127117802,gaussian,identified_unknot,false,0_1,0_1,1,"{""2"": ""1"", ""3"": ""1"", ""4"": ""1""}",0,0,----,----,0,0,0.6011311130178985,0.9943613592852167,1.0238999052530073,1.3266256416405644,2.206882347147892,0.4165682264011833,0.9854967171205637,1.0363574332674297,0.3206757708858696,1.6474444572027687,3.9548010452822404,0.2945582177151297,0.6968514115130313,0.7328153687964843,1.1649191473162686,1.364600201606467,0.4019542032789076,0.9509235766404335,1.5896489032830137,0.2415536595561479,True,True,true,
6,439,1425800548,gaussian,identified_unknot,false,0_1,0_1,1,"{""2"": ""1"", ""3"": ""1"", ""4"": ""1""}",0,0,"1-c,2-a,2+a,1+c",----,2,0,1.103230132665473,1.3956295981878746,1.4368194448803389,2.1016027753080184,1.9049541098287577,1.0070647712240561,1.4352041604832166,1.4759512783344977,0.3444142763430434,2.1016027753080184,2.0868595897298494,0.7121023288266092,1.0148425942648285,1.0436551576112767,1.486057573780768,0.9581708984113154,0.682315728172582,0.9723926402928009,1.423897120560458,0.44259960567782713,True,True,true,
6,440,596418518,gaussian,identified_unknot,false,0_1,0_1,1,"{""2"": ""1"", ""3"": ""1"", ""4"": ""1""}",0,0,"1-a,2+a,3+c,1+a,4-a,5-c,2-a,3-c,5+c,4+a",----,5,0,0.8765893434554389,1.5602628056892003,1.6054319204623155,2.12117154822648,2.419800747137772,0.636945798840838,1.3072872854700253,1.3701013744545691,0.4100947811551775,2.12117154822648,3.3302229987021628,0.45038869360863915,0.9243917045148088,0.968807972789835,1.4998947858109117,1.0321962949172916,0.4648895408154766,0.9541536924524655,1.548185840679788,0.011337694102870452,True,True,true,
6,441,1591797405,gaussian,identified_unknot,false,0_1,0_1,1,"{""2"": ""1"", ""3"": ""1"", ""4"": ""1""}",0,0,----,----,0,0,0.8845988357624681,1.6864291039076817,1.7896275664987582,2.7560883899389053,3.1156364653852746,0.6970355830237852,1.572423718589893,1.6632735646583308,0.5421831794764237,2.7560883899389053,3.9540139084188737,0.49287858748443725,1.1118714743134808,1.176112016538227,1.9488487900753133,0.8502591470355044,0.41907452738658185,0.9453788913628888,1.6570265099506107,0.20552369513003355,True,True,true,
6,442,873784993,gaussian,identified_unknot,false,0_1,0_1,1,"{""2"": ""1"", ""3"": ""1"", ""4"": ""1""}",0,0,"1+c,2-c,2+c,1-c",----,2,0,1.0205601535962514,1.6354262728906994,1.686783208057072,2.179019500108975,2.135121082702027,1.0205601535962514,1.8013438965365405,1.878931172455567,0.5343617849695143,2.8941628633625007,2.835857203677848,0.7216450052166938,1.2737424844899863,1.3286049734261218,2.0464821865418994,0.7526691680381594,0.5431599456953422,0.9587066960959362,1.5403240447494049,0.039578297172770414,True,True,true,
6,443,358106211,gaussian,identified_unknot,false,0_1,0_1,1,"{""2"": ""1"", ""3"": ""1"", ""4"": ""1""}",0,0,"1-a,2-c,3-c,4-a,2+c,5-c,6+c,1+a,4+a,3+c,5+c,6-c",----,6,0,0.6819561435225894,1.3293492678036045,1.400056381803522,1.943993196641489,2.8506132177356,0.5587055993090837,1.2007314293534839,1.2874174794916067,0.46442200751392143,2.1194797100689446,3.7935537297101956,0.39506451795834713,0.8490453360796643,0.910341629966608,1.4986984755770483,1.0984887069667248,0.4339739115004972,0.932666713386279,1.6463033505696336,0.0176788542895588,True,True,true,
6,444,2513218843,gaussian,identified_unknot,false,0_1,0_1,1,"{""2"": ""1"", ""3"": ""1"", ""4"": ""1""}",0,0,"1-a,2-c,2+c,1+a",----,2,0,0.5762361576474491,1.2899170024906301,1.4368900333241423,2.356053514397463,4.0886943367391675,0.5762361576474491,1.4021994982455837,1.4805102325917736,0.4751285256946593,2.356053514397463,4.0886943367391675,0.40746049463739165,0.9915047737858266,1.0468788250817158,1.6659814168688432,0.9552203904037733,0.3892145727616438,0.9471055771029024,1.5913794194268875,0.25884134428685424,True,True,true,
6,445,2480506726,gaussian,identified_unknot,false,0_1,0_1,1,"{""2"": ""1"", ""3"": ""1"", ""4"": ""1""}",0,0,"1+c,2-c,2+c,1-c",----,2,0,0.5092593589674619,1.225409569537957,1.3527997279907193,2.0061115193192642,3.939272757572317,0.5092593589674619,1.2130742503844372,1.3045334076000772,0.47985234666395515,2.0061115193192642,3.939272757572317,0.3601007461086065,0.8577730285296233,0.9224444187984089,1.4185350591270993,1.084076156374404,0.39037663274897316,0.929891287810026,1.5378000345808434,0.07345702637869969,True,True,true,
6,446,3568596149,gaussian,identified_unknot,false,0_1,0_1,1,"{""2"": ""1"", ""3"": ""1"", ""4"": ""1""}",0,0,"1+c,1-c",----,1,0,0.45714972253758096,1.2278042051268594,1.3343521547384716,2.0105764305097242,4.398069891302276,0.45714972253758096,1.3102156772789466,1.40043772021948,0.49453077480173574,2.3604385373649337,5.163381756555455,0.32325366882387213,0.9264623902208682,0.9902590085966232,1.6690820963448003,1.0098368117015988,0.3264334542959435,0.9355758263020839,1.6855005426410536,0.4059676433960003,True,True,true,
6,447,4246638819,gaussian,identified_unknot,false,0_1,0_1,1,"{""2"": ""1"", ""3"": ""1"", ""4"": ""1""}",0,0,"1+a,1-a",----,1,0,0.2899251869900921,1.01674198793467,1.112114667606448,1.6323873017636608,5.63037423105791,0.2899251869900921,0.9920439677987046,1.1009570165252478,0.4774464558360208,2.002830356471591,6.908093695702386,0.20500806575747194,0.701481016865673,0.7784941721799126,1.416214926627332,1.2845311316844343,0.26333924271188236,0.9010742044496108,1.8191721624089952,0.1868328893751583,True,True,true,
6,448,1556186318,gaussian,identified_unknot,false,0_1,0_1,1,"{""2"": ""1"", ""3"": ""1"", ""4"": ""1""}",0,0,"1+c,1-c,2-a,2+a",----,2,0,0.5260814710663204,1.4574923062222656,1.5532240240640665,2.313754354531105,4.398091325743388,0.5260814710663204,1.4356296557115023,1.5334910698003865,0.5390383593021997,2.313754354531105,4.398091325743388,0.3719957756475896,1.0151434648261117,1.0843419343448666,1.6360713940888474,0.9222183227693542,0.3430613202950051,0.9361839035022078,1.5088150169875358,0.045535061729547015,True,True,true,
6,449,1986447573,gaussian,identified_unknot,false,0_1,0_1,1,"{""2"": ""1"", ""3"": ""1"", ""4"": ""1""}",0,0,"1-a,2-c,2+c,1+a",----,2,0,1.0221117781796136,1.4608440843004329,1.5087577824127612,1.96738564480042,1.9248243556143576,0.7306312240938386,1.2587851245259631,1.313440176603579,0.3749468066120799,1.96738564480042,2.692720458587654,0.5166342931033813,0.8900954976090611,0.9287424555592473,1.3911517306474452,1.0767247626230725,0.5562729366046771,0.9583878633749822,1.497887516954047,0.04350043229192482,True,True,true,
6,450,3741238629,gaussian,identified_unknot,false,0_1,0_1,1,"{""2"": ""1"", ""3"": ""1"", ""4"": ""1""}",0,0,"1+c,1-c",----,1,0,0.7682246510248909,1.551965081700786,1.6537003249553635,2.2960306016208776,2.9887489272281695,0.7682246510248909,1.7161973883257364,1.8311975608848106,0.6387104440154403,3.0131269827651463,3.922195127096383,0.5432168602143693,1.2135348111397708,1.2948522129939153,2.1306025220893963,0.7722889067686207,0.41952035511323793,0.9371994726207983,1.645440692542886,0.7149392942256075,True,True,true,
6,451,3306057826,gaussian,identified_unknot,false,0_1,0_1,1,"{""2"": ""1"", ""3"": ""1"", ""4"": ""1""}",0,0,"1+c,1-c",----,1,0,0.8874863352100629,1.0851940113069305,1.1014544418452097,1.4840906508397624,1.672240565245984,0.8817115904879075,1.3212335949534997,1.3787045469566832,0.39391371563488925,2.1979483157496085,2.4928200326065157,0.6234642446847756,0.9342532345230998,0.9748913344057974,1.554184158764099,1.0257553480147676,0.6395217832813962,0.9583152517121647,1.5942127126521073,0.7634407262401044,True,True,true,
6,452,158037877,gaussian,identified_unknot,false,0_1,0_1,1,"{""2"": ""1"", ""3"": ""1"", ""4"": ""1""}",0,0,----,----,0,0,0.9394149865158793,1.72535228827165,1.8270990756498149,2.7403465553550332,2.91707775018417,0.9394149865158793,1.85150268819849,1.9401009789334733,0.5795943443930299,2.797928154552247,2.9783729179467935,0.6642667073136473,1.3092101062102741,1.371858558390518,1.9784339713566566,0.7289381211232248,0.48420932555392115,0.9543331549764547,1.442155941847081,0.8637027858629331,True,True,true,
6,453,3793837287,gaussian,identified_unknot,false,0_1,0_1,1,"{""2"": ""1"", ""3"": ""1"", ""4"": ""1""}",0,0,"1+a,2+c,2-c,1-a",----,2,0,0.5761224628608175,1.131556376615638,1.1983834279002075,1.9088775439302996,3.3133190718714536,0.42991002057990946,1.0792800799241367,1.1332237258153877,0.3454714486464236,1.9088775439302996,4.4401792294941105,0.30399229085210216,0.763166263313916,0.8013101811255454,1.3497802557678364,1.2479561891942625,0.3793690608362233,0.9523980616868598,1.6844666242376864,0.07299515773364203,True,True,true,
6,454,928274473,gaussian,identified_unknot,false,0_1,0_1,1,"{""2"": ""1"", ""3"": ""1"", ""4"": ""1""}",0,0,"1-c,1+c",----,1,0,0.7987357326521197,1.1474941766555737,1.173629413807574,1.489648571254137,1.865008050044177,0.5866687451643495,1.1823979807481853,1.2325339936767787,0.3479584180494033,1.8742974019461043,3.194813798067661,0.4148374480159141,0.8360816302483226,0.8715331449717875,1.3253284028764183,1.1474032924271298,0.47598585367552815,0.9593228152847677,1.520686173007592,0.13813463346559074,True,True,true,
6,455,1931440709,gaussian,identified_unknot,false,0_1,0_1,1,"{""2"": ""1"", ""3"": ""1"", ""4"": ""1""}",0,0,"1-c,2-a,2+a,1+c",----,2,0,0.8246124171209546,1.5057753002786123,1.582162803537453,2.145047208597346,2.601279296868397,0.8230461334675371,1.3712532675844558,1.4409740362597503,0.4427986555011986,2.145047208597346,2.6062296162672536,0.5819815022042637,0.96962248423318,1.0189225125530195,1.516777427164458,0.981428899332485,0.5711734651401967,0.9516155274689996,1.4886092008743725,0.016290733549035298,True,True,true,
6,456,2577219512,gaussian,identified_unknot,false,0_1,0_1,1,"{""2"": ""1"", ""3"": ""1"", ""4"": ""1""}",0,0,"1-a,1+a,2-a,2+a",----,2,0,1.0383296218010423,1.39003528129823,1.427586416183396,2.007625000225551,1.9335141346956957,0.3444171591049058,1.1440711683074245,1.2468781294473568,0.49578849476548353,2.007625000225551,5.829050461490073,0.2435397087600849,0.8089804812701957,0.8816759806454237,1.419605251739131,1.1342035191521926,0.2762235947289884,0.9175485087820905,1.6101212723294567,0.015064582762787038,True,True,true,
6,457,698556900,gaussian,identified_nontrivial,true,3_1,3_1,3,"{""2"": ""3"", ""3"": ""2"", ""4"": ""1""}",1,-1,"1-a,2+a,3-a,4+a,5+c,1+a,2-a,3+a,4-a,5-c","1-a,2+a,3-a,1+a,2-a,3+a",5,3,0.6496835722826331,1.6996695158774928,1.800716456356871,2.5686793735673583,3.9537391480323607,0.6496835722826331,1.4814423285060376,1.5699288366345998,0.5196202261339304,2.5686793735673583,3.9537391480323607,0.4593956595865503,1.0475379164234082,1.110107326364633,1.8163306037434919,0.9008138008374278,0.41382995020037755,0.9436366120146901,1.636175674735515,0.04241977461484857,True,True,true,
6,458,3745369160,gaussian,identified_unknot,false,0_1,0_1,1,"{""2"": ""1"", ""3"": ""1"", ""4"": ""1""}",0,0,"1-c,2+c,2-c,1+c",----,2,0,0.37614569919338925,1.153130537363658,1.2527256192230385,1.8361954556627855,4.881606940077587,0.37614569919338925,1.2718240984023075,1.336188366536615,0.4097106461772077,1.8361954556627855,4.881606940077587,0.2659751746138008,0.8993154444567385,0.9448278549206165,1.298386258283078,1.058393859571402,0.2815064916096782,0.9518299442307382,1.3742040431186984,0.018822136197466442,True,True,true,
6,459,1025674044,gaussian,identified_unknot,false,0_1,0_1,1,"{""2"": ""1"", ""3"": ""1"", ""4"": ""1""}",0,0,"1-a,2-c,3-a,1+a,2+c,3+a",----,3,0,0.5985314686149583,1.1447537240755803,1.1999205367490189,1.5783523578496697,2.6370415602409043,0.5985314686149583,1.151577240449928,1.2011645573323397,0.3415642737013402,1.846613940041629,3.0852411892641447,0.42322566021118024,0.8142880757822354,0.8493516038106349,1.3057532392370446,1.1773687075099142,0.4982926485478674,0.9587172993244657,1.537353003607403,0.2107444336774898,True,True,true,
6,460,1060140703,gaussian,identified_unknot,false,0_1,0_1,1,"{""2"": ""1"", ""3"": ""1"", ""4"": ""1""}",0,0,"1-a,2+a,3-a,4-c,5-a,6-c,2-a,1+a,7+c,5+a,4+c,3+a,6+c,7-c",----,7,0,0.5183566467447707,1.3658357975249238,1.4489900007056753,2.0456166669774123,3.946349834276624,0.5183566467447707,1.3122672430270534,1.3827249899488308,0.43575575808837047,2.0456166669774123,3.946349834276624,0.36653349998634704,0.9279130662734046,0.9777342169089189,1.4464694169279517,1.0227728381660548,0.37488050806397377,0.9490442803638165,1.4794096308717994,0.05983899742346834,True,True,true,
6,461,2413910111,gaussian,identified_unknot,false,0_1,0_1,1,"{""2"": ""1"", ""3"": ""1"", ""4"": ""1""}",0,0,"1-c,2-a,2+a,1+c",----,2,0,0.9892012810977507,1.4840526225025013,1.549312612646609,2.0251635295857198,2.0472714383652293,0.6828725888328214,1.5214845395493488,1.631613178048623,0.5892761311085262,2.946576444700159,4.314972504221472,0.48286383825010104,1.0758520353858363,1.153724742471515,2.08354418533203,0.866757869695847,0.4185260317948176,0.9325032182989687,1.8059283194955595,0.2615935615861483,True,True,true,
6,462,2802671382,gaussian,identified_unknot,false,0_1,0_1,1,"{""2"": ""1"", ""3"": ""1"", ""4"": ""1""}",0,0,"1-a,2-c,3+c,1+a,2+c,3-c",----,3,0,0.6152994436488564,1.1506454652377802,1.2132300763780641,1.667053615632798,2.7093371086877895,0.573630602667956,1.1510902072776497,1.2106123971644525,0.37493160826710725,1.8513823131362628,3.2274817705427212,0.4056180890426377,0.8139436913234546,0.8560322354234862,1.3091249881874876,1.1681803074919157,0.4738350639821117,0.9508329916113378,1.5292940312462096,0.059316376601439375,True,True,true,
6,463,1815550775,gaussian,identified_unknot,false,0_1,0_1,1,"{""2"": ""1"", ""3"": ""1"", ""4"": ""1""}",0,0,"1-c,1+c",----,1,0,0.42564171554035013,1.3430290034666212,1.4188542070135821,1.8447578150461108,4.334062540613998,0.42564171554035013,1.4024763370552253,1.5293738396764285,0.609954478208645,2.6317127323890195,6.182929530410506,0.30097414341445705,0.9917005283854198,1.0814306130045102,1.8609019192072533,0.924701028410622,0.27831109994035447,0.9170264984733548,1.7207779184622474,0.01877454141585925,True,True,true,
6,464,3051981426,gaussian,identified_unknot,false,0_1,0_1,1,"{""2"": ""1"", ""3"": ""1"", ""4"": ""1""}",0,0,"1-c,2-a,2+a,1+c",----,2,0,0.9003509451625534,1.2101838818601196,1.230956429529368,1.5407515888768013,1.7112789153551975,0.38121752292306504,1.0942200352488873,1.1871068925476922,0.46033171604198797,1.9166043608993488,5.02758725832796,0.2695614955660374,0.7737304070346712,0.8394113337137633,1.3552439404436385,1.1913110531588282,0.3211315891738448,0.9217535860654831,1.6145170859770313,0.12309880525138267,True,True,true,
6,465,1493014422,gaussian,identified_unknot,false,0_1,0_1,1,"{""2"": ""1"", ""3"": ""1"", ""4"": ""1""}",0,0,----,----,0,0,0.24381450874878136,0.9848180892276303,1.166763631398278,1.8296983432872655,7.504468674473052,0.24381450874878136,1.2702543115018796,1.3849434912492529,0.5518355353405171,1.98914244183465,8.15842523909928,0.17240289248793012,0.8982054374944282,0.9793029342225186,1.4065361093672486,1.0211344876587274,0.17604653929154518,0.9171885492281561,1.4362625294122253,0.13751973077253554,True,True,true,
6,466,458261162,gaussian,identified_unknot,false,0_1,0_1,1,"{""2"": ""1"", ""3"": ""1"", ""4"": ""1""}",0,0,"1+a,1-a,2-c,2+c",----,2,0,0.6812808638583335,1.350661756818328,1.3969083097197672,1.8678628579767518,2.7416928275342807,0.6812808638583335,1.4802120968224912,1.5853916069221095,0.5678368566053394,2.8522643136869483,4.186620327971008,0.4817383187268567,1.046668011257542,1.1210411560908609,2.016855437944435,0.8920279104534049,0.42972402583925434,0.9336570790204859,1.7990913419961612,0.2071043053966692,True,True,true,
6,467,2148114464,gaussian,identified_unknot,false,0_1,0_1,1,"{""2"": ""1"", ""3"": ""1"", ""4"": ""1""}",0,0,"1-c,1+c",----,1,0,0.531172954898343,1.0464000060318008,1.078805511486376,1.3409044534303076,2.5244215486967567,0.0765617135299244,1.0540254588407352,1.1366556133425272,0.4254601220545285,1.7634360631016852,23.03287089326234,0.05413730681627139,0.7453085494895461,0.8037368920682553,1.2469375984081101,1.2441882534801918,0.06735700121585798,0.9273041424932535,1.5514251127621712,0.03602784312445127,True,True,true,
6,468,1761923022,gaussian,identified_unknot,false,0_1,0_1,1,"{""2"": ""1"", ""3"": ""1"", ""4"": ""1""}",0,0,"1-c,2+c,2-c,1+c",----,2,0,0.7419989854603513,0.9357300820707469,0.9519723211404206,1.2916836839295005,1.7408159704263122,0.34375036345192744,0.9204290114788637,0.9568413511625766,0.26144943320395114,1.4745762592176963,4.289671854918378,0.24306821303219822,0.6508415956175351,0.6765890079267565,1.0426828722695254,1.478002137611219,0.3592553384469281,0.9619452695690132,1.5410875140649638,0.24284513120841916,True,True,true,
6,469,3759898163,gaussian,identified_unknot,false,0_1,0_1,1,"{""2"": ""1"", ""3"": ""1"", ""4"": ""1""}",0,0,"1+a,2+c,3+a,3-a,2-c,1-a",----,3,0,0.33735772035386097,1.1036342566119652,1.1730125352728829,1.5887256880224823,4.709320677042865,0.33735772035386097,0.9809605448389618,1.0522602790437638,0.38074677191344247,1.5887256880224823,4.709320677042865,0.23854793174785005,0.6936438533320801,0.7440603788850941,1.1233987074459604,1.3439769518414726,0.3206029221785632,0.9322413516648226,1.5098219705358722,0.037248231049347706,True,True,true,
6,470,2301971148,gaussian,identified_unknot,false,0_1,0_1,1,"{""2"": ""1"", ""3"": ""1"", ""4"": ""1""}",0,0,"1+a,2-a,2+a,1-a",----,2,0,0.8575858453407493,1.316505372697935,1.366636326623508,2.0123271465827606,2.3465022860576616,0.7523241802442648,1.2767002583358438,1.3214545690853463,0.34099652274140246,2.0123271465827606,2.674813862727897,0.53197352950133,0.9027634102118921,0.9344094868301953,1.4229301713144455,1.0701946139184737,0.5693152060195237,0.9661325392514405,1.5228122053228106,0.36584615737499776,True,True,true,
6,471,3721639336,gaussian,identified_unknot,false,0_1,0_1,1,"{""2"": ""1"", ""3"": ""1"", ""4"": ""1""}",0,0,"1+a,1-a",----,1,0,1.3575502436240612,2.322503071288958,2.4817976650422064,3.715553584070229,2.736954747362674,1.1795454104689342,2.365008868620949,2.5259420338769267,0.8871956998602758,3.957768296823902,3.3553335562133815,0.834064558460053,1.6723138085681974,1.7861107410385146,2.798564801049314,0.55987569920696,0.4669724778515666,0.9362878628655739,1.5668484247634715,0.33161073974707095,True,True,true,
6,472,2995495323,gaussian,identified_unknot,false,0_1,0_1,1,"{""2"": ""1"", ""3"": ""1"", ""4"": ""1""}",0,0,"1-a,2-c,3-a,1+a,2+c,3+a",----,3,0,0.2990788345579026,1.5570451031284473,1.685694169376477,2.189500356255755,7.32081345539636,0.2990788345579026,1.4102683877139006,1.537980960538364,0.6136191893946479,2.290967105196193,7.6600776801297,0.21148067202526244,0.9972103402455182,1.0875167665324772,1.6199583755595424,0.9195260530910964,0.19446198765244221,0.9169608882675905,1.48959393125013,0.021739090272177346,True,True,true,
6,473,881239136,gaussian,identified_unknot,false,0_1,0_1,1,"{""2"": ""1"", ""3"": ""1"", ""4"": ""1""}",0,0,"1+a,2+c,3+a,1-a,2-c,3-a",----,3,0,0.6930418886229777,1.541606345420466,1.60415533701681,1.9839513799233288,2.862671668901993,0.6930418886229777,1.682328879226396,1.7346648905004705,0.42288511969075954,2.451590666620399,3.5374350481058596,0.4900546190916395,1.1895861586869487,1.2265933071591024,1.7335363850609324,0.8152661474373177,0.3995249413407031,0.9698293246374663,1.413293530091041,0.18404755704695314,True,True,true,
6,474,85778290,gaussian,identified_unknot,false,0_1,0_1,1,"{""2"": ""1"", ""3"": ""1"", ""4"": ""1""}",0,0,"1-c,2-a,3-c,1+c,2+a,3+c",----,3,0,0.597603737790883,1.4589464092669262,1.5500707637954247,2.1332678229733135,3.569702945398576,0.5038316142399976,1.3893609086342318,1.4993228664870448,0.563600322506997,2.400057068677839,4.763609509296462,0.35626275100526694,0.9824265200107685,1.060181366081042,1.6970966284968072,0.9432348388620504,0.33603943853700374,0.9266589202961621,1.6007606649135149,0.11159517350327372,True,True,true,
6,475,3676461935,gaussian,identified_unknot,false,0_1,0_1,1,"{""2"": ""1"", ""3"": ""1"", ""4"": ""1""}",0,0,"1+c,2+a,2-a,1-c",----,2,0,0.3113577166084165,1.1120141615442158,1.2593588834619454,1.8367081277472048,5.899028769077104,0.3113577166084165,1.1967265650247938,1.3137293757431716,0.5419690039610213,1.897221727717649,6.093382712283047,0.22016315278857063,0.8462134693551154,0.9289469502319665,1.3415383490836073,1.07648773673275,0.23700293405731498,0.9109384224188563,1.444149581145202,0.16328590345043498,True,True,true,
6,476,3618196142,gaussian,identified_unknot,false,0_1,0_1,1,"{""2"": ""1"", ""3"": ""1"", ""4"": ""1""}",0,0,"1-c,2+c,2-c,1+c",----,2,0,0.13776336852601972,1.5930980097563274,1.7869196405944412,2.5385685260763617,18.427021299184446,0.13776336852601972,1.6520880551525756,1.7632042566902189,0.6160310940469538,2.5670550930269003,18.633800265576795,0.09741341208384993,1.168202666915681,1.2467736865226398,1.8151820639587846,0.8020701838752204,0.07813239334200613,0.9369805278565831,1.4559034118064245,0.044079215816156425,True,True,true,
6,477,1356883622,gaussian,identified_unknot,false,0_1,0_1,1,"{""2"": ""1"", ""3"": ""1"", ""4"": ""1""}",0,0,"1-a,1+a",----,1,0,0.24101336225864212,0.858631411792988,1.0347986231510276,1.6551085652068431,6.867289637786443,0.24101336225864212,0.890529918405516,0.9872896175903028,0.42625960801637214,1.6551085652068431,6.867289637786443,0.17042218280965576,0.6296997441540432,0.6981191835931764,1.1703384900576959,1.4324201705116621,0.24411617215917675,0.9019946148922847,1.6764164594848057,0.22219119448809008,True,True,true,
6,478,2414256077,gaussian,identified_unknot,false,0_1,0_1,1,"{""2"": ""1"", ""3"": ""1"", ""4"": ""1""}",0,0,----,----,0,0,0.2572610793184447,1.3222626396768837,1.4651268946053686,2.3138952794043477,8.994346465211496,0.2572610793184447,1.398221730472939,1.5460652858049855,0.6597680353006743,2.5141477166622135,9.772748071036947,0.18191105372144253,0.9886920672198042,1.0932332477498228,1.7777708993565258,0.914717881164223,0.16639729362042904,0.9043743128511749,1.6261588302548164,0.12795945220245428,True,True,true,
6,479,1190816570,gaussian,identified_unknot,false,0_1,0_1,1,"{""2"": ""1"", ""3"": ""1"", ""4"": ""1""}",0,0,"1+a,2+c,3-c,3+c,2-c,1-a",----,3,0,1.2943207805334924,1.6806610948560305,1.7208307655424957,2.4641461114128975,1.9038140687173601,0.7021314121116247,1.6106858640725141,1.710060083638448,0.5744532504308022,2.723328131764289,3.8786587308122527,0.49648188278821614,1.1389268968469883,1.2091950813771812,1.92568378936662,0.8269964172043076,0.41058873827270376,0.9418884631500796,1.5925335944746093,0.12605939692249996,True,True,true,
6,480,4169760934,gaussian,identified_unknot,false,0_1,0_1,1,"{""2"": ""1"", ""3"": ""1"", ""4"": ""1""}",0,0,"1+c,1-c,2+c,3+a,3-a,2-c",----,3,0,1.4347551185781116,1.9531927960858095,1.9756370236945209,2.3229445577634573,1.6190529851990143,0.5046221042593603,1.6792859632468047,1.7920682222504445,0.6257053354751905,2.5031666849431597,4.960477679861223,0.3568217118584186,1.187434492163199,1.2671835923022101,1.7700061373635583,0.7891516320718824,0.281586436271754,0.9370658674690352,1.3968032320777004,0.1435906274948619,True,True,true,
6,481,2041536581,gaussian,identified_unknot,false,0_1,0_1,1,"{""2"": ""1"", ""3"": ""1"", ""4"": ""1""}",0,0,"1-c,1+c",----,1,0,0.3981348752129947,1.2707097785626005,1.405351446577395,2.218806537884503,5.573002206092805,0.3981348752129947,1.3609609295238263,1.4549058126014227,0.5143308972354759,2.218806537884503,5.573002206092805,0.28152387008996843,0.9623447021962445,1.0287737660781902,1.5689331490791782,0.9720310071786926,0.2736499309883954,0.9354288901288943,1.5250516690954714,0.29214120251869996,True,True,true,
6,482,3204184492,gaussian,identified_unknot,false,0_1,0_1,1,"{""2"": ""1"", ""3"": ""1"", ""4"": ""1""}",0,0,"1+c,2+a,2-a,1-c",----,2,0,0.328751271153915,1.143907220176919,1.2301013787422583,1.7443715307937755,5.306052580940727,0.328751271153915,1.1853052327038847,1.2383746396756434,0.35864084195273993,1.7443715307937755,5.306052580940727,0.23246225315663072,0.8381373678208155,0.8756631053640948,1.2334569383330372,1.1419917019162373,0.2654699641136239,0.9571459191172884,1.4085975882473363,0.2222468802399932,True,True,true,
6,483,994760394,gaussian,identified_unknot,false,0_1,0_1,1,"{""2"": ""1"", ""3"": ""1"", ""4"": ""1""}",0,0,----,----,0,0,0.6662717749397946,1.7426947073486854,1.9262368397828593,2.707962526309197,4.064351257493825,0.4424724766831164,1.6224264370678974,1.7502372960110877,0.6565539190739568,2.707962526309197,6.120069990813342,0.3128752887510381,1.1472287356270396,1.2376046606950466,1.9148186655522876,0.8080124709924683,0.25280713517620834,0.9269751254675693,1.5471973614554047,0.0733495541167047,True,True,true,
6,484,4203691082,gaussian,identified_unknot,false,0_1,0_1,1,"{""2"": ""1"", ""3"": ""1"", ""4"": ""1""}",0,0,"1-a,1+a",----,1,0,0.3278231665895786,1.3611417021385535,1.5476245694684188,2.3470459751240624,7.159487840779933,0.3278231665895786,1.7250008256445264,1.8524947864598194,0.675358486573252,2.5902329481341884,7.901311475576879,0.23180598412553827,1.2197597813656378,1.3099116256184635,1.8315712824785073,0.7634102793215982,0.17696307108969514,0.9311771553975934,1.3982403443543352,0.1898152226176668,True,True,true,
6,485,4269279147,gaussian,identified_unknot,false,0_1,0_1,1,"{""2"": ""1"", ""3"": ""1"", ""4"": ""1""}",0,0,"1+a,1-a",----,1,0,0.531580269910914,1.335119898958922,1.4792121766362298,2.275448747229708,4.2805364984878835,0.531580269910914,1.5527468577472339,1.6414070355320458,0.5321599872690458,2.275448747229708,4.2805364984878835,0.3758840135989825,1.0979578325791726,1.160650045512018,1.6089852394085606,0.8615861463727014,0.3238564587598514,0.9459852578516127,1.3862793919925802,0.23216543742931534,True,True,true,
6,486,2384739462,gaussian,identified_unknot,false,0_1,0_1,1,"{""2"": ""1"", ""3"": ""1"", ""4"": ""1""}",0,0,"1-a,2+a,3+c,1+a,2-a,3-c",----,3,0,0.5137126930247145,1.025354394493841,1.062228262221986,1.3038570403970033,2.538105556084197,0.24207655802709052,1.0130032333998356,1.0869190018850747,0.39397635180341106,1.7262745627639489,7.131109996081336,0.17117397574725446,0.7163014557009226,0.7685677968334501,1.2206604495202305,1.3011213898371305,0.222718121228215,0.9319951455839443,1.5882274205989788,0.12513255454097086,True,True,true,
6,487,3083346232,gaussian,identified_unknot,false,0_1,0_1,1,"{""2"": ""1"", ""3"": ""1"", ""4"": ""1""}",0,0,"1+a,2+c,3-c,4+c,5+a,1-a,2-c,5-a,4-c,3+c",----,5,0,1.0756214952305165,1.3954249056558978,1.4232650037740866,1.7959293252099213,1.6696666375424523,0.43549454805923,1.2238034699942304,1.2905212544006526,0.4095731618281579,1.7959293252099213,4.123884749449639,0.3079411481024523,0.8653597324725478,0.912536330252071,1.2699138043877156,1.0958467809427037,0.3374563158678728,0.9483016771874807,1.3916309546129806,0.010214044418695521,True,True,true,
6,488,3732381267,gaussian,identified_unknot,false,0_1,0_1,1,"{""2"": ""1"", ""3"": ""1"", ""4"": ""1""}",0,0,"1-a,2-a,3-c,1+a,4-a,3+c,2+a,4+a",----,4,0,1.0306180595415826,1.8248122649863132,1.9182153647582627,2.7177700650858694,2.6370293436297145,0.4854647958963055,1.6032660820337155,1.7607616155758707,0.7278868985533472,2.8395650838504296,5.849167865216238,0.3432754492056208,1.1336803186524278,1.245046478426679,2.007875726411186,0.8031828669269154,0.27571295943859525,0.910552608513876,1.6126913823718991,0.21968280703922838,True,True,true,
6,489,1525560306,gaussian,identified_unknot,false,0_1,0_1,1,"{""2"": ""1"", ""3"": ""1"", ""4"": ""1""}",0,0,----,----,0,0,0.6157673663587763,1.3937166087050796,1.4807051954769836,1.9391337567184113,3.149133686939455,0.3388151053043967,1.3379197149307258,1.459913075133627,0.5842234361490548,2.3286060389681396,6.8727928670006735,0.23957845852917306,0.9460521031106887,1.0323144353698932,1.6465731208663172,0.9686971001637554,0.2320789580389125,0.9164379288871461,1.5950306073907863,0.1962555887949749,True,True,true,
6,490,3775658980,gaussian,identified_unknot,false,0_1,0_1,1,"{""2"": ""1"", ""3"": ""1"", ""4"": ""1""}",0,0,"1+a,2+c,2-c,1-a",----,2,0,0.7528305948188444,1.160173722568686,1.2146972743631852,1.750340544516532,2.3250125015677945,0.3709461555624987,1.2101974834802052,1.340735655825555,0.5770564528537555,2.4507656816945302,6.606796282814188,0.26229854205332276,0.8557388471437478,0.9480432740128429,1.732953032625474,1.0548041712982537,0.27667359628329524,0.902636905509184,1.8279260874773087,0.1594441097246362,True,True,true,
6,491,257710533,gaussian,identified_unknot,false,0_1,0_1,1,"{""2"": ""1"", ""3"": ""1"", ""4"": ""1""}",0,0,"1-a,2+a,2-a,1+a",----,2,0,0.8437543294277189,1.3674228238423731,1.409736192940424,1.795755740365369,2.1282921790556624,0.7550970481725775,1.3404948543404582,1.3901581710081279,0.3682570921345799,1.9392160264652099,2.568167934384511,0.5339342432167746,0.9478730016498113,0.9829902696417353,1.3712328024991811,1.0173040678871257,0.5431734776086589,0.9642750604187335,1.3949607080026807,0.0792136691486704,True,True,true,
6,492,2900374580,gaussian,identified_unknot,false,0_1,0_1,1,"{""2"": ""1"", ""3"": ""1"", ""4"": ""1""}",0,0,"1+c,2+c,3+a,4+c,5+a,6+c,2-c,3-a,4-c,5-a,6-c,1-c",----,6,0,0.5602042571249969,1.3530723118870869,1.4514391242076783,2.0383675687242078,3.6386149208955265,0.5602042571249969,1.3505906145264115,1.4364759040151205,0.48925250614506477,2.0722469136852033,3.6990916925910264,0.39612422906265754,0.955011782138532,1.0157418527401678,1.4652998449597014,0.9845021127191904,0.3899851404114469,0.9402111171871042,1.4425907931299282,0.24908219952817579,True,True,true,
6,493,1312461900,gaussian,identified_unknot,false,0_1,0_1,1,"{""2"": ""1"", ""3"": ""1"", ""4"": ""1""}",0,0,"1-c,1+c",----,1,0,0.14709450571482796,0.9859500799716252,1.0903392215529875,1.6800880743218538,11.421827526169057,0.14709450571482796,1.07990011197852,1.1551223925528298,0.4100286452502478,1.6800880743218538,11.421827526169057,0.10401152246623821,0.7636046921841235,0.816794876874535,1.188001670343631,1.2242975908792417,0.12734105637909757,0.9348793850251073,1.4544675829622224,0.14694361183593846,True,True,true,
6,494,211273390,gaussian,identified_unknot,false,0_1,0_1,1,"{""2"": ""1"", ""3"": ""1"", ""4"": ""1""}",0,0,----,----,0,0,0.13179072199993255,0.9770871696094837,1.061151932902143,1.3036144855220244,9.89154976723393,0.13179072199993255,1.1161138926621377,1.1668293029320445,0.3402651918540169,1.5213241071865247,11.543484124681427,0.09319011322362342,0.7892117020779119,0.8250729125904209,1.0757385925741616,1.2120140956517085,0.11294773080241025,0.956535707371706,1.303810337436414,0.11205694421625867,True,True,true,
6,495,4152473081,gaussian,identified_unknot,false,0_1,0_1,1,"{""2"": ""1"", ""3"": ""1"", ""4"": ""1""}",0,0,"1-c,1+c,2+a,2-a",----,2,0,1.0969066947375168,1.4290150631007554,1.4411042773830838,1.7074710911726922,1.5566238216654151,0.34708531422031486,1.2887234800842269,1.3487383444625538,0.3978528794707776,1.7595862968297125,5.069607455972057,0.24542637933544825,0.9112651118418834,0.9537020294157893,1.2442154025712149,1.0485455301092015,0.25734073302306953,0.9555029597662684,1.3046164988590678,0.009938854649625125,True,True,true,
6,496,2035390494,gaussian,identified_unknot,false,0_1,0_1,1,"{""2"": ""1"", ""3"": ""1"", ""4"": ""1""}",0,0,"1-c,2+c,2-c,1+c",----,2,0,0.4116899018590133,0.9380757320341792,0.9994557982887579,1.375253148587322,3.3405073633753815,0.35089594780539585,0.8845715735784592,0.9323606447984749,0.29466846316828066,1.375253148587322,3.9192619840398577,0.24812090418407623,0.6254865581221835,0.6592785344484635,0.972450827214246,1.5168095846417566,0.37635216561638574,0.9487440064243112,1.4750227353113732,0.09552343388928053,True,True,true,
6,497,72546657,gaussian,identified_unknot,false,0_1,0_1,1,"{""2"": ""1"", ""3"": ""1"", ""4"": ""1""}",0,0,"1-a,2-a,3-c,4+c,5+a,6+c,2+a,3+c,4-c,5-a,6-c,1+a",----,6,0,0.8139688588458192,1.4845133156646384,1.6014700736426453,2.393692054084385,2.940766133827971,0.36910917759569123,1.3438897697343546,1.4962232493776846,0.657757021081235,2.413299497888212,6.538172563489202,0.26099960247610293,0.95027356934639,1.0579896058039315,1.7064604399908447,0.945188870017426,0.24669391933938511,0.8981880012179405,1.6129274150043862,0.08589516422135766,True,True,true,
6,498,3150372655,gaussian,identified_nontrivial,true,3_1,3_1,3,"{""2"": ""3"", ""3"": ""2"", ""4"": ""1""}",1,1,"1+c,2+c,3-c,4-a,5-c,1-c,6+c,3+c,4+a,5+c,2-c,6-c","1+c,2+c,5-c,1-c,6+c,5+c,2-c,6-c",6,4,0.7453791365019443,1.1360031663043373,1.155506397303105,1.4204774218486693,1.9057112713336108,0.6042251289287005,0.9922470457318054,1.023703522625914,0.2518227600381063,1.4204774218486693,2.3509075572000713,0.4272516860288001,0.701624614649278,0.72386770277334,1.004429217511578,1.3814679065922126,0.5902344922861997,0.9692718876131058,1.3875867284357741,0.04016584084152693,True,True,true,
6,499,1961653552,gaussian,identified_unknot,false,0_1,0_1,1,"{""2"": ""1"", ""3"": ""1"", ""4"": ""1""}",0,0,"1+c,1-c",----,1,0,0.9140838534643533,1.280520302882111,1.320960637414799,1.8785575607576315,2.055126073650627,0.9033839273757212,1.4007408921560733,1.4438415683153616,0.35014772230755686,1.8911037865490508,2.0933555814332445,0.6387889010623079,0.9904733835288538,1.020950163914812,1.337212311396391,0.9794797389184219,0.625680786036495,0.9701486111044879,1.3097723656450366,0.32350854888065605,True,True,true,
6,500,2111137499,gaussian,identified_unknot,false,0_1,0_1,1,"{""2"": ""1"", ""3"": ""1"", ""4"": ""1""}",0,0,----,----,0,0,0.29934798319516615,0.8923271153463349,1.061878136142916,1.755891308093617,5.865719519308827,0.29934798319516615,1.114105157892335,1.1992210373182344,0.44373504876707304,1.755891308093617,5.865719519308827,0.21167098885181865,0.7877913121005793,0.8479773276292892,1.2416026509795137,1.1792768125012543,0.24961868903216122,0.9290240274501521,1.4641932166402283,0.08871389041034912,True,True,true,
6,501,3439574646,gaussian,identified_unknot,false,0_1,0_1,1,"{""2"": ""1"", ""3"": ""1"", ""4"": ""1""}",0,0,"1-c,1+c",----,1,0,0.9354361664678592,1.5408772945475242,1.607687966862516,2.1448611843643257,2.292899570542766,0.8121598639395858,1.5638781496824405,1.6281334981547275,0.4528838932434856,2.317355629293731,2.853324489655047,0.5742837471992249,1.1058288445899243,1.151264237222183,1.6386178798944162,0.868610322173162,0.4988287906735295,0.9605343489676295,1.4233204045737926,0.28486347771633375,True,True,true,
6,502,2058340637,gaussian,identified_unknot,false,0_1,0_1,1,"{""2"": ""1"", ""3"": ""1"", ""4"": ""1""}",0,0,"1+a,2-a,2+a,1-a",----,2,0,0.43435993036834786,1.1637574739365497,1.3228327730466984,2.3826148087444916,5.48534669559408,0.43435993036834786,1.3200870427845903,1.4636358224404622,0.6321392411511907,2.3826148087444916,5.48534669559408,0.30713885223917536,0.9334424997094799,1.0349468152352004,1.6847630882187188,0.9662332259776476,0.2967677640221304,0.9019231577589301,1.6278740737376367,0.03603981760620025,True,True,true,
6,503,3976795763,gaussian,identified_unknot,false,0_1,0_1,1,"{""2"": ""1"", ""3"": ""1"", ""4"": ""1""}",0,0,"1-a,1+a,2+c,2-c",----,2,0,0.5837305573483741,1.092576629702142,1.1352927070943113,1.449363398838947,2.4829322032116226,0.2648597480648464,1.0901053583194837,1.157646723546953,0.3896360408152017,1.7126978254183625,6.466433038360504,0.18728412392001345,0.7708208910754981,0.8185798484384389,1.2110602464767777,1.2216279229297504,0.22879151530212402,0.9416563241154202,1.4794650134462175,0.10614503898091254,True,True,true,
6,504,83729241,gaussian,identified_unknot,false,0_1,0_1,1,"{""2"": ""1"", ""3"": ""1"", ""4"": ""1""}",0,0,----,----,0,0,0.5112722493627355,0.9775598846075862,1.0301495758149242,1.5314221745090957,2.9953164413243716,0.5112722493627355,1.1980139053178513,1.2614710701862142,0.3950594177865193,1.9860393538817316,3.884504500991768,0.3615240745568898,0.8471237564060311,0.8919947479993232,1.4043418948331217,1.121082833999779,0.4052984340633854,0.9496959015802117,1.5743835913641357,0.31844689083446837,True,True,true,
6,505,3762176121,gaussian,identified_unknot,false,0_1,0_1,1,"{""2"": ""1"", ""3"": ""1"", ""4"": ""1""}",0,0,"1+a,1-a",----,1,0,0.646290016968739,1.055981487075928,1.0938053997608137,1.5251822283754524,2.3599037403191474,0.2741778506635281,1.106716783286015,1.1881089591423983,0.4321815132412402,2.1480639079750095,7.83456396195592,0.19387301745533328,0.7825669423145039,0.8401199017980805,1.518910555751205,1.190306285876258,0.23076827133888073,0.9314943505559172,1.8079687821944601,0.07067021652321945,True,True,true,
6,506,366363875,gaussian,identified_unknot,false,0_1,0_1,1,"{""2"": ""1"", ""3"": ""1"", ""4"": ""1""}",0,0,"1-a,2+a,2-a,1+a,3+c,3-c",----,3,0,0.4696525951943835,1.1279192452135225,1.2401331037739385,1.874405183229914,3.9910461528571357,0.4696525951943835,1.1040017933743573,1.1832209719303166,0.42566642884061967,1.921035127212152,4.090332187810138,0.3320945348638091,0.7806471545371176,0.8366635728940645,1.3583769653492745,1.1952235431273124,0.39692720661313863,0.9330478579781083,1.6235641294272862,0.08921289181216563,True,True,true,
6,507,298303656,gaussian,identified_unknot,false,0_1,0_1,1,"{""2"": ""1"", ""3"": ""1"", ""4"": ""1""}",0,0,"1+a,1-a",----,1,0,0.3444154235812964,1.0954464910823771,1.1902759277762527,1.715378362053997,4.9805503604257035,0.3444154235812964,1.174304083031082,1.2570107349262565,0.44842603436506323,2.2602213942060674,6.562485996427976,0.2435384815595718,0.8303583802863286,0.8888408146906417,1.598217874826023,1.1250608471979844,0.27399561038872255,0.9342037028028829,1.7980923562587277,0.2663601024508834,True,True,true,
6,508,1495672303,gaussian,identified_unknot,false,0_1,0_1,1,"{""2"": ""1"", ""3"": ""1"", ""4"": ""1""}",0,0,"1-c,2-a,3+a,3-a,2+a,1+c",----,3,0,0.919229062921285,1.1427979313352155,1.1867816214647176,1.8181133726069498,1.9778675913803627,0.46004951302275915,1.097009965407348,1.1667500479979305,0.3973346326462649,1.8181133726069498,3.951994994323591,0.32530413033996186,0.7757031855687556,0.8250168708890664,1.2856002947363183,1.2120964252796016,0.3942999735137574,0.9402270583058882,1.5582715215882936,0.06702192072705411,True,True,true,
6,509,1669954743,gaussian,identified_unknot,false,0_1,0_1,1,"{""2"": ""1"", ""3"": ""1"", ""4"": ""1""}",0,0,"1-a,2+a,3+c,1+a,4+a,4-a,2-a,3-c",----,4,0,0.329348003293419,0.9382233191471241,1.0262933316538165,1.4627898242912778,4.441471664208225,0.329348003293419,1.0394760833995622,1.090516751088503,0.32972148314134814,1.4627898242912778,4.441471664208225,0.23288420649902594,0.7350205874530636,0.7711117896922027,1.034348604207041,1.2968288299666126,0.30201095303183484,0.9531958884281287,1.3413730901714156,0.027256268930000552,True,True,true,
6,510,2006854884,gaussian,identified_unknot,false,0_1,0_1,1,"{""2"": ""1"", ""3"": ""1"", ""4"": ""1""}",0,0,"1+a,2+c,2-c,1-a",----,2,0,0.41599268415229984,1.1224738467213011,1.217201544250843,1.782835882854768,4.285738549676154,0.41599268415229984,1.2159141129259075,1.2801329557190693,0.4003664000707901,1.782835882854768,4.285738549676154,0.29415124788808483,0.8597811145903346,0.9051906938093321,1.2606553425093117,1.1047395944733809,0.3249605303057218,0.9498342398683979,1.392695871854438,0.2619323874274386,True,True,true,
6,511,103317893,gaussian,identified_unknot,false,0_1,0_1,1,"{""2"": ""1"", ""3"": ""1"", ""4"": ""1""}",0,0,"1+a,2+c,2-c,1-a",----,2,0,0.691701673243508,1.3172724398615923,1.373993151558146,2.0333823898335113,2.9396811783013796,0.691701673243508,1.2999334300247816,1.3454088153603707,0.3468399601450246,2.0333823898335113,2.9396811783013796,0.48910694370856594,0.9191917434616114,0.9513476968094777,1.4378184765965836,1.0511404015100756,0.5141200691911879,0.9661995782869846,1.511349090788338,0.39232982966689944,True,True,true,
6,512,2715059639,gaussian,identified_unknot,false,0_1,0_1,1,"{""2"": ""1"", ""3"": ""1"", ""4"": ""1""}",0,0,"1-a,2+a,2-a,1+a",----,2,0,0.8475663151278323,1.0241716403657928,1.035408740515483,1.2892673817003333,1.5211404213319666,0.19797759177296595,0.9089551834398014,0.9810606009826017,0.36916172241750744,1.574943816145233,7.955162006169494,0.13999129766564625,0.6427283740049458,0.6937146037097474,1.1136534523841133,1.4415149899574604,0.2017995540486259,0.9265025855991144,1.6053481452295761,0.03677189597084212,True,True,true,
6,513,4220373661,gaussian,identified_unknot,false,0_1,0_1,1,"{""2"": ""1"", ""3"": ""1"", ""4"": ""1""}",0,0,"1+a,2-a,3-c,1-a,2+a,3+c",----,3,0,1.110058138817135,1.8638680308592799,1.913914801767205,2.417234439419382,2.177574628654278,0.6843862905227229,1.7558650391970174,1.8772505802436887,0.6640841099973136,2.9859942314719947,4.36302461463882,0.48393418697972396,1.241584076064594,1.3274166152766933,2.111416769657761,0.7533429885473861,0.3645684266795548,0.9353386583953462,1.5906210193230454,0.08509035196206007,True,True,true,
6,514,2175900434,gaussian,identified_unknot,false,0_1,0_1,1,"{""2"": ""1"", ""3"": ""1"", ""4"": ""1""}",0,0,"1+c,2+a,2-a,1-c",----,2,0,1.0341076134117257,1.517915741374396,1.5545595601059434,2.0214454683023284,1.9547728322327882,0.3279295319204665,1.3336534053067683,1.4114699459824924,0.4621861128652406,2.0856729830350393,6.360125514834335,0.23188119577229221,0.9430353666449469,0.9980599702452303,1.4747935096416513,1.001943800786132,0.23233192662292368,0.944868439531982,1.4776602144250754,0.1792439495373976,True,True,true,
6,515,2112150795,gaussian,identified_unknot,false,0_1,0_1,1,"{""2"": ""1"", ""3"": ""1"", ""4"": ""1""}",0,0,"1-a,2-c,3-a,1+a,2+c,3+a",----,3,0,1.0459256778537644,1.7217100147756963,1.7952927136601258,2.3549675425993506,2.2515629862264546,0.29518293375004645,1.5184049173097178,1.6359662490135887,0.6089598303675371,2.3549675425993506,7.977993553629623,0.20872585414519723,1.0736744136167005,1.1568028284698284,1.6652135188462205,0.864451551629381,0.18043338848098364,0.9281395127957224,1.439496410160837,0.16171726619458154,True,True,true,
6,516,282247238,gaussian,identified_unknot,false,0_1,0_1,1,"{""2"": ""1"", ""3"": ""1"", ""4"": ""1""}",0,0,"1+c,1-c",----,1,0,0.17965541106532845,1.3450399707013225,1.6173289093246106,3.081707418615792,17.153435013962284,0.17965541106532845,1.6521119174658234,1.7820554991062445,0.6680179743556361,3.081707418615792,17.153435013962284,0.12703555944115044,1.1682195401191935,1.2601035278688029,2.1790962133361167,0.7935855887105461,0.10081358922627895,0.9270821914886533,1.729299351317264,0.17964431109936624,True,True,true,
6,517,365209492,gaussian,identified_unknot,false,0_1,0_1,1,"{""2"": ""1"", ""3"": ""1"", ""4"": ""1""}",0,0,----,----,0,0,0.5222019306219532,1.4680203393202402,1.695707849315635,2.7615205978994966,5.288223646761453,0.5222019306219532,1.4264047803292714,1.5602348148172804,0.6322199617393587,2.7615205978994966,5.288223646761453,0.3692525262914901,1.0086204928877354,1.103252617800636,1.952689941161063,0.906410720323988,0.33469444833732187,0.9142244274919081,1.7699390961372048,0.1368446685800776,True,True,true,
6,518,2390562366,gaussian,identified_unknot,false,0_1,0_1,1,"{""2"": ""1"", ""3"": ""1"", ""4"": ""1""}",0,0,"1-c,1+c,2+a,2-a",----,2,0,0.32788927339961554,1.1488640897320208,1.3019217594004924,2.0812211791589075,6.3473292602116205,0.32788927339961554,1.1295835059102346,1.245500916447499,0.5247033791077612,2.0812211791589075,6.3473292602116205,0.23185272869919799,0.7987361569456014,0.8807021439940861,1.471645608932326,1.135457665022688,0.2632589579579301,0.906931091734648,1.6709912868591905,0.25476825660348307,True,True,true,
6,519,1096278398,gaussian,identified_unknot,false,0_1,0_1,1,"{""2"": ""1"", ""3"": ""1"", ""4"": ""1""}",0,0,"1-a,1+a",----,1,0,1.3244201578366974,1.6009552112538803,1.6155725082412384,1.9822712240470426,1.4967087387773352,0.5717534444620038,1.455746916095315,1.5419479574664143,0.5083349484481927,2.521905450431817,4.410826860526962,0.40429073774584895,1.029368516062401,1.0903218569612476,1.7832564455116522,0.9171603720639181,0.37079944345297877,0.944096011182675,1.635532145050847,0.21649221584299896,True,True,true,
6,520,2179514782,gaussian,identified_unknot,false,0_1,0_1,1,"{""2"": ""1"", ""3"": ""1"", ""4"": ""1""}",0,0,"1+c,1-c",----,1,0,0.5171878061508496,1.5901197468385,1.6923919504266527,2.1918516260836056,4.238018762268154,0.5171878061508496,1.6155524412801503,1.6990037093360555,0.5259314725431655,2.622243391278091,5.07019570085002,0.36570700487625935,1.1423680865916759,1.2013770441326228,1.8542060838943473,0.8323781487950653,0.30440651972028865,0.9508822331597399,1.5434006275965244,0.35478669248775285,True,True,true,
6,521,3518018589,gaussian,identified_unknot,false,0_1,0_1,1,"{""2"": ""1"", ""3"": ""1"", ""4"": ""1""}",0,0,"1+a,1-a",----,1,0,0.27901908413275356,0.9162878084287462,0.970907601374899,1.35858846354217,4.869159641050832,0.27901908413275356,1.0560389529076852,1.1086186919902141,0.3373679507181041,1.5021294391123892,5.38360823519045,0.19729628647072986,0.7467323047981653,0.7839117948564408,1.0621659126163154,1.275653723494659,0.25168174246805547,0.9525718450695282,1.3549559013981054,0.1517535598435126,True,True,true,
6,522,3856521347,gaussian,identified_unknot,false,0_1,0_1,1,"{""2"": ""1"", ""3"": ""1"", ""4"": ""1""}",0,0,----,----,0,0,0.45288715630637116,1.8684594944472128,2.0324046650473893,2.8519391939320484,6.29724017168364,0.45288715630637116,1.6352872663539637,1.7858717508913313,0.7177558548226889,2.9088518207876453,6.422906413402132,0.3202395793365269,1.1563227152268996,1.262802025384753,2.0568688479457795,0.7918897656941262,0.25359444544678783,0.9156801240278255,1.6288133900633306,0.17550639489479503,True,True,true,
6,523,1322782601,gaussian,identified_unknot,false,0_1,0_1,1,"{""2"": ""1"", ""3"": ""1"", ""4"": ""1""}",0,0,"1+a,1-a",----,1,0,0.7376726432837647,1.5569187793540202,1.668393463366167,2.3037265315174205,3.122965928711054,0.7376726432837647,1.4156258317933443,1.5094939384923496,0.5239994796796541,2.3037265315174205,3.122965928711054,0.5216133283617551,1.0009986252839207,1.0673734000679296,1.6289806524353325,0.9368792588763765,0.48868870849560114,0.9378148501922712,1.5261581863775706,0.08587274834872381,True,True,true,
6,524,1510945358,gaussian,identified_unknot,false,0_1,0_1,1,"{""2"": ""1"", ""3"": ""1"", ""4"": ""1""}",0,0,----,----,0,0,0.7117481294548209,1.3088788541926133,1.4915724680579399,2.4290499348501187,3.4127942657337265,0.38924887304776845,1.2557132563772988,1.4093334348995887,0.6398475978576406,2.4290499348501187,6.240351875217958,0.2752405177012986,0.8879233588102297,0.9965492287704288,1.7175976807732602,1.003462720285107,0.27619359862522624,0.8909979890364023,1.7235452411041268,0.12119026696797827,True,True,true,
6,525,339253442,gaussian,identified_unknot,false,0_1,0_1,1,"{""2"": ""1"", ""3"": ""1"", ""4"": ""1""}",0,0,"1-a,2-a,3-c,4-a,2+a,3+c,4+a,1+a",----,4,0,0.24243677389982018,0.9371323463504854,1.0296315010255275,1.4183986467484873,5.850591987066279,0.24243677389982018,1.0788748728373438,1.1376588835299555,0.3609664029169881,1.6746602303426144,6.907616379331207,0.17142868683355264,0.76287973863506,0.8044463112211482,1.1841636050586881,1.2430910379612552,0.21310146425225593,0.9483289661394682,1.4720231649283466,0.07177593773238043,True,True,true,
6,526,104813558,gaussian,identified_unknot,false,0_1,0_1,1,"{""2"": ""1"", ""3"": ""1"", ""4"": ""1""}",0,0,"1+c,2-c,3+a,4+c,2+c,1-c,4-c,3-a",----,4,0,0.8209429033517482,1.4926225144540621,1.5479387095426431,2.079017826703215,2.5324755451505756,0.8209429033517482,1.3893439969773476,1.4592091499208328,0.44611052585170774,2.2393326363412522,2.7277568600672444,0.5804942939269936,0.9824145616635046,1.0318166850784782,1.5834472924892484,0.9691644014497998,0.562594404918779,0.9521212206301782,1.5346207474526485,0.07045719291572429,True,True,true,
6,527,1084274778,gaussian,identified_unknot,false,0_1,0_1,1,"{""2"": ""1"", ""3"": ""1"", ""4"": ""1""}",0,0,"1-c,1+c",----,1,0,0.5521037819013442,1.1979303662449758,1.3621130985274552,2.38399034910926,4.318011263931637,0.5521037819013442,1.339268381162078,1.4708200617553786,0.6080064615459299,2.38399034910926,4.318011263931637,0.39039632810117914,0.9470057541484351,1.0400268395724448,1.6857357421384425,0.9615136474853863,0.3753713973974664,0.9105589568609109,1.6208579221200183,0.34786440928279194,True,True,true,
6,528,1807007533,gaussian,identified_unknot,false,0_1,0_1,1,"{""2"": ""1"", ""3"": ""1"", ""4"": ""1""}",0,0,"1+c,2+a,2-a,1-c",----,2,0,0.7634309651463216,1.4153725332714682,1.4632048334751109,1.8457493732266177,2.4177030504295245,0.49608673570477185,1.277011564100339,1.3402999318497513,0.4069955435510981,1.8457493732266177,3.720618271731113,0.35078629487354274,0.9029835366289891,0.9477351706348266,1.3051418981793612,1.0551470822066935,0.3701311355139154,0.9527804439547588,1.3771166657296583,0.2254106894216225,True,True,true,
6,529,3168835224,gaussian,identified_unknot,false,0_1,0_1,1,"{""2"": ""1"", ""3"": ""1"", ""4"": ""1""}",0,0,"1-c,2-a,2+a,1+c",----,2,0,0.7816325773654347,1.212172108213527,1.2468966356503253,1.5681738384706063,2.006280039857451,0.6835687700527073,1.2371248817079137,1.3187278040742239,0.4566892250728109,2.205466052878339,3.226399668183033,0.4833561127116171,0.8747793930302712,0.9324813728001284,1.5595000016670022,1.0724074809099096,0.5183547112154716,0.9381199652314928,1.6724194682667095,0.041064508311909366,True,True,true,
6,530,212017072,gaussian,identified_unknot,false,0_1,0_1,1,"{""2"": ""1"", ""3"": ""1"", ""4"": ""1""}",0,0,"1+a,1-a",----,1,0,0.8466436783244824,1.4639193435192732,1.50313241310339,1.9313016195825898,2.2811268412287187,0.33960087971429104,1.409877106813924,1.4894296944813112,0.48025759596771705,2.1731686863053703,6.399184501917882,0.24013408494289223,0.9969336628677959,1.053185837068343,1.5366623147487883,0.9495000452945784,0.22800732453004832,0.9465885580486627,1.4590609374564463,0.12102877128448165,True,True,true,
6,531,687754012,gaussian,identified_unknot,false,0_1,0_1,1,"{""2"": ""1"", ""3"": ""1"", ""4"": ""1""}",0,0,"1+c,2+a,3+c,3-c,2-a,1-c",----,3,0,0.7728475599191106,1.2288051737749022,1.2770851520238096,1.7690453336519512,2.2889964663110365,0.44590073534295066,1.290906749456317,1.349247428484937,0.39246450474067135,1.9776750920553743,4.435236220308781,0.3152994336970684,0.9128089164200451,0.9540620061802102,1.3984274685760847,1.048149903803121,0.33048107109876085,0.9567605779363014,1.4657616166636653,0.30448052892978306,True,True,true,
6,532,1627878301,gaussian,identified_unknot,false,0_1,0_1,1,"{""2"": ""1"", ""3"": ""1"", ""4"": ""1""}",0,0,"1-a,1+a",----,1,0,0.20722812780624847,1.215442413736825,1.3754542958830906,2.2895952502365327,11.048670247975359,0.20722812780624847,1.4690574781768366,1.5841354099919458,0.5927521598468145,2.5311544487213946,12.214338253771908,0.14653241442439083,1.0387805047716496,1.1201528907230365,1.7897964749213955,0.8927352759448042,0.13081465542601695,0.9273560005734016,1.5978144499239897,0.2072281278062485,True,True,true,
6,533,333754182,gaussian,identified_unknot,false,0_1,0_1,1,"{""2"": ""1"", ""3"": ""1"", ""4"": ""1""}",0,0,"1+a,1-a",----,1,0,1.1335805063900453,1.4144432242134624,1.4333452400907194,1.802631478139127,1.5902103714536469,0.41122779941631166,1.580921549421667,1.6513451299252453,0.4771035450528752,2.59828480347244,6.318358844320332,0.2907819655796953,1.1178803481200044,1.1676773394495212,1.8372648039893182,0.8564009647317731,0.2490259558490523,0.9573538085846619,1.573435350604184,0.3294891456722068,True,True,true,
6,534,2218584617,gaussian,identified_unknot,false,0_1,0_1,1,"{""2"": ""1"", ""3"": ""1"", ""4"": ""1""}",0,0,"1+a,2-a,2+a,1-a,3-c,3+c",----,3,0,0.6561544204828477,1.3554896791646118,1.4070729489654774,1.8451563995631806,2.812076459387984,0.5379099065910052,1.413662566803059,1.5078139621869178,0.5244626695824969,2.6480835905663596,4.92291284863769,0.38035974261792216,0.9996103872960236,1.066185477430126,1.8724778640382937,0.9379231110991534,0.35674819313307476,0.937557684339716,1.756240263703094,0.08336679885308183,True,True,true,
6,535,1219791148,gaussian,identified_unknot,false,0_1,0_1,1,"{""2"": ""1"", ""3"": ""1"", ""4"": ""1""}",0,0,"1+c,1-c",----,1,0,0.4572081934479473,1.3867098889675926,1.5309085706607672,2.390193790284412,5.227801742263688,0.4572081934479473,1.319713814217833,1.472793613455433,0.6538168523353691,2.711279623823081,5.9300766317779425,0.32329501400109434,0.9331785872589933,1.0414223513625753,1.917164207698212,0.9602252138065029,0.31043602394177716,0.896061608470417,1.8409094112391906,0.15894202823167716,True,True,true,
6,536,2394682632,gaussian,identified_unknot,false,0_1,0_1,1,"{""2"": ""1"", ""3"": ""1"", ""4"": ""1""}",0,0,"1+a,1-a",----,1,0,0.11624941721287135,0.9484049624431133,1.0385420934915526,1.3518760091074564,11.629099237822022,0.11624941721287135,1.064515600427395,1.1547281606655788,0.4474412380199364,2.2034555034593253,18.95455096711964,0.0822007512202055,0.7527261997410802,0.8165161128336998,1.5580783285389068,1.2247155742334632,0.10067254023307602,0.9218754999564697,1.908202794837242,0.11624941721287142,True,True,true,
6,537,3825876246,gaussian,identified_unknot,false,0_1,0_1,1,"{""2"": ""1"", ""3"": ""1"", ""4"": ""1""}",0,0,"1+a,2+c,2-c,1-a",----,2,0,0.6151044650705881,1.3408728327988328,1.5145927883610073,2.547443375514946,4.14148087060725,0.6151044650705881,1.4789900617588656,1.580127700436573,0.5562301204586806,2.547443375514946,4.14148087060725,0.4349445383895367,1.0458039019772045,1.1173190121194063,1.8013144855153669,0.8949995383172907,0.3892751610522625,0.9359940094400194,1.6121756329005015,0.2640731440733311,True,True,true,
6,538,3911575396,gaussian,identified_unknot,false,0_1,0_1,1,"{""2"": ""1"", ""3"": ""1"", ""4"": ""1""}",0,0,----,----,0,0,0.505033819727337,0.8200570039475301,0.8689592788138576,1.1959753795458476,2.368109486591499,0.505033819727337,0.9041279707729167,0.9393752504523047,0.2549087554957232,1.2730973281512987,2.5208159897858566,0.35711283865774435,0.639315019193962,0.6642386096736361,0.9002157538462586,1.505483098146516,0.5376273427303578,0.962477955787725,1.3552596021007668,0.2525174486378538,True,True,true,
6,539,1691826740,gaussian,identified_unknot,false,0_1,0_1,1,"{""2"": ""1"", ""3"": ""1"", ""4"": ""1""}",0,0,----,----,0,0,0.6739606152802732,1.0776664620703846,1.158163809033215,1.834428993434109,2.72186378824413,0.34920744753974775,1.0271721765677058,1.093632784757579,0.375433066713334,1.834428993434109,5.253121049846192,0.24692695419620117,0.7263204114971704,0.7733151582300121,1.297137180862471,1.293133839880795,0.3193096004498028,0.939229502703135,1.6773719835408363,0.31769962161590254,True,True,true,
6,540,2918014307,gaussian,identified_unknot,false,0_1,0_1,1,"{""2"": ""1"", ""3"": ""1"", ""4"": ""1""}",0,0,"1+a,1-a",----,1,0,1.1233987414782518,1.4240514724723383,1.4371366772750263,1.7616172075865002,1.5681139229944596,0.6246448353010547,1.3151663274621184,1.3999877646370043,0.4798992313424979,2.4699486607348873,3.9541648648138863,0.4416905988745299,0.9299630285366713,0.9899408419530219,1.7465174471882698,1.0101613729029835,0.4461787817574361,0.9394127296556203,1.7642644622507166,0.04569008697830314,True,True,true,
6,541,592308489,gaussian,identified_unknot,false,0_1,0_1,1,"{""2"": ""1"", ""3"": ""1"", ""4"": ""1""}",0,0,"1+a,1-a",----,1,0,0.7717982075396397,1.2814764775936258,1.3212187256209131,1.737604070422941,2.251370958688962,0.36762981540981465,1.3265427557863572,1.4066433217288248,0.4678992964677751,2.2632423553479786,6.156307950227142,0.25995353544263866,0.9380073781504233,0.9946470315052224,1.6003540169351693,1.0053817769773834,0.2613525473948733,0.9430555246627692,1.6089667653391742,0.17164546095784378,True,True,true,
6,542,4148440886,gaussian,identified_unknot,false,0_1,0_1,1,"{""2"": ""1"", ""3"": ""1"", ""4"": ""1""}",0,0,----,----,0,0,0.30808063715093253,0.7550309471874644,0.8214002205851013,1.0930401143448132,3.5479026674737733,0.30808063715093253,0.881211372507589,0.9344972326530319,0.3110491838913362,1.2627396394213328,4.098730939726994,0.2178459076816966,0.6231105371588209,0.6607893302090215,0.8928917619078802,1.5133416268747544,0.32967528033902627,0.9429791140267322,1.3512502715887373,0.30808063715093253,True,True,true,
6,543,659747971,gaussian,identified_unknot,false,0_1,0_1,1,"{""2"": ""1"", ""3"": ""1"", ""4"": ""1""}",0,0,"1+a,1-a",----,1,0,0.08535749638072909,0.4751779138305112,0.5255738926149688,0.708838821563392,8.304353473556477,0.08535749638072909,0.5551598264409722,0.6031190544928062,0.2356908165337084,0.8492543658014857,9.94938232505633,0.06035686451591973,0.39255727791875816,0.42646957329468216,0.6005135210105114,2.344833166583304,0.1415267777479035,0.9204813250475641,1.4081040210471667,0.08535749638072909,True,True,true,
6,544,1055079429,gaussian,identified_unknot,false,0_1,0_1,1,"{""2"": ""1"", ""3"": ""1"", ""4"": ""1""}",0,0,"1-a,1+a",----,1,0,0.4532786581770464,0.9346742015165854,0.9656827797269731,1.1807693670117754,2.6049524849912036,0.2562364988092402,0.954653360227985,1.0183500187338315,0.35450489765391363,1.6178564507472502,6.313918814320406,0.18118656589551246,0.675041864699732,0.7200822038681399,1.1439972673097802,1.3887303347148379,0.251619280301907,0.9374511147109872,1.5887037079439708,0.12053391181675752,True,True,true,
6,545,1520573989,gaussian,identified_unknot,false,0_1,0_1,1,"{""2"": ""1"", ""3"": ""1"", ""4"": ""1""}",0,0,"1+c,2-c,3-a,1-c,2+c,3+a",----,3,0,0.6361404861921501,1.2560326046200017,1.3069273143392042,1.6869678071414356,2.6518793313083937,0.39563163681711094,1.1404924182343972,1.2125588851725886,0.4117961801193014,1.8794924507886812,4.750612124726305,0.2797538132453125,0.8064499228253863,0.8574086102935375,1.3290018571415998,1.166305059215169,0.3262782877227435,0.9405666249949304,1.550021589690603,0.0189693610926604,True,True,true,
6,546,1250987826,gaussian,identified_unknot,false,0_1,0_1,1,"{""2"": ""1"", ""3"": ""1"", ""4"": ""1""}",0,0,"1+a,2+c,3+a,3-a,2-c,1-a",----,3,0,0.9017570558940247,1.469790686280267,1.5207788910923346,2.1023351656164557,2.331376452089025,0.8389314971583793,1.3490633382598198,1.4289090695148645,0.47096628149487263,2.374568475744732,2.8304676648663776,0.5932141505916728,0.9539318347336797,1.0103912927529204,1.679073471590904,0.9897155757106653,0.5871132845725507,0.9441211950021748,1.6618051675960968,0.2182451431665825,True,True,true,
6,547,3774864981,gaussian,identified_unknot,false,0_1,0_1,1,"{""2"": ""1"", ""3"": ""1"", ""4"": ""1""}",0,0,"1+a,2+c,2-c,1-a",----,2,0,0.6943750421105713,1.0175956722791708,1.04614504837335,1.3996329323797503,2.015672867684773,0.6098158750415759,0.9958636408583726,1.034998878345457,0.28191893691744113,1.6320133523245803,2.6762395324872665,0.43120494051710656,0.7041819335880798,0.731854725398543,1.1540077084157008,1.3663913961277414,0.5891947206903488,0.9621881353633488,1.5768262038443048,0.011078895795803217,True,True,true,
6,548,1637773606,gaussian,identified_unknot,false,0_1,0_1,1,"{""2"": ""1"", ""3"": ""1"", ""4"": ""1""}",0,0,"1-a,1+a",----,1,0,0.22351158321224177,0.8555783160299829,1.0074412404677977,1.7951240691811288,8.031458787871937,0.22351158321224177,0.8861208039269008,0.9905695961387242,0.4427392524301158,1.7951240691811288,8.031458787871937,0.15804655616311744,0.6265820294071867,0.7004384786669116,1.2693444023891651,1.4276771343333676,0.22563945439421715,0.8945568361688383,1.8122139788850644,0.04273877590982259,True,True,true,
6,549,2770071540,gaussian,identified_unknot,false,0_1,0_1,1,"{""2"": ""1"", ""3"": ""1"", ""4"": ""1""}",0,0,"1+a,2+c,3+a,1-a,2-c,4+c,4-c,3-a",----,4,0,1.2440162228664546,1.9744874847181022,2.034077861167476,2.500202724960411,2.009783055079024,1.1295104482804952,1.7952772826464023,1.876745133656596,0.5469476895622326,2.859170544695589,2.5313360748882254,0.7986844974001952,1.2694527406694291,1.3270592105674324,2.0217388807230856,0.7535458795183778,0.6018454120511237,0.9565908819747599,1.5234730030309782,0.2603275017308339,True,True,true,
6,550,2149500497,gaussian,identified_unknot,false,0_1,0_1,1,"{""2"": ""1"", ""3"": ""1"", ""4"": ""1""}",0,0,"1-c,2-a,3-a,4-c,2+a,1+c,4+c,3+a",----,4,0,0.8509395533600651,1.4808803389314864,1.6149084885700995,2.783279819464814,3.2708314103799823,0.5450891360710449,1.4902147153269825,1.582315876896309,0.5319620630280463,2.783279819464814,5.106100333472893,0.3854362244669526,1.0537409306316898,1.1188662865325183,1.9680760342832397,0.8937618480748962,0.34448819229459404,0.9417934415535403,1.758991273552901,0.2063503925407746,True,True,true,
6,551,3082986371,gaussian,identified_unknot,false,0_1,0_1,1,"{""2"": ""1"", ""3"": ""1"", ""4"": ""1""}",0,0,"1-a,1+a",----,1,0,0.7006054106380418,1.1699298528877757,1.2722928819147192,2.101263957415836,2.999211718194145,0.3078112785125863,1.1318927000704584,1.2590790037532726,0.5514515873760276,2.1547679418093786,7.000289112932134,0.21765544236195075,0.800369003795372,0.8903033016035415,1.5236510235367915,1.1232127278410422,0.24447336314481544,0.8989846520324174,1.7113842224245557,0.03852372532617381,True,True,true,
6,552,4247002730,gaussian,identified_unknot,false,0_1,0_1,1,"{""2"": ""1"", ""3"": ""1"", ""4"": ""1""}",0,0,"1-a,2-c,3+c,1+a,2+c,3-c",----,3,0,0.8021723507198255,1.3410787508689415,1.3735563878187738,1.6716990531946463,2.0839649380766554,0.5715920925851269,1.3587683730786457,1.425319098210794,0.43044516496952495,2.074527929750998,3.629385284825367,0.4041766447395521,0.9607943306657231,1.007852799699547,1.4669127668878204,0.9922083862823142,0.4010274564500312,0.9533081923790331,1.4554831492506888,0.18856184520237923,True,True,true,
6,553,2579116540,gaussian,identified_unknot,false,0_1,0_1,1,"{""2"": ""1"", ""3"": ""1"", ""4"": ""1""}",0,0,"1+c,2+a,2-a,1-c",----,2,0,0.35338019908137286,1.3540304118970712,1.4433572796178424,1.9952547210045186,5.646198417996452,0.35338019908137286,1.3082441487720444,1.4212372877094301,0.5553491470952,2.0850457957297923,5.900290398697944,0.24987753510749092,0.9250683090443351,1.0049665238145142,1.4743500212450371,0.9950580206436499,0.24864264548737403,0.9204966405578244,1.4670638138760097,0.005503746585563902,True,True,true,
6,554,3300128093,gaussian,identified_unknot,false,0_1,0_1,1,"{""2"": ""1"", ""3"": ""1"", ""4"": ""1""}",0,0,"1-c,1+c",----,1,0,0.5846885536926979,1.2581931375661355,1.3034257679757164,1.693133240868751,2.8957865348577223,0.5846885536926979,1.3852342932209194,1.4363690031367264,0.379844528796628,2.075022532939628,3.54893647196354,0.4134372411982615,0.9795085622686664,1.0156662624041406,1.467262504156497,0.9845753836825715,0.4070601303814421,0.9644000185160364,1.4446305429929338,0.5032188328006859,True,True,true,
6,555,3316248413,gaussian,identified_unknot,false,0_1,0_1,1,"{""2"": ""1"", ""3"": ""1"", ""4"": ""1""}",0,0,"1-c,1+c",----,1,0,0.7686264252729336,1.2976331153917204,1.405124903889342,2.133087603417141,2.7751942078490175,0.6247843297299731,1.4240134060643717,1.5098110250703032,0.5017122190786131,2.365149626645421,3.7855456900905633,0.4417892363311558,1.0069295359286698,1.0675976141374237,1.6724133395218082,0.9366824979352919,0.41381624544759205,0.9431732729584906,1.5665203044435907,0.3479392857399909,True,True,true,
6,556,3002189725,gaussian,identified_unknot,false,0_1,0_1,1,"{""2"": ""1"", ""3"": ""1"", ""4"": ""1""}",0,0,"1-a,1+a",----,1,0,0.2743392564164965,0.982196250643398,1.0371214011806977,1.279061036879577,4.662333249667089,0.2743392564164965,1.1394533913012461,1.2143405004368324,0.41984380435260216,1.9579961698428665,7.137134493323388,0.1939871485577797,0.8057152198351197,0.8586684025283498,1.3845123692331778,1.164593918974425,0.22591625356957867,0.9383310454451226,1.6123946859538327,0.27427634965271314,True,True,true,
6,557,1931368386,gaussian,identified_unknot,false,0_1,0_1,1,"{""2"": ""1"", ""3"": ""1"", ""4"": ""1""}",0,0,"1-a,2+a,3+c,1+a,2-a,3-c",----,3,0,1.2535719699012153,2.2515952839949174,2.349851717040232,3.242655709216317,2.586732782061046,1.2535719699012153,2.232141174784591,2.2987763745379732,0.5494711966656805,3.242655709216317,2.586732782061046,0.8864092406225279,1.578362161255891,1.6254803628672276,2.2929038410401312,0.6152027565784146,0.5453214082875584,0.971012752483688,1.4106007635771236,0.24436927299367528,True,True,true,
6,558,1680570758,gaussian,identified_unknot,false,0_1,0_1,1,"{""2"": ""1"", ""3"": ""1"", ""4"": ""1""}",0,0,"1-c,1+c,2-c,2+c",----,2,0,0.2036592147215913,0.901909705279274,1.0745847318612198,1.7186294761799907,8.438751364770862,0.20106611969147595,0.8023726153553639,0.9308671730790729,0.4719235955576048,1.7186294761799907,8.547583644709142,0.14217521670070865,0.5673631173561631,0.658222490468164,1.2152545569539555,1.5192431350814906,0.2159987219512749,0.8619625211417848,1.8462671430287951,0.02565993316088254,True,True,true,
6,559,3518241441,gaussian,identified_unknot,false,0_1,0_1,1,"{""2"": ""1"", ""3"": ""1"", ""4"": ""1""}",0,0,"1-a,2+a,3+c,1+a,2-a,3-c",----,3,0,0.8476706776517658,1.53725367756284,1.6898238545630861,2.6530351032898363,3.1297945926822983,0.3562699645852819,1.5018078517351552,1.6949000908324443,0.7856586373040564,2.8537263214713846,8.010010961191414,0.2519209078913439,1.0619385160011292,1.1984753476613166,2.0178892335629572,0.8343934666252268,0.21020115965083294,0.8860745597090313,1.6837135928583182,0.04052650451889797,True,True,true,
6,560,4188614958,gaussian,identified_unknot,false,0_1,0_1,1,"{""2"": ""1"", ""3"": ""1"", ""4"": ""1""}",0,0,"1-c,2+c,3+a,1+c,2-c,3-a",----,3,0,0.8912029414686053,1.2259921841396568,1.2546359533686873,1.5970735849266724,1.7920425422910624,0.5533387036967775,1.1021955315060368,1.1652482753970925,0.37811182690313117,1.9238074619575767,3.476726730129108,0.3912695496769651,0.7793699345214296,0.8239549572992138,1.3603373020474834,1.2136585758010758,0.47486764441527374,0.9458890047534558,1.6509850326120268,0.03687639262321739,True,True,true,
6,561,1625061912,gaussian,identified_unknot,false,0_1,0_1,1,"{""2"": ""1"", ""3"": ""1"", ""4"": ""1""}",0,0,"1-a,1+a",----,1,0,0.6198061233295369,1.003491095470565,1.0362505283068375,1.3904304526935591,2.243331261756991,0.2974033560051748,0.8848553902225191,0.948695096503214,0.3421305664850717,1.4448638211597535,4.858263338274545,0.21029592977889602,0.6256872467958119,0.6708287360158487,1.0216730058331687,1.4906934457506222,0.3134867641894334,0.9327078778882687,1.5230012534958417,0.04903373253337994,True,True,true,
6,562,2183780057,gaussian,identified_unknot,false,0_1,0_1,1,"{""2"": ""1"", ""3"": ""1"", ""4"": ""1""}",0,0,----,----,0,0,1.0872221412054761,1.378177934911377,1.3909476063892714,1.6320971059254847,1.5011624985082341,0.5084604613505045,1.2852529573375437,1.36462261882532,0.4586062880780987,2.215015746059473,4.356318562462547,0.3595358401861822,0.9088110816734416,0.964933907531929,1.566252654473633,1.036340408596234,0.3726015195235383,0.9418376477182397,1.623170915902141,0.2639199186710907,True,True,true,
6,563,1398400568,gaussian,identified_unknot,false,0_1,0_1,1,"{""2"": ""1"", ""3"": ""1"", ""4"": ""1""}",0,0,"1-a,1+a",----,1,0,0.4767635616231785,1.3302286603667717,1.5544201269424818,2.6995980806123474,5.662341457936417,0.4767635616231785,1.4127058390387193,1.5411313033461702,0.6159122555197072,2.6995980806123474,5.662341457936417,0.3371227474463999,0.9989338786061096,1.089744395294939,1.9089041092791788,0.9176463804884725,0.3093594689745183,0.9166680580502078,1.7516989465796098,0.22760934269115224,True,True,true,
6,564,1007466770,gaussian,identified_unknot,false,0_1,0_1,1,"{""2"": ""1"", ""3"": ""1"", ""4"": ""1""}",0,0,----,----,0,0,0.5811067497858161,1.3958586665910964,1.5337545755048052,2.448556729621362,4.213609169956896,0.5811067497858161,1.7996388449368832,1.913511643760797,0.6502513657059001,2.6010010044699774,4.475943542952568,0.41090452336682487,1.2725368309415956,1.3530570591826767,1.8391854481337424,0.7390671318799051,0.3036860275611987,0.9404901458555488,1.3592815141474632,0.4435703750176795,True,True,true,
6,565,2416006903,gaussian,identified_unknot,false,0_1,0_1,1,"{""2"": ""1"", ""3"": ""1"", ""4"": ""1""}",0,0,"1-c,2-c,3-a,4+a,2+c,3+a,4-a,1+c",----,4,0,0.32586609317362286,1.30423183320081,1.4314425455183397,1.941046450404153,5.956576922441436,0.32586609317362286,1.3802460712613807,1.4999781849528695,0.5872438489265159,2.357314893439823,7.233998697077808,0.23042212424183603,0.975981356695013,1.0606447462120634,1.6668733465433425,0.9428227533972642,0.21724722162133434,0.9201774299835893,1.5715661181525062,0.11096113547633948,True,True,true,
6,566,1012691344,gaussian,identified_unknot,false,0_1,0_1,1,"{""2"": ""1"", ""3"": ""1"", ""4"": ""1""}",0,0,----,----,0,0,0.4758105329187882,1.1003023291189415,1.2068041946240697,1.8368098829104151,3.8603808781675784,0.41615135065697906,0.999465091704606,1.0701175842761166,0.38238877420872963,1.8368098829104151,4.413802526438132,0.2942634420494907,0.7067285439035614,0.7566874005086087,1.298820723956423,1.3215496905695117,0.38888376078642384,0.9339768885123932,1.7164561258498796,0.13603135643920866,True,True,true,
6,567,4107971861,gaussian,identified_unknot,false,0_1,0_1,1,"{""2"": ""1"", ""3"": ""1"", ""4"": ""1""}",0,0,"1+c,2+a,2-a,1-c",----,2,0,0.6303023770506985,1.4362345798832141,1.5477532686584352,2.3432816645189507,3.7177103400491673,0.17012258936414926,1.382092595816303,1.5173729454136253,0.6262912358184276,2.3432816645189507,13.774077112729167,0.12029483657240436,0.977287046729426,1.0729446992909795,1.6569503552114504,0.9320144837481535,0.11211653000559794,0.9108456823312837,1.5443017299087196,0.054302410342181265,True,True,true,
6,568,70472749,gaussian,identified_unknot,false,0_1,0_1,1,"{""2"": ""1"", ""3"": ""1"", ""4"": ""1""}",0,0,"1+c,1-c",----,1,0,0.6877352321048595,1.308762268766291,1.381663420337072,2.1209841033020487,3.0840125738660142,0.6877352321048595,1.472528150073088,1.5459703467196149,0.4708345358814463,2.4234211690069625,3.523770567329989,0.48630224628225033,1.0412346404047625,1.0931661156787575,1.7136175422758533,0.9147740546084253,0.44485667759679914,0.9524944338018102,1.567572867195807,0.3656251092091745,True,True,true,
6,569,3710489450,gaussian,identified_unknot,false,0_1,0_1,1,"{""2"": ""1"", ""3"": ""1"", ""4"": ""1""}",0,0,"1-c,2-a,2+a,1+c",----,2,0,0.4071580722682394,1.1750673769855535,1.2638675713211556,1.9952213170980204,4.900360457015698,0.230280114349951,1.1461771201587676,1.2578290940421593,0.5180849728022155,1.9952213170980204,8.664323112441798,0.16283263042926394,0.8104696141051329,0.8894194819709423,1.4108345232879649,1.1243288687403301,0.18307742716454656,0.9112343843752361,1.5862419835481605,0.17266097020740048,True,True,true,
6,570,4100375757,gaussian,identified_unknot,false,0_1,0_1,1,"{""2"": ""1"", ""3"": ""1"", ""4"": ""1""}",0,0,"1+c,1-c",----,1,0,0.33337627855343466,1.1515422152392623,1.2518473253233093,1.8396449702614162,5.518223966755786,0.33337627855343466,1.164711848526315,1.259169671946168,0.478491977624949,1.987300499328315,5.961133491415418,0.23573262725186903,0.8235756462212763,0.8903674136975758,1.4052336593304633,1.1231318494093745,0.26475882161152237,0.9249840386690228,1.5782626786561262,0.25730901456092115,True,True,true,
6,571,2008849208,gaussian,identified_unknot,false,0_1,0_1,1,"{""2"": ""1"", ""3"": ""1"", ""4"": ""1""}",0,0,"1+a,1-a",----,1,0,0.2642846759746645,1.1596184595073613,1.3506274120248536,2.1124590433818917,7.99311967518087,0.2642846759746645,1.1947258319110714,1.332608058737175,0.590317223851431,2.1124590433818917,7.99311967518087,0.18687748654537467,0.8447987374030579,0.9422961949968973,1.4937341145541827,1.061237438195633,0.1983213850778523,0.8965320478725263,1.585206565074903,0.23111212683995389,True,True,true,
6,572,1118431472,gaussian,identified_unknot,false,0_1,0_1,1,"{""2"": ""1"", ""3"": ""1"", ""4"": ""1""}",0,0,"1+c,2+a,3+c,1-c,2-a,3-c",----,3,0,0.7064010373300099,1.4363765923079344,1.496081812272828,1.9813751140610307,2.804887039166946,0.5854085319627461,1.3227110679507474,1.3855536624268892,0.412546218241253,1.987782884695003,3.3955481961125575,0.4139463427153195,0.9352979656984737,0.9797343903999097,1.4055747572943935,1.020684799674959,0.4225087398905678,0.9546444167553431,1.4346487895772073,0.23052418317043943,True,True,true,
6,573,3151686411,gaussian,identified_unknot,false,0_1,0_1,1,"{""2"": ""1"", ""3"": ""1"", ""4"": ""1""}",0,0,"1+a,1-a",----,1,0,0.8641777881118725,1.1538189160561625,1.1695707324167457,1.4551950006744798,1.68390696994644,0.47243435482795765,1.1376505353614783,1.2088801052771228,0.40883048849929143,1.9720878506010968,4.174310844348428,0.33406153596434035,0.8044404081746074,0.8548073200829609,1.3944766922556384,1.169854277690261,0.3908033168596626,0.9410780526499642,1.6313345235746244,0.10876923764872073,True,True,true,
6,574,2933402314,gaussian,identified_unknot,false,0_1,0_1,1,"{""2"": ""1"", ""3"": ""1"", ""4"": ""1""}",0,0,----,----,0,0,0.423037901326044,0.9417798775242802,1.0119293787497181,1.353114021043122,3.1985645182185443,0.423037901326044,1.0629135388873119,1.1010045117871632,0.28709883981956463,1.3850751218360784,3.2741159066231575,0.29913296872657125,0.7515933711622093,0.7785277564016871,0.9793960111030745,1.2844757194296392,0.3842290352101864,0.9654034361421269,1.2580103959681406,0.20051122349843456,True,True,true,
6,575,112459524,gaussian,identified_unknot,false,0_1,0_1,1,"{""2"": ""1"", ""3"": ""1"", ""4"": ""1""}",0,0,"1-a,1+a,2-c,2+c",----,2,0,0.7030418639613765,1.3098217945304562,1.4026016341848297,2.132721871441687,3.0335631215822643,0.6687126294054491,1.1648817610498436,1.2313095787426276,0.39896586505208936,2.132721871441687,3.1892950389435373,0.47285123491767966,0.8236957925188719,0.8706673528688631,1.5080620976812809,1.1485442709032143,0.5430905768542109,0.946051083464633,1.7320760824581187,0.10860707067642733,True,True,true,
6,576,66676030,gaussian,identified_unknot,false,0_1,0_1,1,"{""2"": ""1"", ""3"": ""1"", ""4"": ""1""}",0,0,"1-c,2-a,3+c,4+a,2+a,1+c,4-a,3-c",----,4,0,0.254342733786477,1.113869635620243,1.2595751819501502,1.862558096401692,7.3230246002047235,0.254342733786477,0.9649990536082809,1.0634501234696714,0.4468814066872569,1.862558096401692,7.3230246002047235,0.17984747180594268,0.682357374645016,0.7519727937590758,1.3170274603195435,1.329835345506382,0.23916752480750508,0.907422955069883,1.751429667735433,0.0869214520675451,True,True,true,
6,577,1498856336,gaussian,identified_unknot,false,0_1,0_1,1,"{""2"": ""1"", ""3"": ""1"", ""4"": ""1""}",0,0,----,----,0,0,0.44424000080533543,1.3110181625532242,1.4483973814386575,2.354664330882243,5.300432934030291,0.44424000080533543,1.3592322672084072,1.4369843104339137,0.46627411703066285,2.354664330882243,5.300432934030291,0.31412511704377,0.96112235335063,1.0161013503664953,1.6649991157849184,0.9841537949332636,0.30914742602248185,0.9458922114452117,1.638615198360256,0.20615246215423735,True,True,true,
6,578,923315675,gaussian,identified_unknot,false,0_1,0_1,1,"{""2"": ""1"", ""3"": ""1"", ""4"": ""1""}",0,0,"1-a,2-c,3+c,1+a,2+c,3-c",----,3,0,0.9926947759009113,1.4476236581981297,1.4907591448252688,1.9685469964577218,1.9830335005754256,0.2942303046550562,1.159297096204973,1.2703484885472074,0.5194377008697882,2.043885894488055,6.946551263250144,0.208052243652174,0.8197468381364097,0.8982720307218115,1.4452455759640361,1.1132485102496672,0.23161385029988352,0.9125819463372333,1.6089174843868854,0.206112288202623,True,True,true,
6,579,934093518,gaussian,identified_unknot,false,0_1,0_1,1,"{""2"": ""1"", ""3"": ""1"", ""4"": ""1""}",0,0,"1-c,2-a,3+a,1+c,2+a,3-a",----,3,0,0.7406944123039823,1.7878797076566029,1.9118514959780308,2.7725155755195576,3.743130134997849,0.5358986980778156,1.6323643129709038,1.7507837114262894,0.6329536743985623,2.7725155755195576,5.173581472513621,0.37893760343986566,1.1542558750686458,1.2379910347404808,1.9604645643952026,0.8077602922299266,0.30609074929149394,0.9323620629535591,1.5835854294422846,0.01631996961263407,True,True,true,
6,580,446199591,gaussian,identified_unknot,false,0_1,0_1,1,"{""2"": ""1"", ""3"": ""1"", ""4"": ""1""}",0,0,"1+a,1-a",----,1,0,1.1186711354244623,1.678359425995971,1.7184968497968858,2.006437198887156,1.7935898543818642,1.076096068997745,1.6683111779625586,1.7271095912810877,0.4468169130419154,2.427848612971446,2.256163443876063,0.7609148275964924,1.179674147066642,1.2212509038471835,1.716748217926463,0.8188325567250766,0.6230618337308568,0.9659555979450526,1.4057293325379447,0.06598004899178118,True,True,true,
6,581,4005119951,gaussian,identified_unknot,false,0_1,0_1,1,"{""2"": ""1"", ""3"": ""1"", ""4"": ""1""}",0,0,"1+a,1-a",----,1,0,0.6297282548268067,0.8938777900968619,0.9211832308805513,1.29327716888938,2.053706752041908,0.4801772657205418,1.0089077965459725,1.063080061593957,0.3350287680593447,1.5267906734652907,3.179639650732376,0.33953660076260983,0.7134055445296348,0.7517111204972996,1.0796040386596828,1.3302982658264297,0.4516849511791006,0.9490421587187329,1.4361953804081857,0.24248541458674472,True,True,true,
6,582,1892673553,gaussian,identified_unknot,false,0_1,0_1,1,"{""2"": ""1"", ""3"": ""1"", ""4"": ""1""}",0,0,"1-a,2-c,3-a,3+a,2+c,1+a",----,3,0,1.39019077701856,2.0933864462323224,2.145507564299554,2.911267830051376,2.0941498664629026,0.9961510084344577,1.7985260101052492,1.8952437639111104,0.5977065464078891,2.9590051398119943,2.970438331897431,0.7043851331498227,1.2717499378858066,1.3401397174630623,2.0923325999269093,0.7461908538111532,0.525605743916949,0.948968171985291,1.5612794491963704,0.007521459215094286,True,True,true,
6,583,2182924631,gaussian,identified_unknot,false,0_1,0_1,1,"{""2"": ""1"", ""3"": ""1"", ""4"": ""1""}",0,0,"1+c,1-c,2-a,2+a",----,2,0,0.3785026195849529,0.8067741757550412,0.889423181563692,1.477602328249655,3.9038100446171815,0.3205753810214114,0.9090924345920343,1.0142246232552827,0.4496693582898971,1.7571502855461751,5.481239014510644,0.22668102580170124,0.6428254252254153,0.7171651087501818,1.2424928824735786,1.3943790457719287,0.31607927245197814,0.896342303023749,1.7325060398419219,0.23458969732423274,True,True,true,
6,584,3982718527,gaussian,identified_unknot,false,0_1,0_1,1,"{""2"": ""1"", ""3"": ""1"", ""4"": ""1""}",0,0,"1+c,2+a,2-a,1-c",----,2,0,0.3309243786714575,1.1120351861927973,1.1761078058110213,1.4905053166214808,4.504066223846439,0.1601340574861738,1.1219046757927602,1.2088817553863254,0.4502499271962908,1.7849753278842673,11.146756385901135,0.11323187794738991,0.7933064040979558,0.8548084868863678,1.2621681585976463,1.169852680853101,0.13246461597478518,0.9280516235719268,1.4765508040228783,0.01572140804658488,True,True,true,
6,585,282792461,gaussian,identified_unknot,false,0_1,0_1,1,"{""2"": ""1"", ""3"": ""1"", ""4"": ""1""}",0,0,"1-c,1+c",----,1,0,0.47211396981703135,1.0824041748381663,1.2013545709210844,1.9984709118545165,4.233026429251876,0.47211396981703135,1.0529776422478963,1.1246212791742183,0.39498241289646885,1.9984709118545165,4.233026429251876,0.3338349895505239,0.7445676312713099,0.7952273327707791,1.4131323337763917,1.2575020485220743,0.41979818322812906,0.9362953215869004,1.7770168045565922,0.10474271381642608,True,True,true,
6,586,771818363,gaussian,identified_unknot,false,0_1,0_1,1,"{""2"": ""1"", ""3"": ""1"", ""4"": ""1""}",0,0,"1-c,1+c",----,1,0,0.34323484319606284,0.9532741559987882,1.0213313404420494,1.397569976060621,4.071760206647494,0.34323484319606284,0.9390224396274548,1.000090607963915,0.3441192845711148,1.6905006117175174,4.92520105469557,0.24270368516343735,0.6639891347469087,0.7071708506922613,1.1953644461454633,1.4140854349710308,0.3432037462034114,0.9389373644246207,1.6903474527765125,0.24254968437889737,True,True,true,
6,587,2876374908,gaussian,identified_unknot,false,0_1,0_1,1,"{""2"": ""1"", ""3"": ""1"", ""4"": ""1""}",0,0,----,----,0,0,0.32343212827814966,1.205283815646728,1.2812551736230025,1.7459131598890636,5.398082030946502,0.32343212827814966,1.1102266008853183,1.1835045888231366,0.4099756168994124,1.7459131598890636,5.398082030946502,0.22870105115907693,0.7850487581396992,0.8368641203222364,1.2345470347203897,1.1949371178859332,0.2732833749295107,0.938083900451383,1.4752060755634075,0.1266459111611732,True,True,true,
6,588,2542483227,gaussian,identified_unknot,false,0_1,0_1,1,"{""2"": ""1"", ""3"": ""1"", ""4"": ""1""}",0,0,"1+c,2-c,3-a,4+a,4-a,1-c,2+c,3+a",----,4,0,0.366047239687479,1.2367779559656011,1.4180839578364601,2.3817779353627153,6.506750159887045,0.366047239687479,1.1645927166224166,1.2815071779991032,0.5347751412072607,2.3817779353627153,6.506750159887045,0.2588344854176339,0.823491407244174,0.9061624157024019,1.6841713293754703,1.1035549286436261,0.2856380720855667,0.9087680011599839,1.8585755712125884,0.1033394071827603,True,True,true,
6,589,1397710017,gaussian,identified_unknot,false,0_1,0_1,1,"{""2"": ""1"", ""3"": ""1"", ""4"": ""1""}",0,0,"1-c,2-a,3-c,4-a,5+a,1+c,2+a,3+c,4+a,5-a",----,5,0,0.7162554336307356,1.3791941834210915,1.4651930266941555,1.962323433108405,2.7396977963033198,0.7162554336307356,1.3061975586886403,1.356663731606108,0.36658480373748,1.962323433108405,2.7396977963033198,0.5064690741820043,0.9236211513180509,0.9593061244085253,1.3875722064322196,1.042420114451542,0.5279535502749714,0.9628012662668274,1.4464331782388529,0.2062888765679321,True,True,true,
6,590,3327839435,gaussian,identified_unknot,false,0_1,0_1,1,"{""2"": ""1"", ""3"": ""1"", ""4"": ""1""}",0,0,"1-c,1+c",----,1,0,0.8154375844321384,1.1666488577024896,1.2593199700097186,2.1830838231995067,2.6771930370609316,0.8154375844321384,1.4542814540935376,1.5492618902731439,0.5341140860642987,2.649349703157443,3.248991405028774,0.576601445586343,1.0283322779433732,1.0954935884460288,1.8733731408371945,0.9128305364329081,0.5263394068825717,0.9386931049063235,1.7100722090894183,0.08491155143855021,True,True,true,
6,591,3790794948,gaussian,identified_unknot,false,0_1,0_1,1,"{""2"": ""1"", ""3"": ""1"", ""4"": ""1""}",0,0,"1-a,1+a",----,1,0,0.6535403136593497,1.5320880712999312,1.5968882136780578,2.0724081731999093,3.171048717095864,0.6076685264221252,1.4115585195175853,1.4979686331818007,0.5014105822316427,2.143310942521012,3.5271054025795174,0.42968653574672144,0.998122601192528,1.059223778527595,1.515549701647938,0.9440875670201428,0.4056617161144359,0.9423151381476702,1.4308116305269052,0.07243716854394511,True,True,true,
6,592,3284816767,gaussian,identified_unknot,false,0_1,0_1,1,"{""2"": ""1"", ""3"": ""1"", ""4"": ""1""}",0,0,"1-a,1+a,2-a,2+a",----,2,0,0.5504519870857867,1.049476237972298,1.116261304606535,1.6535578311970989,3.0040001126190785,0.5504519870857867,1.086815678383295,1.1644160361629718,0.41796696818498197,1.924570520403828,3.4963458495134616,0.38922833278596963,0.7684947360846857,0.8233664752931975,1.3608768658492694,1.2145260099931856,0.47272793399484353,0.9333568455176995,1.652820349971945,0.09869536270687213,True,True,true,
6,593,1298280746,gaussian,identified_unknot,false,0_1,0_1,1,"{""2"": ""1"", ""3"": ""1"", ""4"": ""1""}",0,0,"1+a,2-a,2+a,1-a",----,2,0,0.8701857017654572,1.1983279303092755,1.2306705960978095,1.7521254767998344,2.0135075458549516,0.654094598707256,1.1514554637184455,1.2013187513531134,0.3425157769001944,1.7521254767998344,2.6787034784612387,0.4625147262833942,0.8142019666296134,0.8494606354483424,1.2389398061348758,1.1772175875721462,0.5444804702919289,0.9584928749522104,1.458501729725201,0.3362042601986365,True,True,true,
6,594,298750838,gaussian,identified_unknot,false,0_1,0_1,1,"{""2"": ""1"", ""3"": ""1"", ""4"": ""1""}",0,0,"1+c,1-c",----,1,0,0.8295752975295243,1.38420939109799,1.4297499946021448,2.013002492725028,2.4265458466757033,0.5033382322735064,1.3149890520808492,1.3822143715972153,0.4258172870579516,2.013002492725028,3.9993037755796643,0.3559138772710459,0.9298376759124385,0.9773731552098933,1.423407713151291,1.0231506714395562,0.36415352250452643,0.9513640424396079,1.4563605574429868,0.11935185389880905,True,True,true,
6,595,4256993402,gaussian,identified_unknot,false,0_1,0_1,1,"{""2"": ""1"", ""3"": ""1"", ""4"": ""1""}",0,0,"1-c,1+c",----,1,0,0.5396046576685156,1.3073118773432724,1.426719763602426,2.2162235833184036,4.107124636199584,0.5396046576685156,1.4317330236361394,1.580430195741209,0.6692534293078475,2.666907207434355,4.942335410812303,0.3815581125972529,1.0123881298618336,1.1175329086005914,1.885788171172111,0.8948282348590793,0.34142897239156167,0.9059134832365491,1.6874565005280713,0.36824909852825083,True,True,true,
6,596,992754890,gaussian,identified_unknot,false,0_1,0_1,1,"{""2"": ""1"", ""3"": ""1"", ""4"": ""1""}",0,0,----,----,0,0,0.37533605871140524,1.2528039693071322,1.4747253198384922,2.587550413746454,6.893956372403893,0.37533605871140524,1.3911418298227054,1.544192382717686,0.6702645180530293,2.7362369488333624,7.290098793671318,0.26540267233866677,0.983685821459897,1.0919089052762883,1.9348117014532586,0.9158273141356675,0.2430630165723498,0.9008863438209553,1.771953403900199,0.20105076700080923,True,True,true,
6,597,524167039,gaussian,identified_unknot,false,0_1,0_1,1,"{""2"": ""1"", ""3"": ""1"", ""4"": ""1""}",0,0,"1-a,1+a",----,1,0,0.18601851817055573,0.821357395400867,0.8969773054109506,1.349840026750074,7.256481989134219,0.18601851817055573,0.8818210614621369,0.9481735190245161,0.34846038188167766,1.349840026750074,7.256481989134219,0.13153495562467296,0.6235416523529963,0.6704599250437472,0.954481036432008,1.4915134561319985,0.196186156265925,0.9300207649432743,1.4236213094611563,0.18185411502277213,True,True,true,
6,598,1581813194,gaussian,identified_unknot,false,0_1,0_1,1,"{""2"": ""1"", ""3"": ""1"", ""4"": ""1""}",0,0,"1-a,1+a,2+c,2-c",----,2,0,0.8193354903817753,1.406593866897942,1.5060274546084473,2.4006998622169604,2.9300572114828527,0.8193354903817753,1.3406903320766168,1.4071018424603912,0.42718266412826067,2.4006998622169604,2.9300572114828527,0.5793576813157586,0.9480112252826199,0.9949712546238276,1.6975511521672229,1.0050541614672814,0.5822858485844382,0.9528026270879937,1.7061308497892456,0.19981320641774225,True,True,true,
6,599,2935386979,gaussian,identified_unknot,false,0_1,0_1,1,"{""2"": ""1"", ""3"": ""1"", ""4"": ""1""}",0,0,"1-a,1+a",----,1,0,0.460225848488576,1.2372235435711387,1.338117425311574,2.1130441373016504,4.591319988308092,0.460225848488576,1.4128973541754513,1.5027400242394156,0.5118091900455561,2.4277385375991303,5.27510252970807,0.32542881834360465,0.9990693002579927,1.0625976615001274,1.7166703828842569,0.9410899686982608,0.3062577964684949,0.9402140965071877,1.6155412768937767,0.007647215961308483,True,True,true,
6,600,3342792281,gaussian,identified_unknot,false,0_1,0_1,1,"{""2"": ""1"", ""3"": ""1"", ""4"": ""1""}",0,0,"1+c,2-c,3-a,1-c,2+c,3+a",----,3,0,0.3374475090414699,1.2169825888981747,1.2975811989935075,1.7280138355256016,5.120837431676643,0.10670549839064729,1.136845429719112,1.2549571411066782,0.5315071918059195,1.9352539246508018,18.13640303300834,0.07545218150191693,0.8038711125153186,0.8873887045750151,1.3684311734384618,1.1269018805901032,0.08502720522913598,0.905883868445571,1.5420876628059241,0.020020615405661888,True,True,true,
6,601,2021178046,gaussian,identified_unknot,false,0_1,0_1,1,"{""2"": ""1"", ""3"": ""1"", ""4"": ""1""}",0,0,"1-c,1+c,2+a,2-a",----,2,0,1.0984840815235033,1.5106932941868285,1.576630676285858,2.4297145575372943,2.2118796242977763,0.5197354283562726,1.3598739637848065,1.4341708126089152,0.45561905399084807,2.4297145575372943,4.674906548552148,0.3675084458136154,0.9615761013512661,1.0141119069755853,1.7180676399822925,0.9860844677214455,0.36239437017325465,0.9481952580746261,1.694159814281379,0.17833797919774583,True,True,true,
6,602,3617864720,gaussian,identified_unknot,false,0_1,0_1,1,"{""2"": ""1"", ""3"": ""1"", ""4"": ""1""}",0,0,"1-c,1+c",----,1,0,0.5654541476841125,1.3354689444994008,1.4507284673661072,2.108200608945489,3.728331673894136,0.5459509118621535,1.3909915589494228,1.4902506509146363,0.5347798476784171,2.252589646262119,4.125993010212011,0.3860455919727078,0.9835795639063841,1.0537663409294056,1.5928214141025505,0.9489769801510413,0.36634838007088133,0.9333943642941587,1.5115508554749495,0.0668889584327848,True,True,true,
6,603,863566179,gaussian,identified_unknot,false,0_1,0_1,1,"{""2"": ""1"", ""3"": ""1"", ""4"": ""1""}",0,0,----,----,0,0,0.26914547913615816,1.1866487417200335,1.3717172374338338,2.4345057575959337,9.045315438363133,0.26914547913615816,1.271822702970599,1.3844731935510126,0.5470219701894062,2.4345057575959337,9.045315438363133,0.19031459342287987,0.8993144577375147,0.9789703835309165,1.721455530033778,1.021481361257564,0.19440280995678316,0.9186329564883242,1.7584347381632646,0.22661820615127318,True,True,true,
6,604,2321966718,gaussian,identified_unknot,false,0_1,0_1,1,"{""2"": ""1"", ""3"": ""1"", ""4"": ""1""}",0,0,"1-a,1+a",----,1,0,0.6967248337232089,1.4943149202520274,1.624189600514526,2.477275989931054,3.5556016809287625,0.6967248337232089,1.631428649202615,1.712493349365398,0.5206477064019873,2.5488078497969435,3.658270419580767,0.4926588545467508,1.1535942608731782,1.2109156600731363,1.802279314532922,0.8258213457571458,0.4068481982609717,0.952662764972008,1.488360728957844,0.3308648435204166,True,True,true,
6,605,907076805,gaussian,identified_unknot,false,0_1,0_1,1,"{""2"": ""1"", ""3"": ""1"", ""4"": ""1""}",0,0,"1+c,2+a,3-a,4+a,5+c,1-c,2-a,3+a,4-a,5-c",----,5,0,0.9960660393902314,1.2859170052813105,1.311317511388432,1.7831669825591918,1.7902095965954279,0.19088762984233681,1.1446286502937588,1.208399203653512,0.38736789789182324,1.7831669825591918,9.34144860005855,0.13497793750614392,0.8093746805631221,0.8544672712838222,1.2608894653555585,1.170319839749412,0.1579673581918965,0.9472272464538646,1.4756439570366389,0.07042725006492945,True,True,true,
6,606,4254470917,gaussian,identified_unknot,false,0_1,0_1,1,"{""2"": ""1"", ""3"": ""1"", ""4"": ""1""}",0,0,"1-c,2-a,3+a,1+c,2+a,3-a",----,3,0,0.8020516400979099,1.104744317638044,1.1576211041420315,1.8403187798489922,2.2945140784505305,0.8020516400979099,1.2307119342219428,1.280480072930318,0.3535213602249745,1.9234607693813144,2.3981757198906912,0.5671361535750242,0.8702447543755479,0.9054361427432728,1.3600921533758212,1.1044401176323926,0.6263679201679825,0.9611332188915028,1.5021403378652862,0.1471077609743196,True,True,true,
6,607,1317210339,gaussian,identified_unknot,false,0_1,0_1,1,"{""2"": ""1"", ""3"": ""1"", ""4"": ""1""}",0,0,----,----,0,0,0.39425635627200317,1.1623427235025625,1.2873379320180944,2.0729354110092535,5.257836374815744,0.24790560068763537,1.1222194444505353,1.2836866393924102,0.6232775518592916,2.0729354110092535,8.36179338126847,0.1752957313403514,0.7935289791503736,0.9077035276329435,1.465786686086366,1.1016812974250985,0.19312002873611983,0.8742160352947974,1.6148297780760634,0.12114135786877955,True,True,true,
6,608,1466072929,gaussian,identified_unknot,false,0_1,0_1,1,"{""2"": ""1"", ""3"": ""1"", ""4"": ""1""}",0,0,"1+c,2+c,3+a,4+c,2-c,3-a,4-c,1-c",----,4,0,0.8122947166986988,1.0894414780699677,1.108057198344396,1.3721239146262187,1.6891946807222373,0.34647050231006893,1.0530545983655655,1.1016560090685414,0.3236077489461034,1.7031146515655962,4.915612267740523,0.2449916416645591,0.7446220474639675,0.7789884345472743,1.204283919260197,1.283716106236123,0.31449971629802337,0.955883315388014,1.5459586636354778,0.19117729948112092,True,True,true,
6,609,3193196681,gaussian,identified_unknot,false,0_1,0_1,1,"{""2"": ""1"", ""3"": ""1"", ""4"": ""1""}",0,0,"1-a,2-c,2+c,1+a",----,2,0,0.4782544953758874,1.353406065147533,1.434056707967489,1.9534711216410716,4.084584965805136,0.39561877805696116,1.3097863051231236,1.3927112222140923,0.47339664488987054,1.9534711216410716,4.937761375320286,0.2797447207288129,0.926158778257833,0.9847955494621893,1.3813126769644928,1.0154391950147563,0.2840637540264936,0.940457924249984,1.4026390327605025,0.07662382817654641,True,True,true,
6,610,1649841656,gaussian,identified_unknot,false,0_1,0_1,1,"{""2"": ""1"", ""3"": ""1"", ""4"": ""1""}",0,0,"1-c,1+c,2+a,2-a",----,2,0,0.4932154390929956,1.412271324026879,1.5932835901274833,2.6012129899764287,5.273989384354959,0.4932154390929956,1.45313196436776,1.60186458616332,0.6740754012251748,2.6012129899764287,5.273989384354959,0.34875598156855775,1.0275194659633715,1.1326893114186662,1.8393353445228675,0.882854627406631,0.30790083216354297,0.9071503152761529,1.6238657202645834,0.25391046581844684,True,True,true,
6,611,1002587250,gaussian,identified_unknot,false,0_1,0_1,1,"{""2"": ""1"", ""3"": ""1"", ""4"": ""1""}",0,0,----,----,0,0,0.7461876343401167,0.9821834908877469,1.007768248573727,1.292689895949846,1.7323925464042607,0.4383162286936673,0.9003378876244813,0.9578699895495121,0.3269657550684311,1.5755109689804132,3.594461865297519,0.3099363776134057,0.6366350256984424,0.6773163651055474,1.1140544899998384,1.476414939190445,0.4575946981070032,0.9399374627530734,1.6448066921079538,0.16694434549309925,True,True,true,
6,612,313859322,gaussian,identified_unknot,false,0_1,0_1,1,"{""2"": ""1"", ""3"": ""1"", ""4"": ""1""}",0,0,"1+c,2+a,3+c,1-c,2-a,3-c",----,3,0,0.5681250776573402,1.4842869569473713,1.548462017384607,1.9551414169146726,3.4413925626671586,0.5681250776573402,1.3147284005916642,1.3945101846526657,0.464917076238007,2.1571122660686535,3.796896759008581,0.4017250949736392,0.9296533674769094,0.9860676080016044,1.525308711117825,1.0141292461950264,0.40740116774324214,0.9427886687820259,1.5468601734206273,0.002796954378332968,True,True,true,
6,613,653970048,gaussian,identified_unknot,false,0_1,0_1,1,"{""2"": ""1"", ""3"": ""1"", ""4"": ""1""}",0,0,"1-a,1+a",----,1,0,0.34771830415445976,0.6697999608404149,0.77334310081215,1.4438398370707168,4.15232623597908,0.34771830415445976,0.7426586686566669,0.809460895647652,0.3220016202627031,1.4438398370707168,4.15232623597908,0.24587397081030493,0.5251389807141024,0.572375288417791,1.0209489397399838,1.7471054747389356,0.42956776049848505,0.9174731882044328,1.7837054820486373,0.21900449794906077,True,True,true,
6,614,3298316429,gaussian,identified_unknot,false,0_1,0_1,1,"{""2"": ""1"", ""3"": ""1"", ""4"": ""1""}",0,0,----,----,0,0,0.6116715647272241,1.1607689708576037,1.2713462545531278,2.163429962991109,3.5369143961365834,0.6116715647272241,1.3294440690505696,1.422635384286416,0.5064285772841257,2.2647499892824827,3.7025588892503967,0.43251711127760634,0.9400589164338944,1.0059551273848546,1.6014200751138044,0.9940801262176218,0.42995666457012405,0.9344938863006063,1.591939870396564,0.32138012171073543,True,True,true,
6,615,1386650414,gaussian,identified_unknot,false,0_1,0_1,1,"{""2"": ""1"", ""3"": ""1"", ""4"": ""1""}",0,0,"1+a,2+c,2-c,1-a",----,2,0,1.3389183427778089,1.7588366745188846,1.8264601145062953,2.7955602441698195,2.087924375111603,0.7817908856166148,1.8006007401374728,1.8832924661096582,0.5519306908677777,2.7955602441698195,3.575841437400364,0.5528096366893448,1.2732169935607234,1.3316888737436754,1.9767596058679997,0.7509261507823342,0.4151192125945103,0.9560919360852101,1.4844004818564611,0.22170531003801955,True,True,true,
6,616,3091298797,gaussian,identified_unknot,false,0_1,0_1,1,"{""2"": ""1"", ""3"": ""1"", ""4"": ""1""}",0,0,"1+c,2+a,2-a,1-c",----,2,0,0.2027189085866869,1.0112259304440432,1.0920009781708278,1.469865353798958,7.250756054511869,0.2027189085866869,1.0833741506056023,1.1482123487485532,0.38038407908094585,1.6415251574085534,8.09754338582877,0.14334391493638213,0.7660612084554373,0.811908738042235,1.1607335702919028,1.231665522422276,0.17655175787617336,0.9435311785197061,1.42963551924665,0.11176356815707725,True,True,true,
6,617,3901495010,gaussian,identified_unknot,false,0_1,0_1,1,"{""2"": ""1"", ""3"": ""1"", ""4"": ""1""}",0,0,"1-c,2-a,3-c,3+c,2+a,1+c",----,3,0,0.812948865357988,1.392446960955689,1.4455382007051572,1.9154707062963647,2.356200725432925,0.38670858224122995,1.2872987015003463,1.3587971257922835,0.43496170196569456,2.1348151149983936,5.520475140804322,0.27344426084580936,0.910257641243532,0.9608146619045138,1.5095422443949034,1.0407834514284091,0.28459626157639173,0.9473810895425259,1.5711065871983148,0.13652826043843339,True,True,true,
6,618,3906301585,gaussian,identified_unknot,false,0_1,0_1,1,"{""2"": ""1"", ""3"": ""1"", ""4"": ""1""}",0,0,"1+c,1-c",----,1,0,0.5844551718841234,1.3063940541629546,1.4161611618514447,2.394660065394361,4.097251903297618,0.5844551718841234,1.4993199190568427,1.5557633756192446,0.41525830664487384,2.394660065394361,4.097251903297618,0.41327221533881286,1.060179281933159,1.1000908328220416,1.693280370876974,0.909015846841228,0.3756709928021613,0.9637197677699957,1.539218690272361,0.2805637833824034,True,True,true,
6,619,3693067939,gaussian,identified_unknot,false,0_1,0_1,1,"{""2"": ""1"", ""3"": ""1"", ""4"": ""1""}",0,0,"1+a,2+c,3-c,1-a,2-c,3+c",----,3,0,0.32605608890592463,1.0092866553580435,1.0605281760633385,1.3071855026522303,4.009081710568473,0.32605608890592463,0.9149705469228082,0.9566232631077929,0.2792077466381953,1.3071855026522303,4.009081710568473,0.23055647151254313,0.6469818783150818,0.6764347963843231,0.9243197331941377,1.4783390880321303,0.3408406438357588,0.9564585999616331,1.3664579914203234,0.014454165129369586,True,True,true,
6,620,698396988,gaussian,identified_unknot,false,0_1,0_1,1,"{""2"": ""1"", ""3"": ""1"", ""4"": ""1""}",0,0,"1+a,2+c,3-c,1-a,2-c,3+c",----,3,0,1.0111957753348775,1.326453364189628,1.349722103940339,1.7271089620353697,1.7079867263719564,0.5528379092695545,1.3330702950636808,1.386180875098165,0.38002763966157205,1.82197156470042,3.295670456296544,0.39091543454149524,0.9426230454378804,0.980177896733015,1.2883284485287314,1.0202229649669239,0.3988209036792577,0.9616856782627857,1.3143822696092193,0.20442116852850964,True,True,true,
6,621,233384103,gaussian,identified_unknot,false,0_1,0_1,1,"{""2"": ""1"", ""3"": ""1"", ""4"": ""1""}",0,0,----,----,0,0,0.5336457211337999,1.3067697156739735,1.440113281477758,2.47814506481437,4.643801995730852,0.5336457211337999,1.3896869099057947,1.4991590991542323,0.5623595798182982,2.517783569400582,4.718080684786945,0.3773445081648952,0.9826570377205661,1.0600655650894735,1.7803418354832217,0.94333787732799,0.35596336735364664,0.9269776041047294,1.67946388800296,0.23092866253748842,True,True,true,
6,622,3160116949,gaussian,identified_unknot,false,0_1,0_1,1,"{""2"": ""1"", ""3"": ""1"", ""4"": ""1""}",0,0,"1+a,2+c,2-c,1-a",----,2,0,0.7959577569270498,1.4973082527189046,1.564039507540711,2.2387442082122093,2.812641988508684,0.7959577569270498,1.5343744903299477,1.5793416148490222,0.37418559541841107,2.2387442082122093,2.812641988508684,0.5628271274611506,1.0849666069919586,1.116763165669856,1.5830312109689613,0.8954450063726633,0.5039807407361577,0.9715279303120411,1.4175173927942264,0.5175553150501427,True,True,true,
6,623,4147784103,gaussian,identified_unknot,false,0_1,0_1,1,"{""2"": ""1"", ""3"": ""1"", ""4"": ""1""}",0,0,"1+a,2+c,2-c,1-a",----,2,0,0.34433786341799755,1.1773219178951244,1.3314949434514414,2.1748876844470946,6.3161444485324045,0.34433786341799755,1.27648310952419,1.4023307999915173,0.5806225483946554,2.1748876844470946,6.3161444485324045,0.24348363824215327,0.9026098628146452,0.9915976181407579,1.5378778299916487,1.008473580115084,0.24554681635751024,0.9102581997998699,1.5509091609912942,0.09390356672058134,True,True,true,
6,624,4249358535,gaussian,identified_unknot,false,0_1,0_1,1,"{""2"": ""1"", ""3"": ""1"", ""4"": ""1""}",0,0,"1+a,2+c,2-c,1-a",----,2,0,0.664837267055963,1.3944693654227456,1.5161066621210486,2.2406259041559253,3.3701869843696945,0.43901722454837233,1.516552518195616,1.6026796765981084,0.5183151602405172,2.2406259041559253,5.103731195196069,0.3104320565358513,1.072364569641655,1.1332656673923853,1.584361770930894,0.8824056254178898,0.2739269929972796,0.9462605287506308,1.3980497393664708,0.02024589617235591,True,True,true,
6,625,1063979530,gaussian,identified_unknot,false,0_1,0_1,1,"{""2"": ""1"", ""3"": ""1"", ""4"": ""1""}",0,0,"1+c,1-c",----,1,0,0.7280900782514357,1.69266924584044,1.8595883009746934,3.1703017716080493,4.3542713550248795,0.7280900782514357,1.657791149924338,1.767937523033748,0.6142732198161056,3.1703017716080493,4.3542713550248795,0.5148374316462342,1.1722353639025438,1.2501206112513112,2.2417418811117766,0.7999228162465442,0.4118302082315933,0.9376978135967152,1.7932204788367578,0.23897560174318247,True,True,true,
6,626,2048503190,gaussian,identified_unknot,false,0_1,0_1,1,"{""2"": ""1"", ""3"": ""1"", ""4"": ""1""}",0,0,"1-a,1+a",----,1,0,0.8486022824649813,1.2694890234155312,1.290039286989169,1.5816362311681083,1.8638133126084029,0.38441681369118674,1.1652529611242386,1.2319538139882567,0.3998696492501097,1.837598338223306,4.780223634285421,0.27182373576316377,0.8239582706086535,0.8711228959797268,1.2993782460548307,1.1479436536624708,0.31203833238414824,0.9458576676279085,1.491613011265715,0.22628807102572537,True,True,true,
6,627,1492384386,gaussian,identified_unknot,false,0_1,0_1,1,"{""2"": ""1"", ""3"": ""1"", ""4"": ""1""}",0,0,"1+a,1-a",----,1,0,0.38567541567852504,0.7904562470028033,0.8870175568235289,1.5133802521552548,3.923973866710535,0.38567541567852504,0.8948234537621739,0.9681642458385508,0.3696390043234944,1.6011457733413403,4.151537039311719,0.27271370176322557,0.6327357321200001,0.6845955035347989,1.1321810339978404,1.4607165761923073,0.39835742472030883,0.9242475722568594,1.6537956036111918,0.20728856761029912,True,True,true,
6,628,1017896564,gaussian,identified_unknot,false,0_1,0_1,1,"{""2"": ""1"", ""3"": ""1"", ""4"": ""1""}",0,0,"1-a,2+a,2-a,1+a",----,2,0,0.7351574388597801,1.2139236076462876,1.2724351070697757,1.8257467767445197,2.4834772529490143,0.4062247512397936,1.13124294523347,1.2128062329648925,0.43725090917915493,1.8257467767445197,4.494425244085595,0.28724427628747645,0.7999095577440288,0.8575835115947872,1.2909979265655314,1.1660671951823922,0.3349461275827338,0.9327482943981674,1.505390331216553,0.01836624536899901,True,True,true,
6,629,1860046249,gaussian,identified_unknot,false,0_1,0_1,1,"{""2"": ""1"", ""3"": ""1"", ""4"": ""1""}",0,0,"1+a,2+c,2-c,1-a",----,2,0,1.1575266516044604,1.5032622523773564,1.524836664376216,1.846974703695837,1.5956217518929046,0.4453357271055497,1.3826034323064924,1.4618968781000772,0.4749212894502179,2.132934707804534,4.789498299782726,0.31489991254097593,0.9776482626757165,1.0337171959000082,1.5082125957167334,0.9673825722995232,0.3046286874107842,0.9457598911513948,1.4590185804189943,0.06554730389507224,True,True,true,
6,630,3264995653,gaussian,identified_unknot,false,0_1,0_1,1,"{""2"": ""1"", ""3"": ""1"", ""4"": ""1""}",0,0,"1-c,2+c,3+a,1+c,2-c,3-a",----,3,0,0.8404444249115186,1.2267729715757267,1.2899948774501404,2.0392376910278913,2.426380175277599,0.3079630336550539,1.2332585176576605,1.2965733789663074,0.40021988414987336,2.0392376910278913,6.621696334216592,0.21776274945226956,0.8720454607918012,0.9168158285730312,1.4419587997770194,1.0907316047939966,0.23752071317442697,0.9511675449027613,1.5727900357276137,0.13532392846998795,True,True,true,
6,631,3353501166,gaussian,identified_unknot,false,0_1,0_1,1,"{""2"": ""1"", ""3"": ""1"", ""4"": ""1""}",0,0,"1+a,2+c,2-c,1-a",----,2,0,1.1507153758328126,1.5972493683587239,1.6620475447777132,2.3076569370699573,2.005410708447192,0.48655631089217727,1.5301425158046875,1.6232594250730112,0.5418810223796948,2.3076569370699573,4.742836307761596,0.34404726686096854,1.0819741491073385,1.1478177470941027,1.6317598688543447,0.8712184513017606,0.29974032700921655,0.9426358425338357,1.4216193058396462,0.017902354588646325,True,True,true,
6,632,822200197,gaussian,identified_unknot,false,0_1,0_1,1,"{""2"": ""1"", ""3"": ""1"", ""4"": ""1""}",0,0,"1-c,1+c",----,1,0,0.49936348334238634,1.1712954485963643,1.3875461157439022,2.647901780508944,5.302553888774086,0.49936348334238634,1.304406092165284,1.403782034711227,0.5187762019407655,2.647901780508944,5.302553888774086,0.35310330534833695,0.922354393191117,0.992623796052158,1.8723493049138076,1.007431016642134,0.35572722188677297,0.9292084240368658,1.8862627637585103,0.11775551580948151,True,True,true,
6,633,2043255609,gaussian,identified_unknot,false,0_1,0_1,1,"{""2"": ""1"", ""3"": ""1"", ""4"": ""1""}",0,0,"1-c,1+c",----,1,0,0.8259011348884067,1.3541701783360036,1.4371873384210376,2.238679109929629,2.710589700584577,0.8259011348884067,1.3296820488895729,1.3921614897768304,0.4123824226109452,2.238679109929629,2.710589700584577,0.5840002930692578,0.9402271935918394,0.9844068299279631,1.582985179531905,1.0158401685136398,0.5932509561234899,0.9551205507794405,1.6080599315302846,0.23223577966652256,True,True,true,
6,634,681047396,gaussian,identified_unknot,false,0_1,0_1,1,"{""2"": ""1"", ""3"": ""1"", ""4"": ""1""}",0,0,"1-c,2-a,3+a,1+c,2+a,3-a",----,3,0,0.7857053949051829,1.6201212755464358,1.822298322406311,3.1681652177945856,4.032255904488109,0.6899826313103327,1.5807068201678411,1.732045978378512,0.708060180981849,3.1681652177945856,4.591659375219321,0.48789139750047367,1.117728511608505,1.2247414566383341,2.2402311094219067,0.8164988574362433,0.39836276861210873,0.9126240526522571,1.8291461412361143,0.09080050861865165,True,True,true,
6,635,3358623224,gaussian,identified_unknot,false,0_1,0_1,1,"{""2"": ""1"", ""3"": ""1"", ""4"": ""1""}",0,0,"1+c,2-c,2+c,1-c",----,2,0,0.6081890966765097,1.2046554778787293,1.281292090957646,1.9998693999707204,3.2882361931496993,0.6081890966765097,1.127778144474872,1.1740949278742194,0.3265200706002353,1.9998693999707204,3.2882361931496993,0.4300546345036807,0.7974595736321638,0.8302104852565909,1.4141212142067683,1.2045138163858924,0.5180067490604685,0.9605510744491444,1.7033285405564464,0.1598447020266489,True,True,true,
6,636,795634149,gaussian,identified_unknot,false,0_1,0_1,1,"{""2"": ""1"", ""3"": ""1"", ""4"": ""1""}",0,0,"1-a,1+a",----,1,0,0.8614238791722582,1.1809559416833315,1.1961549168893726,1.4131196156596209,1.640446300394513,0.8189501524881093,1.2453164006678614,1.271467766083052,0.25654890842852773,1.7296243229203045,2.1120019547776048,0.5790852062780992,0.8805716716350683,0.899063479457437,1.2230290876421381,1.1122685136798969,0.644098241680958,0.97943214439816,1.3603367454990014,0.525288446073833,True,True,true,
6,637,1471050666,gaussian,identified_unknot,false,0_1,0_1,1,"{""2"": ""1"", ""3"": ""1"", ""4"": ""1""}",0,0,"1+c,2+a,2-a,1-c",----,2,0,0.5668670405790723,1.5245534814969324,1.678192174985151,2.7438824877489245,4.840433984212529,0.5668670405790723,1.6267330287485364,1.8393092552358319,0.8583694947834553,3.4169863877746756,6.02784452644154,0.40083552842461184,1.150273955808221,1.300588047076435,2.4161742460175986,0.7688829697058029,0.30819561145871033,0.8844260551170665,1.8577552296046906,0.1215535955040067,True,True,true,
6,638,2930741103,gaussian,identified_unknot,false,0_1,0_1,1,"{""2"": ""1"", ""3"": ""1"", ""4"": ""1""}",0,0,----,----,0,0,0.2570778408630629,1.210598960833848,1.3487246060369156,2.2717274744899263,8.836730022561541,0.2570778408630629,1.2921836315056014,1.3844268178999128,0.49688940076185356,2.2717274744899263,8.836730022561541,0.18178148456706789,0.9137118083758696,0.9789375909935418,1.6063539022196165,1.0215155789298902,0.18569261844626325,0.9333708469081532,1.6409155363921597,0.2510883820043257,True,True,true,
6,639,3906995920,gaussian,identified_unknot,false,0_1,0_1,1,"{""2"": ""1"", ""3"": ""1"", ""4"": ""1""}",0,0,"1-c,2+c,2-c,1+c",----,2,0,0.7489500884295184,1.5362123671415862,1.6224729745529698,2.197054365837522,2.933512392587535,0.7489500884295184,1.512007160157245,1.5639485304199563,0.39971158781797267,2.197054365837522,2.933512392587535,0.5295876862987768,1.069150516149802,1.1058786112866865,1.5535520407192216,0.9042583786266586,0.47888410255317543,0.9667883122414751,1.4048124494529,0.15042987119230403,True,True,true,
6,640,1429348162,gaussian,identified_unknot,false,0_1,0_1,1,"{""2"": ""1"", ""3"": ""1"", ""4"": ""1""}",0,0,"1-a,2+a,3+c,4+a,5+c,6+a,7+c,3-c,2-a,1+a,4-a,7-c,6-a,5-c",----,7,0,0.943147236694564,1.568259948836247,1.602765567018372,2.020632200526492,2.142435583661545,0.2673105027584864,1.282048405048316,1.3817380105703305,0.5153172003416184,2.020632200526492,7.559120123133067,0.18901706918291103,0.9065451210190618,0.9770363170974902,1.428802731276178,1.0235034077041565,0.19345961442296175,0.9278520206005866,1.4623844643981745,0.002771575371241311,True,True,true,
6,641,2941428190,gaussian,identified_unknot,false,0_1,0_1,1,"{""2"": ""1"", ""3"": ""1"", ""4"": ""1""}",0,0,"1+c,2+a,3-a,1-c,2-a,3+a",----,3,0,0.7721258337800737,1.3203973612110615,1.3616524337363642,1.5956909704509006,2.066620362433573,0.38586790112696634,1.25305951542921,1.3189971444395319,0.41181952094570873,2.10007509358324,5.442471600902168,0.2728498095290981,0.8860468805903235,0.932671825198885,1.4849773396736825,1.0721884943685929,0.2925464264677611,0.9500092708401273,1.592175617996204,0.010257626540547878,True,True,true,
6,642,16503060,gaussian,identified_unknot,false,0_1,0_1,1,"{""2"": ""1"", ""3"": ""1"", ""4"": ""1""}",0,0,"1-c,2+c,2-c,1+c",----,2,0,0.7876219667153048,1.1838164284604542,1.222155619805442,1.6051700313722483,2.037995509529073,0.4686319727446786,1.1331519671794394,1.181030658994515,0.33286639476280117,1.7234517143345753,3.6776229847073436,0.33137284580859155,0.8012594401074578,0.8351147877642384,1.2186643942535587,1.1974401778672734,0.39679915942542443,0.9594602464801062,1.4592777090154943,0.0016804787911589732,True,True,true,
6,643,407976467,gaussian,identified_unknot,false,0_1,0_1,1,"{""2"": ""1"", ""3"": ""1"", ""4"": ""1""}",0,0,"1+c,1-c",----,1,0,0.7110380289355435,1.1354795525318468,1.1698276328480843,1.4462763401668826,2.03403514483188,0.3783413279468533,1.1839211492242854,1.2749403415440355,0.47307883794973254,2.2511527537099427,5.950057758496234,0.26752771859434343,0.8371586730066626,0.9015189611140804,1.5918053776350702,1.1092390100860647,0.2967521817441728,0.9286090577308739,1.7656926213375999,0.09433362522457962,True,True,true,
6,644,4256187329,gaussian,identified_unknot,false,0_1,0_1,1,"{""2"": ""1"", ""3"": ""1"", ""4"": ""1""}",0,0,----,----,0,0,0.8950033666701578,1.2180799147472983,1.2518295028591129,1.828204127907397,2.0426784926063397,0.5034140141987171,1.4964889641310217,1.589571561594848,0.5359650451896512,2.7149871568956967,5.3931497342542905,0.35596746318425376,1.0581774945078775,1.1239968303850068,1.919785829475332,0.8896822241549083,0.3166979243725473,0.9414417068644368,1.7079993266686888,0.38265438425206827,True,True,true,
6,645,3286988291,gaussian,identified_unknot,false,0_1,0_1,1,"{""2"": ""1"", ""3"": ""1"", ""4"": ""1""}",0,0,"1-c,2-a,2+a,1+c",----,2,0,0.8642100145459841,1.2675402552526656,1.3158712827531442,1.863242155131419,2.1560062065588075,0.36487794768492937,1.2107957427940967,1.2831234767740844,0.4247111087321659,1.988316818736941,5.449265518380532,0.25800767111344386,0.8561618803615085,0.9073053115266145,1.4059523056761545,1.1021648251098841,0.28436697970975733,0.9436315091343916,1.549591177098397,0.11952902137865475,True,True,true,
6,646,2975729696,gaussian,identified_unknot,false,0_1,0_1,1,"{""2"": ""1"", ""3"": ""1"", ""4"": ""1""}",0,0,"1-c,2-a,2+a,1+c",----,2,0,0.18493949991915995,0.852480142549557,0.9656519860828994,1.5610857520579466,8.441061821516348,0.18493949991915995,0.9563312692712186,1.032845576212894,0.39012880913442616,1.5610857520579466,8.441061821516348,0.13077197450208694,0.6762283255624167,0.7303321108586645,1.1038543212938754,1.3692400828772027,0.17905822920525297,0.9259189285369953,1.511441582372784,0.17772589740686012,True,True,true,
6,647,4123079657,gaussian,identified_unknot,false,0_1,0_1,1,"{""2"": ""1"", ""3"": ""1"", ""4"": ""1""}",0,0,"1-c,2-a,3-c,3+c,2+a,1+c",----,3,0,1.100995630360949,1.3364591479046748,1.3541613764970668,1.7813279730558804,1.61792465286342,0.4618598908497522,1.134903087570119,1.1975805090765796,0.3823533150685773,1.7813279730558804,3.856857909394355,0.32658426077793845,0.8024976692103812,0.8468172989848871,1.2595890892651005,1.1808922670790252,0.3856608281023873,0.9476632919194804,1.4874390152102692,0.045223338528702715,True,True,true,
6,648,2096722102,gaussian,identified_unknot,false,0_1,0_1,1,"{""2"": ""1"", ""3"": ""1"", ""4"": ""1""}",0,0,"1+c,1-c",----,1,0,0.28305559052172286,1.0086837590581836,1.1014749941150779,1.458120932517677,5.151358889715251,0.28305559052172286,1.0009540518598936,1.1139623939207344,0.4888795364247463,1.761920016035492,6.224643056114714,0.20015052751067286,0.7077813977262819,0.7876903627281513,1.245865591247007,1.2695343847251324,0.25409797679567275,0.8985528212823295,1.5816692068339822,0.1047350980200333,True,True,true,
6,649,3624341546,gaussian,identified_unknot,false,0_1,0_1,1,"{""2"": ""1"", ""3"": ""1"", ""4"": ""1""}",0,0,"1-a,2+a,2-a,1+a",----,2,0,0.444735076973556,0.9731277201048946,1.0396817615733855,1.5925229094066131,3.5808349551463525,0.444735076973556,0.9193497486655334,0.9814040781203605,0.3434385013068503,1.5925229094066131,3.5808349551463525,0.31447518875952263,0.6500784415635468,0.693957478723039,1.126083748436346,1.4410104806999329,0.45316204292256185,0.9367698475701496,1.6226984836426412,0.036606611351564004,True,True,true,
6,650,3086204566,gaussian,identified_unknot,false,0_1,0_1,1,"{""2"": ""1"", ""3"": ""1"", ""4"": ""1""}",0,0,"1+c,2+a,3+c,4-c,5-a,1-c,2-a,5+a,4+c,3-c",----,5,0,0.47461443382036334,1.2072963099937493,1.3369208608941503,2.3047366476476108,4.856018872194539,0.47461443382036334,1.1976399250321357,1.295106903563448,0.49291023688570534,2.3047366476476108,4.856018872194539,0.3356030846033928,0.8468593124099715,0.915778873871226,1.629694912400776,1.0919666619658415,0.36646738003980667,0.924742136527004,1.7795725135169898,0.07686359062626034,True,True,true,
6,651,792345803,gaussian,identified_unknot,false,0_1,0_1,1,"{""2"": ""1"", ""3"": ""1"", ""4"": ""1""}",0,0,"1+a,2+c,2-c,1-a",----,2,0,0.29164177628790067,1.1314434098087078,1.1956256882044187,1.4666603336391304,5.028978880554081,0.29164177628790067,1.2477122750824976,1.3222309339050031,0.4376170942545031,2.0218827614968102,6.932761099016431,0.2062218776904646,0.882265810680529,0.9349584596588494,1.4296870114185773,1.0695662354505924,0.22056795738894272,0.9436417217963384,1.5291449546755758,0.09446279376515032,True,True,true,
6,652,2825100468,gaussian,identified_unknot,false,0_1,0_1,1,"{""2"": ""1"", ""3"": ""1"", ""4"": ""1""}",0,0,"1-c,2-a,2+a,1+c",----,2,0,0.5284568823403328,1.1218212063872413,1.2669163098070242,1.948507420630564,3.6871644324157007,0.5284568823403328,1.0629666393046522,1.1674147786063733,0.4826584600252452,1.948507420630564,3.6871644324157007,0.3736754450675508,0.7516309188273944,0.8254869064099586,1.3778028103201803,1.2114062527642002,0.45267277065927647,0.9105303948384066,1.6690789394979537,0.01412832322578196,True,True,true,
6,653,3058434589,gaussian,identified_unknot,false,0_1,0_1,1,"{""2"": ""1"", ""3"": ""1"", ""4"": ""1""}",0,0,"1+c,2+a,3+c,1-c,2-a,3-c",----,3,0,0.29066139625296283,1.1611179933359825,1.2667259922968406,1.957652078637918,6.735163677993798,0.29066139625296283,1.1888109269621283,1.2531182570603034,0.39627508893860197,1.957652078637918,6.735163677993798,0.20552864431962017,0.8406162680035864,0.8860884171960077,1.3842690600088121,1.1285555488519543,0.23195049199492704,0.9486821537106692,1.5622245287770238,0.1687017899331635,True,True,true,
6,654,280234432,gaussian,identified_unknot,false,0_1,0_1,1,"{""2"": ""1"", ""3"": ""1"", ""4"": ""1""}",0,0,"1+a,1-a",----,1,0,0.6559288690197731,1.1396007646892958,1.187457892931526,1.5102063956627074,2.302393547519223,0.6559288690197731,1.11333443179575,1.1734819162023788,0.3708722834508423,2.1232860228263895,3.237067497881973,0.46381175125990426,0.7872463264512466,0.8297770205464859,1.5013899451391544,1.2051430387182889,0.5589595033066121,0.9487444300792652,1.8093896407860854,0.06146350489419022,True,True,true,
6,655,484793607,gaussian,identified_unknot,false,0_1,0_1,1,"{""2"": ""1"", ""3"": ""1"", ""4"": ""1""}",0,0,"1+a,1-a",----,1,0,0.7426065304679685,1.390878581448188,1.4536639151585136,2.0596842980340617,2.7735876450428063,0.7426065304679685,1.3444669631570683,1.426650901528929,0.477222568423284,2.402699428360902,3.2354946122636337,0.525102113447315,0.950681706729647,1.008794526857007,1.698965058947035,0.9912821425742592,0.5205243480883261,0.9423937991531179,1.6841537237918194,0.0355634890741364,True,True,true,
6,656,3024042973,gaussian,identified_unknot,false,0_1,0_1,1,"{""2"": ""1"", ""3"": ""1"", ""4"": ""1""}",0,0,"1-c,2-a,2+a,1+c",----,2,0,0.1751150015361386,1.492280420474084,1.7157044320757835,2.343926033858309,13.38506703193325,0.1751150015361386,1.4111420438422542,1.5645242051754158,0.6755842809601714,2.343926033858309,13.38506703193325,0.12382500507369629,0.9978281084183022,1.1062856748100298,1.6574059931408995,0.9039256520895644,0.11192859845623453,0.9019624235753104,1.4981717931270397,0.1738692565700748,True,True,true,
6,657,805726812,gaussian,identified_unknot,false,0_1,0_1,1,"{""2"": ""1"", ""3"": ""1"", ""4"": ""1""}",0,0,"1-a,2-c,2+c,1+a",----,2,0,0.9237705623637545,1.18889756418816,1.2074696114464296,1.5505956926703366,1.6785506659820972,0.3046857993353258,1.1756609806968261,1.2562476859513019,0.44269572724951567,1.9077907486217918,6.2615020220294175,0.21544539484125252,0.8313178518271525,0.8883012575860738,1.349011775435429,1.1257442128557416,0.24253640642896027,0.9358512607380837,1.5186421992706833,0.060920922178063684,True,True,true,
6,658,3013949836,gaussian,identified_unknot,false,0_1,0_1,1,"{""2"": ""1"", ""3"": ""1"", ""4"": ""1""}",0,0,----,----,0,0,0.29522918297769346,1.2874304564793473,1.538042513038266,2.635723935358634,8.927721537466642,0.29522918297769346,1.3743386721932327,1.5239013015569107,0.658383164275173,2.635723935358634,8.927721537466642,0.20875855728769108,0.9718041947547504,1.0775609441898975,1.8637382680277834,0.9280217563488188,0.19373248298696857,0.9018554356434528,1.729589660869649,0.15986690201445575,True,True,true,
6,659,4221996696,gaussian,identified_unknot,false,0_1,0_1,1,"{""2"": ""1"", ""3"": ""1"", ""4"": ""1""}",0,0,"1-a,1+a,2-a,2+a",----,2,0,0.8151887074418087,1.1754884251823843,1.192854739066572,1.4561973445513905,1.7863315956880321,0.534761334774085,1.0935734480213968,1.1380842274188676,0.31517110032836754,1.8816659673087246,3.518702353646514,0.378133366135125,0.7732732008214841,0.8047470747693342,1.3305387654119436,1.2426264491693013,0.46987852207292574,0.960889731774581,1.6533626615459496,0.21476448883433377,True,True,true,
6,660,3937608646,gaussian,identified_unknot,false,0_1,0_1,1,"{""2"": ""1"", ""3"": ""1"", ""4"": ""1""}",0,0,"1-a,1+a",----,1,0,0.3935445469766354,0.9769575041174985,1.0831918280490185,1.8670165904420413,4.744104840951806,0.3935445469766354,1.1331413654750975,1.2051363803688042,0.41029786879492186,1.8670165904420413,4.744104840951806,0.2782780178661667,0.8012519435704254,0.8521601068133919,1.3201800916893545,1.1734883996617111,0.32655602584680093,0.9402598609862939,1.5492160230617915,0.1008085034174449,True,True,true,
6,661,1721387050,gaussian,identified_unknot,false,0_1,0_1,1,"{""2"": ""1"", ""3"": ""1"", ""4"": ""1""}",0,0,"1-c,2+c,2-c,1+c",----,2,0,0.48943976878427875,1.3949100780897148,1.5228213706362104,2.3967594898277773,4.896944716570737,0.48943976878427875,1.7071596164546687,1.8033912951643118,0.5812281887699197,2.616497379764929,5.3459026965954495,0.3460861794897394,1.2071441413629218,1.2751902139434754,1.8501430401886145,0.7841967332132666,0.2713996513661138,0.9466384921743372,1.450876128093173,0.08821000975124138,True,True,true,
6,662,124441875,gaussian,identified_unknot,false,0_1,0_1,1,"{""2"": ""1"", ""3"": ""1"", ""4"": ""1""}",0,0,----,----,0,0,0.5715719776107129,1.116853173203114,1.2041833101955999,1.9088112147689822,3.3395815217327507,0.5715719776107129,1.265288650437491,1.3392501684335323,0.4389027736564424,2.0196535943828433,3.533507018355599,0.40416242130474056,0.8946941848827249,0.9469928758045766,1.4281107522358933,1.0559741530794389,0.42678507054380876,0.9447739341466341,1.508048042095938,0.33843405502757484,True,True,true,
6,663,3073489990,gaussian,identified_unknot,false,0_1,0_1,1,"{""2"": ""1"", ""3"": ""1"", ""4"": ""1""}",0,0,"1+c,1-c",----,1,0,0.2598737769692583,0.8921270153773441,0.9553505738393144,1.2916456275725217,4.97028073642581,0.2598737769692583,1.172779487583541,1.2393453245046206,0.40070576097025407,1.839868999417053,7.079856308990729,0.18375850994752296,0.8292803285068061,0.8763494831890595,1.300983845982706,1.1410972667673323,0.2096863334463561,0.9462895162430323,1.484549110759318,0.17915506914785323,True,True,true,
6,664,1999186500,gaussian,identified_unknot,false,0_1,0_1,1,"{""2"": ""1"", ""3"": ""1"", ""4"": ""1""}",0,0,"1-c,2-a,3-c,3+c,2+a,1+c",----,3,0,0.4185584830776507,1.3819804759873195,1.5497846792423318,2.6501678626759584,6.331654881748749,0.4185584830776507,1.4005052762257202,1.5132861254971373,0.5732537561028763,2.6501678626759584,6.331654881748749,0.2959655417073616,0.9903067779067456,1.0700548812145425,1.8739516669808292,0.9345315063326208,0.27658912351433074,0.9254728848885954,1.75126687413812,0.09574480627765937,True,True,true,
6,665,876027052,gaussian,identified_unknot,false,0_1,0_1,1,"{""2"": ""1"", ""3"": ""1"", ""4"": ""1""}",0,0,"1-a,2+a,2-a,1+a",----,2,0,0.7682650449781995,1.6591783767789652,1.9100505488619497,3.2375753013605406,4.2141384962430655,0.7682650449781995,1.7619614939929915,1.9537015319643891,0.8440624204915093,3.2617749963089806,4.245637645015514,0.5432454230526728,1.2458949205920244,1.381475601666566,2.306423218594806,0.7238636706964883,0.39323562601997436,0.9018580705218526,1.6695359771916451,0.06397418703394298,True,True,true,
6,666,1670107560,gaussian,identified_unknot,false,0_1,0_1,1,"{""2"": ""1"", ""3"": ""1"", ""4"": ""1""}",0,0,"1-c,2+a,3+c,4-c,2-a,3-c,4+c,1+c",----,4,0,0.8583783290851129,1.617824667393261,1.6930384374908145,2.454352654131173,2.8592900950180096,0.8583783290851129,1.5483638239184812,1.6414659359386745,0.5449586109307452,2.5838605755273587,3.0101652010265916,0.6069651373196612,1.0948585596366913,1.1606916943889596,1.8270653345959706,0.8615552302426399,0.5229339886326962,0.9432811184309148,1.5741176950161775,0.058790954042159636,True,True,true,
6,667,4104863442,gaussian,identified_unknot,false,0_1,0_1,1,"{""2"": ""1"", ""3"": ""1"", ""4"": ""1""}",0,0,"1-c,2-a,3-c,1+c,2+a,3+c",----,3,0,0.5376728443352531,1.35657166457141,1.4706741778504244,2.1166239118743166,3.9366390439360672,0.4648281230645601,1.2792179792084575,1.3593927103720984,0.4599455431707429,2.1166239118743166,4.553562503747946,0.32868311790516547,0.9045437077140522,0.9612358037996711,1.4966791213079265,1.0403274576821815,0.34193807243333346,0.9410216558085742,1.5570363852362765,0.08493950517369679,True,True,true,
6,668,2581734875,gaussian,identified_unknot,false,0_1,0_1,1,"{""2"": ""1"", ""3"": ""1"", ""4"": ""1""}",0,0,"1-a,1+a",----,1,0,0.6771715905436684,1.1312748359705003,1.1667453306964204,1.610080706251218,2.3776554255008864,0.27280778533749883,1.036802688812096,1.097035341471138,0.35850624110146867,1.610080706251218,5.901886943069964,0.1929042349726294,0.7331302120114789,0.7757211291555414,1.1384989856478618,1.2891230655127457,0.24867729873830702,0.9450950663282466,1.467665302461523,0.07469862195347629,True,True,true,
6,669,4066885452,gaussian,identified_unknot,false,0_1,0_1,1,"{""2"": ""1"", ""3"": ""1"", ""4"": ""1""}",0,0,"1-c,2+c,2-c,1+c",----,2,0,0.6920226797348761,0.8817534176385404,0.8927006380813028,1.046877432932925,1.5127790802087568,0.46569255057348646,0.888321115287938,0.9273981659165846,0.26636995753845677,1.436612126888174,3.084893939400639,0.32929436045857147,0.6281378844912978,0.6557695319795839,1.0158381768574567,1.5249259857823543,0.5021495272348571,0.9578637827151347,1.5490780332397065,0.08697553579815208,True,True,true,
6,670,2670454776,gaussian,identified_unknot,false,0_1,0_1,1,"{""2"": ""1"", ""3"": ""1"", ""4"": ""1""}",0,0,"1+c,1-c",----,1,0,0.5928963928905332,1.2932808661216322,1.3583378447144603,1.9406071467338375,3.2730965646001713,0.17775821327268618,1.3777414596867388,1.504615386994178,0.6047279826830365,2.5525681811420484,14.359776317206428,0.12569403801672094,0.9742103288663453,1.0639237432212048,1.804938270326554,0.9399169878212652,0.11814196159976795,0.9156768378124195,1.6964921422486592,0.16987835269856255,True,True,true,
6,671,2860734279,gaussian,identified_unknot,false,0_1,0_1,1,"{""2"": ""1"", ""3"": ""1"", ""4"": ""1""}",0,0,"1+c,2+a,3-a,3+a,2-a,1-c",----,3,0,0.2700930643482119,1.505823954204339,1.6347465304202138,2.0672165815055576,7.653719603997093,0.2700930643482119,1.5432205974615247,1.7084280454270633,0.7329369508847473,2.712745822119989,10.043744842787364,0.19098463735207516,1.0912217493317995,1.2080410560907555,1.9182009664565198,0.8277864356994783,0.15809449222703176,0.9032985624371198,1.5878607409783372,0.20692649784226586,True,True,true,
6,672,3656718968,gaussian,identified_unknot,false,0_1,0_1,1,"{""2"": ""1"", ""3"": ""1"", ""4"": ""1""}",0,0,"1+a,1-a",----,1,0,0.5519647416288952,1.000378909505983,1.0813958736148603,1.7053839185014028,3.0896609690478942,0.4049020873691381,1.009865334077223,1.1459198046343473,0.5415756693965484,2.1819620702440767,5.388863476652918,0.2863090116953054,0.7140826258112226,0.8102876645529107,1.5428801761614246,1.2341296106880342,0.35334242914000313,0.8812705129914933,1.9041141111443844,0.1705354347223604,True,True,true,
6,673,1315359092,gaussian,identified_unknot,false,0_1,0_1,1,"{""2"": ""1"", ""3"": ""1"", ""4"": ""1""}",0,0,"1+a,2+c,2-c,1-a",----,2,0,0.6324221774605969,1.5988021268034502,1.6861054171409597,2.362137765679111,3.735064723953777,0.6324221774605969,1.6915548336600599,1.780878000620433,0.5569279107883871,2.7315246109460607,4.319147411803484,0.4471900102551502,1.1961098936299106,1.2592709107046487,1.9314795753779053,0.7941102994592572,0.3551181929589056,0.9498431858166286,1.5338078240027873,0.33605995406346684,True,True,true,
6,674,1368089081,gaussian,identified_unknot,false,0_1,0_1,1,"{""2"": ""1"", ""3"": ""1"", ""4"": ""1""}",0,0,"1-a,2-c,3-a,3+a,2+c,1+a",----,3,0,0.970362569981889,1.6242002065249028,1.7001317859689558,2.4075939069608987,2.4811281694489047,0.5653840121656775,1.4463642875081837,1.5707788993586052,0.6126799315231204,2.649057363695149,4.685412580996156,0.399786868976808,1.0227339957630859,1.1107084114812111,1.873166425620998,0.900326304962818,0.3599386345185438,0.9207943193652374,1.6864610065597625,0.08534688807500647,True,True,true,
6,675,2776199168,gaussian,identified_unknot,false,0_1,0_1,1,"{""2"": ""1"", ""3"": ""1"", ""4"": ""1""}",0,0,"1+a,1-a",----,1,0,0.11546183292510416,1.155923768546293,1.317883831371158,1.7293704195685662,14.97785351017548,0.11546183292510416,1.1202198443011149,1.2796621536809676,0.6185812218273347,1.9902886699819975,17.237632727284215,0.08164384502956933,0.7921150483250567,0.904857786495594,1.407346615063025,1.1051460405428795,0.090228372069125,0.8754028093108679,1.555323539308326,0.023949914515533206,True,True,true,
6,676,3924530004,gaussian,identified_unknot,false,0_1,0_1,1,"{""2"": ""1"", ""3"": ""1"", ""4"": ""1""}",0,0,"1+c,1-c",----,1,0,0.5066761610108518,1.4728497259838955,1.6888640620715882,2.61935505930598,5.169682848469122,0.5066761610108518,1.4255820545289268,1.564320963468459,0.644062017628716,2.61935505930598,5.169682848469122,0.3582741493163403,1.0080387378952547,1.1061419612208208,1.8521637247705496,0.9040430930730857,0.32389527011607283,0.9113104585443155,1.674435822619335,0.07439525623658401,True,True,true,
6,677,4281145024,gaussian,identified_unknot,false,0_1,0_1,1,"{""2"": ""1"", ""3"": ""1"", ""4"": ""1""}",0,0,"1-c,1+c",----,1,0,0.8702767144068896,1.8326993538869727,1.9211384869645651,2.8314228330710405,3.253474195274442,0.6086500371107146,1.7860991410839415,1.9188893841727344,0.7014173699802582,3.3638871908689256,5.526800272349327,0.4303805686104301,1.262962814531923,1.3568596958954184,2.3786274438099833,0.7369958758632595,0.3171887041175716,0.9307983856786819,1.7530386163031249,0.3566101910967936,True,True,true,
6,678,2351150145,gaussian,identified_unknot,false,0_1,0_1,1,"{""2"": ""1"", ""3"": ""1"", ""4"": ""1""}",0,0,"1-a,1+a",----,1,0,0.5188476455697456,1.3019741038043582,1.4357207430958656,2.1535217479202626,4.150585950053767,0.5188476455697456,1.254218593626391,1.4008753991952603,0.6240092975848336,2.436233697046125,4.69547027503787,0.36688068858504147,0.8868664726434757,0.9905684943683802,1.722677367736488,1.009521305881663,0.3703738718431348,0.8953105996057059,1.739079505890125,0.3060721058904786,True,True,true,
6,679,302387992,gaussian,identified_unknot,false,0_1,0_1,1,"{""2"": ""1"", ""3"": ""1"", ""4"": ""1""}",0,0,"1-a,2-c,2+c,1+a",----,2,0,0.8401771622234191,1.2976358842824938,1.3418137190907755,1.805828818435245,2.1493429000811624,0.8401771622234191,1.354054877682467,1.3919873636565123,0.32274480445659687,1.9966688830300077,2.376485547103047,0.5940949688062496,0.9574613861079935,0.9842837041675045,1.4118581069746878,1.0159672417271077,0.6035810267820375,0.9727494035043514,1.4344015866531292,0.4715966059664211,True,True,true,
6,680,927258352,gaussian,identified_unknot,false,0_1,0_1,1,"{""2"": ""1"", ""3"": ""1"", ""4"": ""1""}",0,0,"1+c,2+a,3+a,4+c,2-a,1-c,4-c,3-a",----,4,0,0.8050615826814556,1.4609673333038924,1.5547559662866828,2.227044125269928,2.7663028185399305,0.2559464669686032,1.4512165381939266,1.5471874752469905,0.5364323282890328,2.227044125269928,8.701210654113535,0.180981482414238,1.0261650551269919,1.0940267555140406,1.574758002980029,0.9140544277915205,0.16542692534900744,0.9379707122837566,1.4394145253240278,0.06744470063152713,True,True,true,
6,681,1457346930,gaussian,identified_unknot,false,0_1,0_1,1,"{""2"": ""1"", ""3"": ""1"", ""4"": ""1""}",0,0,"1+a,2-a,2+a,1-a,3-c,3+c",----,3,0,0.8199852179930047,1.2502444290675203,1.3122088706360642,1.7995874434744923,2.194658396256412,0.29248185893002004,1.108763329812759,1.1965304901174239,0.44981006240764054,1.9093673593015372,6.52815653690979,0.20681590582346432,0.7840140692415783,0.8460748234584936,1.350126607538368,1.1819285626681428,0.24444162630683716,0.9266486219703005,1.595753200667839,0.03197565228958426,True,True,true,
6,682,4127503594,gaussian,identified_unknot,false,0_1,0_1,1,"{""2"": ""1"", ""3"": ""1"", ""4"": ""1""}",0,0,"1-a,2-c,2+c,1+a",----,2,0,0.7715854275433254,1.2043085952754595,1.224187226083318,1.5097521678179522,1.956688286123934,0.49196700353869643,1.1624933890335774,1.195326254663195,0.27823367075242506,1.5097521678179522,3.0688077797054945,0.34787320432223845,0.8220069584701738,0.8452233004026632,1.0675559957751644,1.183119300572525,0.4115755021856498,0.9725322977709807,1.2630461030435178,0.16880854332293893,True,True,true,
6,683,3115518612,gaussian,identified_unknot,false,0_1,0_1,1,"{""2"": ""1"", ""3"": ""1"", ""4"": ""1""}",0,0,"1-a,2-c,2+c,1+a",----,2,0,0.3210877213390927,1.4331249393839887,1.6726819592464093,2.739902582155957,8.533190153548148,0.3210877213390927,1.3270049904769887,1.4518547676480982,0.589016147140026,2.739902582155957,8.533190153548148,0.22704330511460893,0.9383342274346685,1.0266163515019895,1.9374036956330087,0.9740737117005311,0.22115691492974332,0.9140067037329378,1.8871740088675708,0.10815261150168042,True,True,true,
6,684,2213719044,gaussian,identified_unknot,false,0_1,0_1,1,"{""2"": ""1"", ""3"": ""1"", ""4"": ""1""}",0,0,"1+a,2+c,3+c,3-c,4+a,1-a,2-c,4-a",----,4,0,0.6234485524966852,1.429354395176501,1.542044755999702,2.3758770725806597,3.8108630825528977,0.6234485524966852,1.2735236308710671,1.3500422364369524,0.44805312383317064,2.3758770725806597,3.8108630825528977,0.44084469919134334,0.9005171953902451,0.9546240202728213,1.6799987892874275,1.047532828384321,0.4617992946221431,0.9433213246958595,1.7598538834244941,0.03886158625366311,True,True,true,
6,685,4126594392,gaussian,identified_unknot,false,0_1,0_1,1,"{""2"": ""1"", ""3"": ""1"", ""4"": ""1""}",0,0,----,----,0,0,0.7813338432076508,1.617066370194174,1.7191591731038076,2.372039425737484,3.0358846559102397,0.43013784662773424,1.5973937381098233,1.7340955611165052,0.6748486204560923,3.313976447697669,7.7044521277984,0.30415338819545,1.129527944442384,1.2261907304909718,2.3433352188595276,0.8155338114483999,0.24804737193998008,0.921168229668574,1.9110691025377808,0.22672500242192278,True,True,true,
6,686,683792909,gaussian,identified_unknot,false,0_1,0_1,1,"{""2"": ""1"", ""3"": ""1"", ""4"": ""1""}",0,0,----,----,0,0,0.5180480885302993,1.2887905000094293,1.3645285498953341,1.8789377343920752,3.6269562150545047,0.5180480885302993,1.4985788294671412,1.5938152037555215,0.5426862773234158,2.4371740968013103,4.704532553561901,0.3663153163805035,1.0596552524588143,1.126997538533748,1.7233423307804057,0.8873133842874448,0.3250364830939106,0.9402462882371972,1.5291447158105747,0.5178350779558384,True,True,true,
6,687,1043972070,gaussian,identified_unknot,false,0_1,0_1,1,"{""2"": ""1"", ""3"": ""1"", ""4"": ""1""}",0,0,"1-a,2-c,3-a,1+a,2+c,3+a",----,3,0,0.7281307090360856,1.2646254028391732,1.3181056381941583,1.8749248727633023,2.5749839273299795,0.46257424475731124,1.1462242311062807,1.2207517259857623,0.42000570058278136,1.8749248727633023,4.053240953237633,0.32708938527014053,0.8105029265755874,0.8632018235897146,1.3257720917462559,1.1584776267517554,0.378925734783443,0.9389495068546386,1.535877306459913,0.15912041832581858,True,True,true,
6,688,2482629306,gaussian,identified_unknot,false,0_1,0_1,1,"{""2"": ""1"", ""3"": ""1"", ""4"": ""1""}",0,0,"1+a,2+c,2-c,1-a",----,2,0,0.9805305316319388,1.2605599397668368,1.3128735477542806,2.058683597697802,2.0995609328670746,0.34286970445338805,1.2062104364104291,1.30543466163712,0.4992154233376447,2.221893278557158,6.480284637860784,0.24244549308241806,0.8529195791237992,0.9230817016395736,1.5711158043405768,1.0833277251881437,0.26264792450309377,0.9239914274206142,1.7020333103234175,0.16514022534685874,True,True,true,
6,689,1578325124,gaussian,identified_unknot,false,0_1,0_1,1,"{""2"": ""1"", ""3"": ""1"", ""4"": ""1""}",0,0,"1+c,2+a,3-a,1-c,2-a,3+a",----,3,0,0.7098533113993238,1.3687473069850429,1.4528722530152836,1.9975880253091696,2.814085661404259,0.7098533113993238,1.32478787749154,1.398078642567481,0.4467224758782468,2.240581693534099,3.156400988138341,0.5019420901381878,0.9367664918080011,0.9885908887915491,1.5843305093004003,1.0115407812653396,0.50773489400834,0.9475775089866566,1.6026149211602403,0.09279446106620337,True,True,true,
6,690,3767035734,gaussian,identified_unknot,false,0_1,0_1,1,"{""2"": ""1"", ""3"": ""1"", ""4"": ""1""}",0,0,"1-c,1+c",----,1,0,0.3339577982048857,0.9285267537458566,0.9690752351808758,1.2124410908876535,3.630521872538552,0.3339577982048857,1.20639291969172,1.2821049340320168,0.4340612689320813,2.0503132147740173,6.139438054134415,0.23614382374080328,0.8530486142894532,0.9065850930467702,1.4497903777230978,1.1030404180144737,0.26047618205059186,0.9409471000925063,1.5991773842770476,0.3339577982048857,True,True,true,
6,691,1705483647,gaussian,identified_unknot,false,0_1,0_1,1,"{""2"": ""1"", ""3"": ""1"", ""4"": ""1""}",0,0,"1+c,2+c,3+a,1-c,4+c,3-a,2-c,4-c",----,4,0,0.474118682480617,1.2471297443829583,1.347571830502009,1.8639542058441025,3.9314084737006856,0.474118682480617,1.2974777960142447,1.372008696357997,0.4460484634341746,1.9566719634002363,4.126966592336781,0.3352525354692758,0.9174553480006484,0.9701566530416544,1.3835760138779032,1.0307613691714428,0.34556536247850844,0.9456775306588109,1.4261367064175545,0.04208979147962613,True,True,true,
6,692,1772058130,gaussian,identified_unknot,false,0_1,0_1,1,"{""2"": ""1"", ""3"": ""1"", ""4"": ""1""}",0,0,"1+a,2+c,3-c,1-a,2-c,3+c",----,3,0,0.751319596587335,1.4953287506206905,1.5558622116979741,2.196002983969138,2.9228613148703753,0.751319596587335,1.5134090434165173,1.5626545874511808,0.3892074343936939,2.196002983969138,2.9228613148703753,0.5312631815852459,1.0701417973088654,1.1049636554389968,1.5528086014704707,0.9050071421604404,0.48079697370152646,0.9684859696889337,1.4053028747389409,0.10794150231981264,True,True,true,
6,693,1806494337,gaussian,identified_unknot,false,0_1,0_1,1,"{""2"": ""1"", ""3"": ""1"", ""4"": ""1""}",0,0,"1-a,1+a",----,1,0,0.8220144033566439,1.2433486884259868,1.2894643796915182,1.886571425110959,2.29505884253033,0.40011886186872236,1.059909090482098,1.1251050694930005,0.3774309702611351,1.886571425110959,4.715027470336894,0.28292676050801707,0.7494689053211574,0.7955694241858624,1.334007447888728,1.2569613280743406,0.35562799663592803,0.9420534305829041,1.6767957733592773,0.05930220611592358,True,True,true,
6,694,239811067,gaussian,identified_unknot,false,0_1,0_1,1,"{""2"": ""1"", ""3"": ""1"", ""4"": ""1""}",0,0,"1-c,2-a,3-c,1+c,2+a,3+c",----,3,0,0.3236863255854086,1.354991380688791,1.465310322826024,1.9739215435353568,6.098254351540449,0.3236863255854086,1.3200024862744186,1.4608067433345322,0.6257393847289743,2.466946957896916,7.621412345533212,0.22888079579879908,0.933382709227744,1.032946354214884,1.7443949227564335,0.9681044866653064,0.2215805253243432,0.9036119885791979,1.6887565512366838,0.02500396664158746,True,True,true,
6,695,973565535,gaussian,identified_unknot,false,0_1,0_1,1,"{""2"": ""1"", ""3"": ""1"", ""4"": ""1""}",0,0,----,----,0,0,0.14022019694331,0.8940552382771858,0.9860990115224345,1.3964233256874794,9.95878879168914,0.14022019694331,0.9246111577548476,0.9781467559099036,0.3191634112054657,1.3964233256874794,9.95878879168914,0.0991506521179277,0.6537988196091974,0.6916542040995155,0.9874204030006875,1.4458091833648705,0.1433529233687154,0.9452683374640898,1.4276214865002352,0.13128713504991643,True,True,true,
6,696,724586986,gaussian,identified_unknot,false,0_1,0_1,1,"{""2"": ""1"", ""3"": ""1"", ""4"": ""1""}",0,0,"1+c,1-c",----,1,0,0.9048170886846147,1.5697774592140579,1.6770421935672868,2.5939866436771744,2.8668630114493125,0.6363442104499599,1.5514621493076985,1.6423151026116398,0.5386688180429776,2.5939866436771744,4.076389163410417,0.4499633063779661,1.0970494065297294,1.161292145901771,1.8342255460514625,0.8611097590981089,0.38746779435811896,0.9446799501755386,1.579469518091972,0.06283408714072374,True,True,true,
6,697,3360459600,gaussian,identified_unknot,false,0_1,0_1,1,"{""2"": ""1"", ""3"": ""1"", ""4"": ""1""}",0,0,----,----,0,0,1.1752225695335823,1.6141636971520985,1.645967992819966,2.0910289786789016,1.7792621013981895,0.3157493399165495,1.5386468346399218,1.6085025361726533,0.4688777315318007,2.5178195595302686,7.974108703428206,0.22326849941016838,1.0879876106251052,1.137383050883443,1.780367284347979,0.8792112729508911,0.1963001815762494,0.9565709720924969,1.5653189863917076,0.23791383662316312,True,True,true,
6,698,3596181354,gaussian,identified_unknot,false,0_1,0_1,1,"{""2"": ""1"", ""3"": ""1"", ""4"": ""1""}",0,0,"1+a,2+c,3+c,4-c,5-a,6+a,2-c,1-a,6-a,3-c,4+c,5+a",----,6,0,0.962320380935092,1.4534129441154429,1.5487989739929964,2.524975528810763,2.6238408526246015,0.44755628951088805,1.4812837861071408,1.586953033964543,0.5694016833706789,2.524975528810763,5.641693766766596,0.3164700872758386,1.0474258100180427,1.1221452517408939,1.7854273187521792,0.8911502307286887,0.28202239129459183,0.9334137522687621,1.5910839670553087,0.14866674812449518,True,True,true,
6,699,1858873414,gaussian,identified_unknot,false,0_1,0_1,1,"{""2"": ""1"", ""3"": ""1"", ""4"": ""1""}",0,0,----,----,0,0,0.6207577880563816,1.2425160264812114,1.2930719402018007,1.782334738211628,2.8712241271949113,0.6207577880563816,1.4716041693440765,1.5198028457298927,0.37971286343474053,2.0301200004846014,3.270389900126733,0.43894204140902904,1.0405812873655929,1.0746628982822193,1.4355116189650987,0.930524354752022,0.40844625985567207,0.9682862309928966,1.3357785229765289,0.6203624065984898,True,True,true,
6,700,2069028382,gaussian,identified_unknot,false,0_1,0_1,1,"{""2"": ""1"", ""3"": ""1"", ""4"": ""1""}",0,0,"1-c,2-a,2+a,1+c",----,2,0,0.77024633036822,1.4324671795725106,1.4799088026368505,1.8584884543559357,2.4128494756573216,0.3624660605426005,1.3682519009749223,1.4353507477111305,0.43372630129312234,1.9457484311846254,5.368084471886554,0.2563022093596465,0.967500197550752,1.0149462470877217,1.375851910173735,0.9852738535359796,0.25252786548556433,0.9532526479376512,1.3555909134317143,0.28796405561491895,True,True,true,
6,701,2747605503,gaussian,identified_unknot,false,0_1,0_1,1,"{""2"": ""1"", ""3"": ""1"", ""4"": ""1""}",0,0,"1-c,1+c",----,1,0,0.1895013164903353,0.8153942914015709,0.9139344581118517,1.5111495252909741,7.97434842817065,0.1895013164903353,0.9130189799155353,0.9610644577040607,0.3000687157569012,1.5111495252909741,7.97434842817065,0.1339976659340942,0.6456019120502992,0.6795751951999132,1.06854407672008,1.4715075050757647,0.19717857108465475,0.9500080588732788,1.5723706283978514,0.17545631033143724,True,True,true,
6,702,844530940,gaussian,identified_unknot,false,0_1,0_1,1,"{""2"": ""1"", ""3"": ""1"", ""4"": ""1""}",0,0,"1+a,1-a",----,1,0,0.804815845982021,1.1335069005877048,1.1692538179278646,1.5221804482635068,1.8913400573098447,0.051362555547463155,1.147639035660988,1.2356128964276112,0.45789067870546074,1.897371723830632,36.940757787593085,0.03631881132668192,0.8115033444702746,0.873710257985515,1.341644412352249,1.1445441905485545,0.04156848451158283,0.9288014385241753,1.535571317939696,0.04754087109185585,True,True,true,
6,703,1064530905,gaussian,identified_unknot,false,0_1,0_1,1,"{""2"": ""1"", ""3"": ""1"", ""4"": ""1""}",0,0,"1+c,1-c,2-a,2+a",----,2,0,0.5870216788704368,1.0170582458800812,1.090821421939105,1.5710761700703566,2.6763511921628935,0.34236564725831525,1.0258363430159252,1.097726731946838,0.39072212041091053,1.7766112648039767,5.189221754668399,0.24208907082167622,0.7253758345341699,0.7762100160493567,1.256253872875301,1.2883111262718019,0.3118860434883677,0.9345097583590646,1.6184458418472918,0.0805978035078936,True,True,true,
6,704,2185680379,gaussian,identified_unknot,false,0_1,0_1,1,"{""2"": ""1"", ""3"": ""1"", ""4"": ""1""}",0,0,"1-a,1+a",----,1,0,0.6009302836811564,1.0886593916640783,1.1535377320938438,1.7314328873085167,2.881254172617445,0.48481565170169993,1.0475414817579112,1.1191638581493581,0.39393474762223835,1.7314328873085167,3.57132217417321,0.34281643494364733,0.740723685325223,0.7913683533563105,1.2243079357852555,1.2636340532937056,0.433194521223539,0.9360036728581629,1.5470771993759722,0.10701529305349101,True,True,true,
6,705,3997584411,gaussian,identified_unknot,false,0_1,0_1,1,"{""2"": ""1"", ""3"": ""1"", ""4"": ""1""}",0,0,"1+c,1-c",----,1,0,0.8091438136689686,1.4587788297268751,1.57495708883313,2.155461924944984,2.663879879611626,0.6640054134837137,1.4507279151122787,1.545352718318957,0.5324505050516627,2.155461924944984,3.246151132467916,0.4695227306189113,1.0258195464325144,1.0927293864483991,1.5241417437180071,0.9151396607445608,0.4296788724104503,0.9387681517073906,1.3948025582727204,0.1313288568086686,True,True,true,
6,706,1465575301,gaussian,identified_unknot,false,0_1,0_1,1,"{""2"": ""1"", ""3"": ""1"", ""4"": ""1""}",0,0,"1-a,2-c,3+a,3-a,4-a,5-c,6+c,1+a,2+c,4+a,5+c,6-c",----,6,0,0.3820371433154165,1.3546784631651863,1.486820424990389,2.251621368726465,5.893723707559731,0.3820371433154165,1.3194953091276773,1.4066121071036835,0.4873291998646493,2.251621368726465,5.893723707559731,0.2701410547034679,0.9330240808280204,0.9946249594321128,1.592136738491019,1.0054040877588233,0.2716009206703465,0.9380662248419103,1.6007407851498712,0.23155252275520447,True,True,true,
6,707,3080248378,gaussian,identified_unknot,false,0_1,0_1,1,"{""2"": ""1"", ""3"": ""1"", ""4"": ""1""}",0,0,"1-c,2-a,3+a,4+c,5+a,1+c,6-a,6+a,2+a,3-a,4-c,5-a",----,6,0,0.7579412685095757,1.318780331182734,1.4047882070455728,2.2613583975582223,2.9835535964481563,0.6245897023499888,1.3121360189820839,1.384326615787917,0.44120204767053856,2.2613583975582223,3.620550241302362,0.44165161399096436,0.9278202768613519,0.9788667374006604,1.5990218576065636,1.0215895195861473,0.4511866601614758,0.9478514709010747,1.633543971320038,0.0382582187366473,True,True,true,
6,708,4283249641,gaussian,identified_unknot,false,0_1,0_1,1,"{""2"": ""1"", ""3"": ""1"", ""4"": ""1""}",0,0,"1+c,2+a,2-a,1-c",----,2,0,0.4673267563558427,1.1191517235737496,1.1858501553973757,1.7658739509432368,3.778670762858321,0.3347645412933165,1.1189157781348895,1.2152870602294954,0.4742890681873703,2.1069733673260544,6.293896477763308,0.2367142772493081,0.7911929342958028,0.8593377213765403,1.4898551558157076,1.163686842930784,0.2754612899688897,0.9207008078598261,1.733724842695332,0.24948062571646262,True,True,true,
6,709,2311108681,gaussian,identified_unknot,false,0_1,0_1,1,"{""2"": ""1"", ""3"": ""1"", ""4"": ""1""}",0,0,"1-a,2-c,2+c,1+a",----,2,0,0.5003551023917664,1.1050168886430467,1.1712298386555864,1.6735969103788702,3.344818314790528,0.5003551023917664,1.1592632383850978,1.226856550630575,0.401603959086621,1.7628789213172054,3.5232556096468306,0.3538044859025073,0.8197228970423798,0.8675185864940165,1.246543639674222,1.152713054876891,0.40783504977382706,0.9449052848022568,1.4369071269262308,0.33938690609085526,True,True,true,
6,710,2582139765,gaussian,identified_unknot,false,0_1,0_1,1,"{""2"": ""1"", ""3"": ""1"", ""4"": ""1""}",0,0,----,----,0,0,0.2139339101516385,0.8310139603517522,0.9200050684146547,1.4020660718230382,6.553734612849546,0.2139339101516385,0.9798485035837242,1.0287515515668733,0.3134113349513467,1.4429199055844881,6.744699353934736,0.15127411859397716,0.6928575214195425,0.7274371982691182,1.0202984499478445,1.3746891173278246,0.20795488456449915,0.9524636945541753,1.40259317556975,0.1887264453042694,True,True,true,
6,711,1366191823,gaussian,identified_unknot,false,0_1,0_1,1,"{""2"": ""1"", ""3"": ""1"", ""4"": ""1""}",0,0,"1+c,2+a,3+c,3-c,2-a,1-c",----,3,0,1.1912272472873189,1.6399768594382091,1.6846400714113827,2.3024864218533954,1.9328691709299406,0.6652664778590409,1.4500915475671616,1.5286414987063828,0.4837141048610951,2.3024864218533954,3.4609987102660758,0.47041443779021797,1.025369566626035,1.0809127697384502,1.6281037624824855,0.9251440338168743,0.4352011105429393,0.9486145370214702,1.5062304822954768,0.13248603681710858,True,True,true,
6,712,1438647414,gaussian,identified_unknot,false,0_1,0_1,1,"{""2"": ""1"", ""3"": ""1"", ""4"": ""1""}",0,0,"1+a,1-a",----,1,0,0.5751154564312695,1.1639606619985494,1.205442404752614,1.54237509029299,2.6818529619492413,0.5751154564312695,1.2230659623722862,1.2620220226955403,0.31114182852020433,1.616602987923836,2.810919042161114,0.4066680392077471,0.8648382358318942,0.8923843302547795,1.1431109352473787,1.1205934103689335,0.45570952494385647,0.9691320281083143,1.2809625813588812,0.031046218562176212,True,True,true,
6,713,109768506,gaussian,identified_unknot,false,0_1,0_1,1,"{""2"": ""1"", ""3"": ""1"", ""4"": ""1""}",0,0,"1+a,1-a",----,1,0,0.40599152316646275,1.281523254948805,1.3632640211227187,1.999940697561225,4.926065160087638,0.3399092673897797,1.236574650623994,1.3666634466460497,0.5819382354104313,2.286787517030104,6.727640980755626,0.24035214795946463,0.874390320899612,0.966376990723201,1.617002960424734,1.0347928495810281,0.2487146840898953,0.9048128518097792,1.673263101198869,0.07593034565188488,True,True,true,
6,714,4277198714,gaussian,identified_unknot,false,0_1,0_1,1,"{""2"": ""1"", ""3"": ""1"", ""4"": ""1""}",0,0,----,----,0,0,0.36727733847244465,0.9484800540668862,1.0082958553483041,1.5175508303176046,4.131893453130815,0.36727733847244465,1.2267556961304256,1.3117053219642683,0.4643719561740774,1.9593247927590027,5.334728248979628,0.25970429661001243,0.8674472715930476,0.9275157280794176,1.3854518475068176,1.078148833196256,0.2799998843661393,0.9352372637273201,1.4937232928390727,0.35395172052763596,True,True,true,
6,715,1153985032,gaussian,identified_unknot,false,0_1,0_1,1,"{""2"": ""1"", ""3"": ""1"", ""4"": ""1""}",0,0,"1+c,1-c",----,1,0,0.9656205297971305,1.1510151993865845,1.159910919375098,1.4034864671247436,1.453455497077724,0.6405119425500095,1.2442124164207702,1.3112806006457214,0.4139955029395754,2.201515937398533,3.4371192653080693,0.45291033800808006,0.879791036887627,0.9272154047549587,1.5567068482247615,1.0784980435741105,0.4884629134562035,0.948852912037344,1.6789052902288253,0.28285685076758105,True,True,true,
6,716,1228423923,gaussian,identified_unknot,false,0_1,0_1,1,"{""2"": ""1"", ""3"": ""1"", ""4"": ""1""}",0,0,"1-a,1+a",----,1,0,0.4946784653364347,1.4367416949977396,1.6951899700538886,2.750406812799389,5.559988973703991,0.24774204126994537,1.385919502812764,1.6562521011228946,0.906861706213921,2.908568319077515,11.740309816484771,0.17518007736697588,0.9799930786175938,1.1711470920584661,2.0566683819640685,0.8538637091625703,0.14957991063195206,0.8367805250620649,1.7561144931412214,0.06190506410990901,True,True,true,
6,717,401927434,gaussian,identified_unknot,false,0_1,0_1,1,"{""2"": ""1"", ""3"": ""1"", ""4"": ""1""}",0,0,"1-c,2-a,3+a,1+c,4+c,4-c,2+a,3-a",----,4,0,0.5508446330060122,0.9825309474979681,1.0365190761219214,1.3272314153441773,2.409447847574275,0.5508446330060122,0.9372331358057485,0.9729596621111769,0.2612365848100501,1.3272314153441773,2.409447847574275,0.3895059753787663,0.6627239058809772,0.6879863748997851,0.9384943339936869,1.4535171574374042,0.5661536181374279,0.9632805678419317,1.3641176166176137,0.021918378914937333,True,True,true,
6,718,4187830166,gaussian,identified_unknot,false,0_1,0_1,1,"{""2"": ""1"", ""3"": ""1"", ""4"": ""1""}",0,0,"1+a,2+c,3+a,4+c,5-c,3-a,2-c,1-a,4-c,5+c",----,5,0,0.8916937730237227,1.304147668611617,1.327245036135876,1.581809199017846,1.7739376979766837,0.6177470391796118,1.167908764266995,1.2261417644815271,0.3733801614363219,1.9033743161866137,3.0811548991223927,0.43681312046181536,0.8258362070203931,0.8670131563609265,1.3458888861118623,1.1533850353520043,0.5038137163860702,0.9525071228291815,1.552328100488,0.05346516895646359,True,True,true,
6,719,3797341252,gaussian,identified_unknot,false,0_1,0_1,1,"{""2"": ""1"", ""3"": ""1"", ""4"": ""1""}",0,0,"1+a,2+a,3-a,4-c,5-a,6-c,2-a,3+a,4+c,5+a,6+c,1-a",----,6,0,0.24913800767396765,1.1760871643723703,1.2499603893049247,1.4983584451371295,6.014170455669468,0.24913800767396765,1.08038100044089,1.1444650253622517,0.3775938137254921,1.4983584451371295,6.014170455669468,0.17616717467756862,0.7639447316768597,0.8092589802644822,1.0594994172045957,1.2356983665144867,0.2176894899825438,0.9440052570404435,1.3092216991627696,0.011268958810178946,True,True,true,
6,720,2060339923,gaussian,identified_unknot,false,0_1,0_1,1,"{""2"": ""1"", ""3"": ""1"", ""4"": ""1""}",0,0,"1-c,1+c",----,1,0,1.001129477541664,1.557140156923797,1.6210902625759218,2.258136298903825,2.255588662166676,0.18235218134727826,1.3883866894868706,1.4901805495401215,0.5413136527775618,2.258136298903825,12.383379689894396,0.1289424639948195,0.9817376430453076,1.0537167717721156,1.5967434897983872,0.9490216221178902,0.12236918634024127,0.9316902504970519,1.5153440967946463,0.0168945132700832,True,True,true,
6,721,2203087046,gaussian,identified_unknot,false,0_1,0_1,1,"{""2"": ""1"", ""3"": ""1"", ""4"": ""1""}",0,0,"1-a,2-c,2+c,3-c,3+c,1+a",----,3,0,0.32774223302470956,1.3616596637066387,1.4708078401210358,2.2335355486583777,6.814915270593107,0.32774223302470956,1.4809623266116427,1.5511103336013692,0.4611874392933756,2.529900887739793,7.719178771656979,0.23174875545299375,1.0471985038288991,1.096800635258056,1.788910073450674,0.9117427250256098,0.21129524181800619,0.9547756175237022,1.6310257451936814,0.32774223302470956,True,True,true,
6,722,2421815556,gaussian,identified_unknot,false,0_1,0_1,1,"{""2"": ""1"", ""3"": ""1"", ""4"": ""1""}",0,0,"1+c,1-c",----,1,0,0.37141601387136913,1.1594147634353558,1.314185400774479,2.4300697630751267,6.5427167174238265,0.37141601387136913,1.4762969538133197,1.5873927173885507,0.583406327853684,2.613853874820075,7.037536824476608,0.2626307820497219,1.0438995870864416,1.122456154871585,1.848273799916008,0.8909033957895713,0.23397865556696804,0.9300136869986421,1.6466334046940663,0.049799747697547095,True,True,true,
6,723,853097747,gaussian,identified_unknot,false,0_1,0_1,1,"{""2"": ""1"", ""3"": ""1"", ""4"": ""1""}",0,0,"1-c,2+c,3+a,1+c,2-c,4+c,4-c,3-a",----,4,0,0.641687815911862,1.5611998216490248,1.6536892597223085,2.228141584366115,3.4723139961756075,0.641687815911862,1.5136443390399752,1.59355467587605,0.4982944108643589,2.228141584366115,3.4723139961756075,0.45374180603606257,1.070308176439796,1.1268133175034856,1.5755340237490176,0.8874584498304944,0.4026769998080529,0.9498540351041646,1.3982209823715046,0.052097064185383325,True,True,true,
6,724,3736294408,gaussian,identified_unknot,false,0_1,0_1,1,"{""2"": ""1"", ""3"": ""1"", ""4"": ""1""}",0,0,----,----,0,0,0.46675427577571293,1.3231504181898972,1.4169341763263028,1.9417350199631245,4.160079769459202,0.4107363600011142,1.530534484589583,1.6951713814332665,0.7287456373196819,2.9544628055041886,7.193088056524078,0.29043446543666684,1.0822513128931515,1.1986671790848302,2.0891206845354433,0.8342599325723505,0.24229783755188034,0.9028789073205784,1.7428696814160418,0.18246299100480678,True,True,true,
6,725,2083232299,gaussian,identified_unknot,false,0_1,0_1,1,"{""2"": ""1"", ""3"": ""1"", ""4"": ""1""}",0,0,"1-a,1+a",----,1,0,0.9039610352159577,1.343650119811328,1.4095701064264707,2.1697958078630797,2.400320061743272,0.3663842857423703,1.1654190954379016,1.257245121903602,0.4716605013556965,2.1697958078630797,5.922185782249435,0.2590728129686197,0.8240757453084323,0.8890065513117446,1.5342773295301266,1.1248511032055757,0.29141833947832363,0.9269625112351468,1.7258335467452675,0.0864650478002793,True,True,true,
6,726,3604821251,gaussian,identified_unknot,false,0_1,0_1,1,"{""2"": ""1"", ""3"": ""1"", ""4"": ""1""}",0,0,----,----,0,0,0.6619648536183095,1.1614348554307028,1.216072652923291,1.807735582923487,2.7308633880520667,0.6214619762288354,1.2961781727461612,1.3702136010367385,0.44430558961427513,2.18059977878597,3.5088225220444174,0.43943997764100245,0.9165363755747987,0.9688873289671163,1.5419168906334446,1.0321117534543995,0.4535511658610171,0.9459679656992457,1.59143054567264,0.24427341836044572,True,True,true,
6,727,913003985,gaussian,identified_unknot,false,0_1,0_1,1,"{""2"": ""1"", ""3"": ""1"", ""4"": ""1""}",0,0,"1+c,2-c,3-c,4+c,5+a,6-a,2+c,1-c,4-c,5-a,6+a,3+c",----,6,0,0.46598199068081225,1.508365055887021,1.629771403570573,2.410255023269337,5.172420976501451,0.46598199068081225,1.3064178650913971,1.4066471904536464,0.5214678131785063,2.410255023269337,5.172420976501451,0.3294990255212089,0.923776931469379,0.9946497671067783,1.704307671342688,1.0053790118594048,0.3312714046871499,0.9287459385391974,1.713475162518915,0.008429065290029878,True,True,true,
6,728,582338489,gaussian,identified_unknot,false,0_1,0_1,1,"{""2"": ""1"", ""3"": ""1"", ""4"": ""1""}",0,0,"1-a,2-c,2+c,1+a",----,2,0,0.9215018210438186,1.3894719417003056,1.4347968562154958,1.8304015872888992,1.986324438529635,0.6243592962618747,1.2883631372105986,1.3585158917699753,0.4309128158554076,1.991932531832492,3.1903625744959148,0.4414886922836322,0.9110103109523886,0.9606157994202393,1.4085090009248435,1.040998909869617,0.459589247387024,0.9483607405814174,1.4662563345043056,0.21102209779401335,True,True,true,
6,729,2343553492,gaussian,identified_unknot,false,0_1,0_1,1,"{""2"": ""1"", ""3"": ""1"", ""4"": ""1""}",0,0,"1-c,2-a,3+a,1+c,2+a,3-a",----,3,0,0.8380791109374689,1.5599539040344934,1.6305997264699332,2.303339989623972,2.7483562823173977,0.5992234092777383,1.4786294574147452,1.6167411828335265,0.6538401791992652,3.0909976270662463,5.15833924244034,0.4237149361460107,1.0455489162001517,1.1432086538051465,2.1856653827300696,0.8747309571804943,0.37063657166667197,0.914574004246787,1.9118691723117451,0.0013622307479185577,True,True,true,
6,730,1888387787,gaussian,identified_unknot,false,0_1,0_1,1,"{""2"": ""1"", ""3"": ""1"", ""4"": ""1""}",0,0,"1+a,2+c,3+a,3-a,2-c,1-a",----,3,0,0.6663573750014413,1.7764658196909557,1.9270990569777293,2.7916208738875827,4.189374918948777,0.6310728914877898,1.4879402157029349,1.619565458164386,0.6395515520840535,2.7916208738875827,4.423610824585064,0.4462359209940184,1.0521326165237195,1.1452057180435349,1.9739740504278254,0.8732055597036279,0.3896556871514457,0.9187280502940368,1.7236851155442667,0.06897102646358325,True,True,true,
6,731,4227687049,gaussian,identified_unknot,false,0_1,0_1,1,"{""2"": ""1"", ""3"": ""1"", ""4"": ""1""}",0,0,----,----,0,0,0.3939982243646148,1.0063699966774275,1.152524512172683,2.0218593020351845,5.1316457207282,0.3939982243646148,1.0055409422290855,1.1047471192633305,0.4575517577517004,2.0218593020351845,5.1316457207282,0.27859881622367794,0.7110248190108968,0.7811741795274045,1.4296704230741788,1.2801242363194607,0.35664109685784146,0.9102001034405067,1.8301557585263535,0.19928296121443922,True,True,true,
6,732,3173150357,gaussian,identified_unknot,false,0_1,0_1,1,"{""2"": ""1"", ""3"": ""1"", ""4"": ""1""}",0,0,----,----,0,0,0.23080668130825233,0.7284239353969646,0.776194363581293,1.0910564114606087,4.727143968607458,0.23080668130825233,0.8669196759006189,0.9283634295667055,0.33212788635286455,1.3798757832047348,5.978491503726666,0.16320496949622756,0.6130047815733716,0.6564520764522171,0.9757195234991662,1.5233404476446797,0.2486167312902196,0.9338149783703088,1.4863530157028735,0.1585889673681379,True,True,true,
6,733,4237775774,gaussian,identified_unknot,false,0_1,0_1,1,"{""2"": ""1"", ""3"": ""1"", ""4"": ""1""}",0,0,"1-c,2-a,3-c,3+c,2+a,1+c",----,3,0,0.6605863885305486,1.0416500802222635,1.085318299343823,1.6480006777648686,2.4947542159183578,0.4022984334765768,1.2434599791703613,1.3375878483461898,0.49289809519314914,2.082856931059427,5.177392596485708,0.2844679503720126,0.8792589834054456,0.9458174379983141,1.472802260193522,1.0572864908436828,0.3007641210063201,0.9296286451075273,1.5571739333866534,0.15995567648102624,True,True,true,
6,734,1069782361,gaussian,identified_unknot,false,0_1,0_1,1,"{""2"": ""1"", ""3"": ""1"", ""4"": ""1""}",0,0,"1+a,2+c,2-c,1-a,3-c,3+c",----,3,0,1.1412301853255544,1.5791132412573041,1.6113600292732781,2.170957116245423,1.902295561544512,0.551827591186478,1.5695598573615877,1.6671161274546051,0.5619235148828636,2.5900072898305604,4.693508137680859,0.39020103177379645,1.1098464186185688,1.178829118748608,1.8314117179617808,0.8482993710416274,0.3310072898335056,0.9414820188669346,1.5535854084652452,0.024552525793781674,True,True,true,
6,735,538653645,gaussian,identified_unknot,false,0_1,0_1,1,"{""2"": ""1"", ""3"": ""1"", ""4"": ""1""}",0,0,"1+a,2-a,3-c,1-a,2+a,3+c",----,3,0,1.080058233092421,1.723598773506363,1.7832087536662458,2.6073882958536116,2.414118253965012,0.4243169453598738,1.6300880954028891,1.7458858429876354,0.6252440947105607,2.775740822268746,6.541668563141099,0.3000373894363285,1.1526463461908467,1.2345277187541488,1.9627451582425535,0.8100263645835124,0.24303819580423672,0.93367392945544,1.5898753251351063,0.24470909181499093,True,True,true,
6,736,140433663,gaussian,identified_unknot,false,0_1,0_1,1,"{""2"": ""1"", ""3"": ""1"", ""4"": ""1""}",0,0,----,----,0,0,0.15012352890042255,0.9069252969273199,1.0248011693439851,1.6120777069806227,10.738341409826033,0.15012352890042255,1.0261258192535891,1.1102160744774103,0.4238461219466112,1.795806332087054,11.96219103854279,0.10615336530114343,0.7255805251448144,0.7850413148452858,1.269826835116497,1.2738183087817203,0.13522010025939066,0.9242577574249198,1.6175286715537405,0.1020455594345051,True,True,true,
6,737,2735948223,gaussian,identified_unknot,false,0_1,0_1,1,"{""2"": ""1"", ""3"": ""1"", ""4"": ""1""}",0,0,"1-c,2-a,3-c,1+c,4+a,5+c,2+a,3+c,5-c,4-a",----,5,0,0.709894061231874,1.2040712793904194,1.2857111658080664,2.0744583540283426,2.922208350959508,0.3900826360611757,1.013289128115122,1.0933286023815263,0.4106246164433362,2.0744583540283426,5.317997168433332,0.27583007718198144,0.716503613792807,0.7731000688091877,1.4668635694225247,1.293493611428994,0.3567844426748593,0.9267928470067834,1.8973786558859664,0.05284183875582775,True,True,true,
6,738,2530969291,gaussian,identified_unknot,false,0_1,0_1,1,"{""2"": ""1"", ""3"": ""1"", ""4"": ""1""}",0,0,"1+c,2+a,3+c,4+a,5+c,1-c,2-a,3-c,4-a,5-c",----,5,0,0.39619774865323976,1.0490213389818308,1.1179509673981958,1.5401917462116246,3.8874318479775902,0.17782048982188217,0.9760484796636982,1.0793191001166749,0.4607158399956002,1.8225812009288878,10.249556745426338,0.12573807418696634,0.690170498737021,0.7631938547566629,1.2887595264399379,1.310283087013116,0.16475247200078244,0.9043187316505258,1.6886398107212834,0.11887496703330391,True,True,true,
6,739,3722797326,gaussian,identified_unknot,false,0_1,0_1,1,"{""2"": ""1"", ""3"": ""1"", ""4"": ""1""}",0,0,"1+c,1-c",----,1,0,0.6924069174101447,1.3067994832905854,1.3926045375778269,2.080719750088131,3.0050533837397007,0.6924069174101447,1.4332274820237456,1.5134253697327327,0.4861227566392406,2.4437840411846343,3.529404429299004,0.48960562664118706,1.013444871521911,1.070153341757773,1.72801626727712,0.9344455238138646,0.45750978624893945,0.9470090238257668,1.6147370660346474,0.4068646523264791,True,True,true,
6,740,3246782170,gaussian,identified_unknot,false,0_1,0_1,1,"{""2"": ""1"", ""3"": ""1"", ""4"": ""1""}",0,0,"1+c,2+a,3-a,1-c,2-a,3+a",----,3,0,0.5365217063266648,0.9740385651698252,1.0056232575817596,1.2082153307262158,2.2519411917149643,0.3046625164520456,0.9086574867615841,1.00665765614224,0.43324497506827464,1.9651839139876004,6.45036329665098,0.21542893135659955,0.6425178706650416,0.7118144549915336,1.3895948718593532,1.404860484340535,0.3026475928465963,0.9026479669799397,1.9521869247174546,0.1548505423543527,True,True,true,
6,741,1023856093,gaussian,identified_unknot,false,0_1,0_1,1,"{""2"": ""1"", ""3"": ""1"", ""4"": ""1""}",0,0,"1+a,2-a,2+a,1-a",----,2,0,0.6055056054107605,1.2171656694528734,1.2880320562116525,1.8559044016516546,3.0650490847110383,0.3806463107728796,1.0861392616910546,1.1646820943944496,0.4204591362026185,1.8559044016516546,4.8756663315174436,0.2691575875811451,0.7680164372546947,0.8235546068728659,1.312322587641847,1.2142485654923576,0.32682421461178907,0.9325628572110644,1.5934858195073314,0.08247718217192915,True,True,true,
6,742,2158439456,gaussian,identified_unknot,false,0_1,0_1,1,"{""2"": ""1"", ""3"": ""1"", ""4"": ""1""}",0,0,"1+a,2-a,2+a,3+c,3-c,1-a",----,3,0,0.6832879618274603,1.5225578907183157,1.6408577382946874,2.3005543088114178,3.3668883945482704,0.6832879618274603,1.4557671083997656,1.53704825807512,0.4932134160311798,2.3005543088114178,3.3668883945482704,0.483157551311332,1.029382794177806,1.0868572462958879,1.6267375522484842,0.9200840344103096,0.44454554906633653,0.9471186742196732,1.4967352499995372,0.13097735982268932,True,True,true,
6,743,1775182611,gaussian,identified_unknot,false,0_1,0_1,1,"{""2"": ""1"", ""3"": ""1"", ""4"": ""1""}",0,0,"1+c,2-c,3+c,4+a,5+a,5-a,6-a,1-c,2+c,3-c,4-a,6+a",----,6,0,1.216722595013907,1.6111318412864966,1.6447350388560797,2.026664120795188,1.6656747635824283,0.3517811119705566,1.3675614424136735,1.4350845922415416,0.4350212501849817,2.026664120795188,5.761151044871379,0.24874680976772473,0.9670119696199647,1.0147580467503254,1.4330679430017494,0.9854565856387275,0.2451291818422281,0.9529483138534712,1.4122262420988188,0.011930733365723973,True,True,true,
6,744,1213522291,gaussian,identified_unknot,false,0_1,0_1,1,"{""2"": ""1"", ""3"": ""1"", ""4"": ""1""}",0,0,"1+c,2-c,3+c,3-c,2+c,1-c",----,3,0,0.7509393913434086,1.3558042516891315,1.4245617169712619,1.9464531762707429,2.592024334731722,0.36006398830514486,1.1115489649520656,1.1954724957799074,0.44001521187367165,1.9464531762707429,5.405853513518198,0.25460368779164166,0.7859838107384935,0.8453267084879789,1.3763502402031365,1.1829745706115007,0.3011896882414219,0.9297988610159607,1.6281873344153412,0.019748965587644784,True,True,true,
6,745,2695829451,gaussian,identified_unknot,false,0_1,0_1,1,"{""2"": ""1"", ""3"": ""1"", ""4"": ""1""}",0,0,----,----,0,0,0.7144548573513565,1.301467434120109,1.3577943370435448,1.7702761486389273,2.4777998643633494,0.5021840732845603,1.2465077818201389,1.3099717208508552,0.4027955552023733,2.0691636980256707,4.1203291942179705,0.3550977636233947,0.8814141053268216,0.9262898869762507,1.4631196822589854,1.0795756426364171,0.3833548963624808,0.9515531991870062,1.5795483712287344,0.19574370531049015,True,True,true,
6,746,3075752424,gaussian,identified_unknot,false,0_1,0_1,1,"{""2"": ""1"", ""3"": ""1"", ""4"": ""1""}",0,0,----,----,0,0,0.5834219498322003,1.038220463616238,1.0674577010266753,1.3249759339081404,2.2710423121537002,0.548379999602048,1.1773055351865276,1.2496915882112372,0.4191428664132176,1.920192354081705,3.5015725509230147,0.38776321638568434,0.8324807274588512,0.8836653964159523,1.3577810347537336,1.131650061274197,0.4388122675827394,0.942076866238397,1.5365329911760053,0.4082356071404737,True,True,true,
6,747,931986225,gaussian,identified_unknot,false,0_1,0_1,1,"{""2"": ""1"", ""3"": ""1"", ""4"": ""1""}",0,0,"1-c,1+c",----,1,0,0.5534603963280139,1.21281032449967,1.3527342843244639,2.3626066079571175,4.268790727633012,0.5534603963280139,1.4645710942685197,1.551007202421325,0.5105436825541346,2.3626066079571175,4.268790727633012,0.39135559936173275,1.0356081522870726,1.0967277105012951,1.6706151537626246,0.9118033495687982,0.35683934637053255,0.9442709820961066,1.5232724930411539,0.009082307071944455,True,True,true,
6,748,1284579226,gaussian,identified_unknot,false,0_1,0_1,1,"{""2"": ""1"", ""3"": ""1"", ""4"": ""1""}",0,0,"1+a,2+c,2-c,1-a",----,2,0,1.1259386938573586,1.850121249823892,1.9526783096979536,3.0091419118790865,2.67256283871909,0.6091180133770432,1.753293237558409,1.8600022767997213,0.6209438725296357,3.0091419118790865,4.940162408259681,0.43071147780178537,1.2397655376860672,1.3152202229475007,2.1277846514423544,0.7603289415356844,0.3274824020243019,0.9426296190212661,1.6178162518470405,0.03036040273149162,True,True,true,
6,749,4104548971,gaussian,identified_unknot,false,0_1,0_1,1,"{""2"": ""1"", ""3"": ""1"", ""4"": ""1""}",0,0,"1-c,2+c,3+a,3-a,2-c,1+c",----,3,0,0.8313356786375413,1.5070354264001713,1.579766122305648,2.37313443042403,2.8546043330093935,0.8313356786375413,1.424495940848163,1.5255201584343705,0.5459148910743642,2.581318165575017,3.1050251203045747,0.5878430958069258,1.007270739546447,1.0787056488657196,1.8252675792781135,0.9270369549390233,0.5449522735187811,0.9337771991883163,1.6920904986429046,0.15988818951336742,True,True,true,
6,750,1126082719,gaussian,identified_unknot,false,0_1,0_1,1,"{""2"": ""1"", ""3"": ""1"", ""4"": ""1""}",0,0,"1+c,1-c",----,1,0,1.0964922729999982,1.4614149790411413,1.484437969957555,1.8500576116514746,1.6872509339165016,0.35090414662629704,1.2436098906514519,1.3366071753183737,0.4898501617703572,1.8500576116514746,5.272259189406882,0.2481267016259332,0.8793649868303024,0.9451239974502186,1.308188282784546,1.0580622253776515,0.2625334900979514,0.930422874884859,1.384144605695985,0.11537350659925869,True,True,true,
6,751,3201110237,gaussian,identified_unknot,false,0_1,0_1,1,"{""2"": ""1"", ""3"": ""1"", ""4"": ""1""}",0,0,"1+c,2+a,2-a,1-c",----,2,0,0.7635869688680976,1.4705826184591502,1.524467161387231,2.00438501729326,2.62495969550719,0.7343144482355213,1.3403168496102635,1.4394759276343108,0.5250158939398665,2.3129294633016024,3.149780681640302,0.519238725870595,0.9477471332980073,1.017863189785017,1.635488107906725,0.9824503037694192,0.5101262439604124,0.9311144590052235,1.6067857884242345,0.030514627509056712,True,True,true,
6,752,1119050940,gaussian,identified_unknot,false,0_1,0_1,1,"{""2"": ""1"", ""3"": ""1"", ""4"": ""1""}",0,0,"1+c,1-c",----,1,0,1.0741228687685214,1.4303213647740358,1.484426012654703,2.2319826262117193,2.07795838922104,0.3074882409860775,1.3916107103355466,1.4712892091199081,0.4776102676367834,2.2319826262117193,7.258757665184273,0.2174270203363787,0.9840173700500933,1.0403585768552794,1.5782500504848658,0.9612070513444775,0.2089923851001463,0.9458444347375978,1.5170250773108305,0.06578332624142175,True,True,true,
6,753,4193591112,gaussian,identified_unknot,false,0_1,0_1,1,"{""2"": ""1"", ""3"": ""1"", ""4"": ""1""}",0,0,"1+a,1-a",----,1,0,1.2304493277699828,1.4885177805862522,1.507951392526027,1.9649910401385835,1.5969703065300989,0.839006390835185,1.7162440857171055,1.805683362086115,0.5612473985290906,2.8904845131155312,3.4451281238015503,0.5932671084184101,1.2135678311818716,1.2768109500068159,2.043881200138688,0.7832013032114596,0.4646475724657931,0.9504679069171467,1.6007704195580226,0.11131513107437155,True,True,true,
6,754,2203511851,gaussian,identified_unknot,false,0_1,0_1,1,"{""2"": ""1"", ""3"": ""1"", ""4"": ""1""}",0,0,"1+c,1-c",----,1,0,0.5253883552179998,1.6095339861737452,1.7670771110471881,2.8057821500713005,5.340396531832335,0.5046655315325566,1.612158223786707,1.7396608351956826,0.6537321186775437,2.8057821500713005,5.559686514652123,0.35685241957778413,1.13996801238524,1.23012597353152,1.9839875848475879,0.8129248723438784,0.2900942076308743,0.9267083509443761,1.6128328541440649,0.11968740570553768,True,True,true,
6,755,1187901280,gaussian,identified_unknot,false,0_1,0_1,1,"{""2"": ""1"", ""3"": ""1"", ""4"": ""1""}",0,0,"1-c,1+c",----,1,0,0.7846946749227887,1.163012394837373,1.212188020238956,1.6805161968876887,2.1416179446522254,0.3197043334621134,1.1204298634697625,1.193128100585096,0.4101116743655661,1.7673107313639593,5.5279536321123866,0.22606510216578563,0.7922635543033866,0.8436689707479464,1.2496774026112123,1.1852990149838742,0.26795474291933463,0.9390692105234272,1.4812413943626765,0.17288521097486387,True,True,true,
6,756,3626904773,gaussian,identified_unknot,false,0_1,0_1,1,"{""2"": ""1"", ""3"": ""1"", ""4"": ""1""}",0,0,"1-a,2+a,3+c,4+a,5+c,1+a,2-a,3-c,4-a,5-c",----,5,0,0.6517872262017637,0.8820327358553407,0.9256745915903706,1.4945981379566085,2.2930767555330225,0.4940255901333648,0.9163241514693035,0.9642839291737982,0.30032240258915033,1.6001266038435304,3.2389548958619088,0.34932884486298815,0.6479390212689535,0.6818517053080012,1.1314603723347607,1.466594557460683,0.5123237826400857,0.9502638421594489,1.6593936240485978,0.0036407521510951526,True,True,true,
6,757,405473027,gaussian,identified_unknot,false,0_1,0_1,1,"{""2"": ""1"", ""3"": ""1"", ""4"": ""1""}",0,0,"1-a,2+a,2-a,1+a",----,2,0,1.0385945810654833,1.2783276762800775,1.2956603704307226,1.5420976534290944,1.4847927011587838,0.49531731322428857,1.277718940643497,1.3271167024250674,0.35871025992637184,2.0817179196063496,4.202796599326037,0.35024223101999563,0.9034837273795084,0.9384132197106946,1.471996857471202,1.0656286367196448,0.37322815116348484,0.9627781327058087,1.568602004482638,0.28567561353301235,True,True,true,
6,758,2029178073,gaussian,identified_unknot,false,0_1,0_1,1,"{""2"": ""1"", ""3"": ""1"", ""4"": ""1""}",0,0,"1-a,2-a,3+a,4+c,5+a,6+c,2+a,3-a,4-c,5-a,6-c,1+a",----,6,0,1.183949135473248,1.7150242701657057,1.7403911576256774,2.0511481771933218,1.7324630896186575,0.5044709972350233,1.3559958629095215,1.4451942185077113,0.4998615298063826,2.219573478705466,4.399803934955273,0.35671486305682504,0.9588338699242266,1.0219066320383958,1.5694754581344499,0.9785629808520778,0.34906795970712745,0.938279329894985,1.5358305826862277,0.029516940065178743,True,True,true,
6,759,248558361,gaussian,identified_unknot,false,0_1,0_1,1,"{""2"": ""1"", ""3"": ""1"", ""4"": ""1""}",0,0,"1-a,2-c,3+c,4+a,5+c,1+a,2+c,3-c,4-a,5-c",----,5,0,0.8492027191789225,1.326614642202323,1.369625148569944,1.7725095385977634,2.0872631452612023,0.6567930784639874,1.1967333193468446,1.2392067601088201,0.3216562709857872,1.7725095385977634,2.6987335840125666,0.46442283961827363,0.8462182453820398,0.8762515033651579,1.253353514460317,1.1412248608528466,0.5300108905202482,0.9657252993372587,1.4303581901394014,0.02753983218560517,True,True,true,
6,760,2507720686,gaussian,identified_unknot,false,0_1,0_1,1,"{""2"": ""1"", ""3"": ""1"", ""4"": ""1""}",0,0,"1+a,1-a",----,1,0,0.6800403924343461,1.493145163474238,1.6047425483344382,2.1332345133455664,3.136923243205024,0.6800403924343461,1.5485342287660622,1.6227177301785767,0.48503048788278247,2.1332345133455664,3.136923243205024,0.48086117297108705,1.0949790540599629,1.1474347109609138,1.5084245902478344,0.8715092810488143,0.4190749751403216,0.954284408167309,1.3146060301632425,0.434523498305819,True,True,true,
6,761,1995881764,gaussian,identified_unknot,false,0_1,0_1,1,"{""2"": ""1"", ""3"": ""1"", ""4"": ""1""}",0,0,"1-c,2+c,2-c,1+c",----,2,0,0.3079241719403725,1.0381633281542253,1.1808120735049803,1.7981326174515257,5.839530577027003,0.3079241719403725,1.1627704724622039,1.27721926209746,0.528444767069183,1.7981326174515257,5.839530577027003,0.2177352700702898,0.82220288604151,0.9031304012911924,1.2714717672726898,1.1072598138323266,0.24108951460276046,0.9103922145307239,1.4078495923234178,0.08695355392929362,True,True,true,
6,762,2973972609,gaussian,identified_unknot,false,0_1,0_1,1,"{""2"": ""1"", ""3"": ""1"", ""4"": ""1""}",0,0,"1-c,2+c,3-c,3+c,2-c,1+c",----,3,0,0.41956073527735416,1.459391768322739,1.5703812736380423,2.233742949247845,5.324003800716029,0.41956073527735416,1.5182204565884336,1.592242274996433,0.47983550043970685,2.233742949247845,5.324003800716029,0.296674241034231,1.0735439801898177,1.1258853099418733,1.5794947868407891,0.8881899347737539,0.2635030747932466,0.9535109577415505,1.4028913716996048,0.00018916743626823024,True,True,true,
6,763,2198327163,gaussian,identified_unknot,false,0_1,0_1,1,"{""2"": ""1"", ""3"": ""1"", ""4"": ""1""}",0,0,----,----,0,0,0.7684855162347278,1.4730250531029636,1.6373372574738465,2.6061562156588383,3.391288658799925,0.7684855162347278,1.3983317951031153,1.5419101281373069,0.6497345873940411,2.6061562156588383,3.391288658799925,0.5434013197732207,0.9887698946661707,1.090295107586108,1.8428307329238347,0.9171828737395514,0.4983983840634675,0.9068828134570721,1.6902127874386466,0.0291440531060818,True,True,true,
6,764,3456376675,gaussian,identified_unknot,false,0_1,0_1,1,"{""2"": ""1"", ""3"": ""1"", ""4"": ""1""}",0,0,"1-c,2-a,3-c,1+c,2+a,3+c",----,3,0,0.6434778243457568,1.104665052668949,1.1650683790978895,1.5213358542117932,2.364239755672359,0.6434778243457568,1.1390818916039256,1.1873258278912175,0.33501502324162646,1.5213358542117932,2.364239755672359,0.4550075331380507,0.8054525298799357,0.8395661443798115,1.0757468989753878,1.1910913829650684,0.5419555519049251,0.9593675677274057,1.2813128616209783,0.3079439780899328,True,True,true,
6,765,2791195110,gaussian,identified_unknot,false,0_1,0_1,1,"{""2"": ""1"", ""3"": ""1"", ""4"": ""1""}",0,0,"1-a,2-c,2+c,1+a",----,2,0,0.883563573815212,1.5737619832498257,1.6685452343159393,2.272793648263722,2.5723034715542186,0.6005597590183348,1.5128694574855261,1.6236151676514132,0.5893659450928403,2.4162462496268526,4.023323596599961,0.42465987810962336,1.0697602524380287,1.1480692950836475,1.7085441081277108,0.8710275627806428,0.36989045864055003,0.9317906654407012,1.488189010405707,0.05849929054177783,True,True,true,
6,766,1993868770,gaussian,identified_unknot,false,0_1,0_1,1,"{""2"": ""1"", ""3"": ""1"", ""4"": ""1""}",0,0,"1+a,2+c,3+a,4-a,5-c,1-a,6-c,7-a,2-c,5+c,4+a,3-a,7+a,6+c",----,7,0,1.0758630318710272,1.323322767052293,1.3453334717487084,1.7273095155134761,1.6055106127306207,0.47968630891642455,1.2416607423080495,1.2817146645915212,0.3179167854014307,1.7471406814311827,3.6422567185164043,0.33918944187714883,0.877986730819144,0.9063091308789059,1.2354150235268748,1.1033762829137959,0.3742535855820135,0.9687497354988625,1.3631276365149427,0.09631187462310288,True,True,true,
6,767,601905175,gaussian,identified_unknot,false,0_1,0_1,1,"{""2"": ""1"", ""3"": ""1"", ""4"": ""1""}",0,0,"1+a,1-a",----,1,0,0.8313328808412764,1.4024966046822493,1.5269882159550443,2.234202491533476,2.687494435769881,0.33517901096155617,1.3159089660502985,1.4120912804548098,0.5122356658852822,2.234202491533476,6.665699278496084,0.2370073515623165,0.9304881533183443,0.9984993200639909,1.5798197323072007,1.0015029353609504,0.2373635582917847,0.931886616866912,1.5821940992468126,0.1706894502820155,True,True,true,
6,768,1080337664,gaussian,identified_unknot,false,0_1,0_1,1,"{""2"": ""1"", ""3"": ""1"", ""4"": ""1""}",0,0,"1-a,1+a",----,1,0,0.6267549886161777,1.4753540277770567,1.6574586248746814,3.005220457399892,4.794888771504103,0.6267549886161777,1.5046163126878866,1.6741891540127178,0.7341928050637156,3.005220457399892,4.794888771504103,0.44318270259299664,1.0639243977855033,1.183830503791362,2.1250117643880015,0.8447155203362118,0.3743633072248517,0.8987134512737723,1.7950304182755823,0.12134270419653825,True,True,true,
6,769,2468145546,gaussian,identified_unknot,false,0_1,0_1,1,"{""2"": ""1"", ""3"": ""1"", ""4"": ""1""}",0,0,"1-c,2-a,2+a,1+c",----,2,0,0.46212698961649157,1.1202993634540759,1.244656006694063,2.013472348067626,4.356967658908128,0.46212698961649157,1.2999452611970463,1.3720001140189892,0.4387785668870604,2.013472348067626,4.356967658908128,0.32677312812714643,0.9192001093637492,0.9701505844115437,1.4237399510502187,1.0307678169431418,0.33682722391530023,0.947481890062769,1.4675453212387695,0.03971212057455142,True,True,true,
6,770,841594128,gaussian,identified_unknot,false,0_1,0_1,1,"{""2"": ""1"", ""3"": ""1"", ""4"": ""1""}",0,0,"1+c,2-c,3-a,4-c,5-a,1-c,2+c,3+a,4+c,5+a",----,5,0,0.9472403258791418,1.8648048009300098,1.9806039751430573,2.5663993329708474,2.7093434082728165,0.9472403258791418,1.8044111794969513,1.8770201967269438,0.5170155841241886,2.5663993329708474,2.7093434082728165,0.6698000578424962,1.2759113810711107,1.3272537095297292,1.8147183715763184,0.753435453086297,0.5046511100577891,0.9613168694952754,1.3672731585126305,0.024684563673238787,True,True,true,
6,771,3084170709,gaussian,identified_unknot,false,0_1,0_1,1,"{""2"": ""1"", ""3"": ""1"", ""4"": ""1""}",0,0,"1+c,2+a,3-a,1-c,2-a,3+a",----,3,0,0.3068195808137174,0.9145850760660291,0.9633363727597116,1.312645607477746,4.27823284288595,0.3068195808137174,0.9959557299063108,1.053220824977605,0.34255844790822754,1.822620971085509,5.940367189902707,0.2169542061941935,0.7042470503783499,0.7447395874285543,1.2887876481873737,1.3427512339619434,0.2913155280804872,0.9456285959095884,1.7305212049185072,0.23878914149479388,True,True,true,
6,772,1801151142,gaussian,identified_unknot,false,0_1,0_1,1,"{""2"": ""1"", ""3"": ""1"", ""4"": ""1""}",0,0,"1+a,2+c,2-c,1-a",----,2,0,0.7485099173686883,1.2711727357564142,1.3260108690195822,1.7827270540926803,2.3817013144724637,0.7485099173686883,1.3704793000601734,1.4208354903101197,0.37491329481811564,2.043872684185036,2.7305886492059663,0.5292764383567818,0.9690752065483418,1.0046824101487988,1.4452362348691898,0.9953394126327889,0.5268096992744137,0.964558746882825,1.4385005851303228,0.43002530765174957,True,True,true,
6,773,3872193491,gaussian,identified_unknot,false,0_1,0_1,1,"{""2"": ""1"", ""3"": ""1"", ""4"": ""1""}",0,0,"1+c,1-c",----,1,0,0.8695457351652138,1.2483303695090517,1.2705948084705383,1.576825568683134,1.8133900321913912,0.5683432016105553,1.2227067130742455,1.277009092493323,0.36842979808071324,1.8810797939524717,3.3097603501228123,0.4018793319000968,0.8645842082171132,0.9029817889389078,1.3301242782567861,1.107442046173598,0.44505806963432165,0.9574769046373398,1.4730355523778755,0.10890853842706658,True,True,true,
6,774,521445870,gaussian,identified_unknot,false,0_1,0_1,1,"{""2"": ""1"", ""3"": ""1"", ""4"": ""1""}",0,0,"1+a,1-a",----,1,0,0.7577615062289225,1.5492665080036032,1.6498304307801173,2.2727657317704484,2.9993153691338836,0.7577615062289225,1.675454323799559,1.7650086484025231,0.5550750740188803,2.821995583549735,3.7241210596638568,0.5358182995766033,1.1847251139269896,1.2480495841383268,1.9954522136065058,0.8012502169057777,0.4293245287578384,0.9492612545077225,1.598856518977327,0.014263218675370606,True,True,true,
6,775,2014237293,gaussian,identified_unknot,false,0_1,0_1,1,"{""2"": ""1"", ""3"": ""1"", ""4"": ""1""}",0,0,"1+c,2+a,2-a,1-c",----,2,0,0.8306248143324915,1.1859485254937672,1.2086728263236928,1.4974222055229491,1.802766037908837,0.43413712059402404,1.1949398327529794,1.2446912128672722,0.34838916672204856,1.820743994893977,4.193937602945994,0.3069813019368363,0.8449500588495507,0.8801295971017566,1.2874604255942157,1.1361963093764524,0.34879102230821185,0.9600291384722757,1.4628077840283846,0.25756818183585906,True,True,true,
6,776,1068213701,gaussian,identified_unknot,false,0_1,0_1,1,"{""2"": ""1"", ""3"": ""1"", ""4"": ""1""}",0,0,"1+c,2-c,2+c,1-c",----,2,0,0.507968449434222,1.246959814584422,1.3092330934240777,1.632916845435146,3.2146028897147008,0.2670665590509217,1.190674004556851,1.2612415284239504,0.41596346942217727,1.906238605204635,7.13769111332719,0.18884457493306425,0.8419336628046914,0.891832437462661,1.3479142442997833,1.1212868673459389,0.211748941841971,0.9440491592793645,1.5113985404418724,0.02587676868606165,True,True,true,
6,777,3127335212,gaussian,identified_unknot,false,0_1,0_1,1,"{""2"": ""1"", ""3"": ""1"", ""4"": ""1""}",0,0,----,----,0,0,1.331344663753013,1.6923959755885167,1.7180232469775956,2.2094759897534217,1.6595822628867478,0.7403657055848387,1.5724895309790132,1.6397227696429828,0.4647229672041793,2.7472114183277525,3.71061408923262,0.5235176109770023,1.1119180107001139,1.1594590896805401,1.9425718232526668,0.8624711375332137,0.4515188294580057,0.9589971915321953,1.6754121301406966,0.11362572347696252,True,True,true,
6,778,972419077,gaussian,identified_unknot,false,0_1,0_1,1,"{""2"": ""1"", ""3"": ""1"", ""4"": ""1""}",0,0,"1+c,1-c,2-a,3-c,3+c,2+a",----,3,0,1.007400751859996,1.6055431774331257,1.6650940911807197,2.4168875232829796,2.399132141623484,0.458586379653579,1.3879534592821379,1.4795888097150562,0.5126092475763223,2.4168875232829796,5.2702994038085516,0.32426953881283427,0.9814313030297263,1.0462272807172486,1.7089975570785545,0.9558152596770779,0.3099417734457555,0.9380670157605712,1.6334859438065303,0.18288683237153827,True,True,true,
6,779,1151209282,gaussian,identified_unknot,false,0_1,0_1,1,"{""2"": ""1"", ""3"": ""1"", ""4"": ""1""}",0,0,"1+a,2+c,2-c,1-a",----,2,0,0.4793884048867626,1.262998240427996,1.3344548967257408,1.75926777470486,3.6698171185855455,0.4793884048867626,1.2317061478234332,1.2941663255673252,0.39719824224987593,1.7697517241829432,3.691686545069817,0.3389787919176321,0.8709477695551097,0.9151137847919328,1.2514034451863436,1.0927602846976756,0.37042256116238576,0.9517371326158475,1.367483985033481,0.04723804213478173,True,True,true,
6,780,1671260836,gaussian,identified_unknot,false,0_1,0_1,1,"{""2"": ""1"", ""3"": ""1"", ""4"": ""1""}",0,0,"1+a,1-a",----,1,0,0.7966221886666335,1.7951641851404698,1.927709605936673,2.9959656386173856,3.760836292586777,0.7879607026133878,1.7530055841766954,1.8582165833432345,0.6163929691821003,2.9959656386173856,3.8021764647409753,0.557172356126443,1.2395621360292264,1.3139575469952984,2.118467619268239,0.7610595960933114,0.42404136830794936,0.9433806585789656,1.6122801106570448,0.33342671882767916,True,True,true,
6,781,782295244,gaussian,identified_unknot,false,0_1,0_1,1,"{""2"": ""1"", ""3"": ""1"", ""4"": ""1""}",0,0,"1-c,1+c",----,1,0,0.6421076893532339,1.2220958684020533,1.2875699213571499,1.7446139410650037,2.717011445264383,0.6421076893532339,1.2683183287670805,1.3508006892515723,0.46479147904840357,2.190417351418288,3.4112928216520757,0.4540387013936968,0.8968364909743916,0.955160327401249,1.5488589628165481,1.0469446555854642,0.47535339185309533,0.938938171159661,1.6215696133764306,0.4768104849400919,True,True,true,
6,782,2916418436,gaussian,identified_unknot,false,0_1,0_1,1,"{""2"": ""1"", ""3"": ""1"", ""4"": ""1""}",0,0,"1-c,2+c,3+a,1+c,2-c,3-a",----,3,0,0.4854730040537003,1.5567855614605701,1.6449418258262816,1.9824044295741265,4.083449363859672,0.4854730040537003,1.4118682734533186,1.5059941011350584,0.5240669910131127,2.141753882532974,4.411684820060695,0.34328125324937575,0.9983416303009843,1.064898641339539,1.5144486939716821,0.9390565084599011,0.3223604950960979,0.9374992056006076,1.4221529028027051,0.0796341273424559,True,True,true,
6,783,2900104461,gaussian,identified_unknot,false,0_1,0_1,1,"{""2"": ""1"", ""3"": ""1"", ""4"": ""1""}",0,0,"1-c,1+c",----,1,0,0.7178180811143807,0.9848543925031902,1.031798042092818,1.6397183945937848,2.284309127527402,0.3934176380166371,1.0893472090595226,1.1570314704861915,0.38992881633660625,1.9091468361928612,4.8527230396114724,0.27818827967995857,0.7702847985926281,0.8181447988270286,1.3499706741528148,1.2222775252421045,0.3400232820385781,0.9415017973554103,1.650038814752918,0.17500508136719717,True,True,true,
6,784,1887945383,gaussian,identified_unknot,false,0_1,0_1,1,"{""2"": ""1"", ""3"": ""1"", ""4"": ""1""}",0,0,"1-c,1+c",----,1,0,0.8263619287097356,1.2912122387404745,1.3281531675426315,1.638071084614391,1.9822683351011117,0.648116359636815,1.4172407058997258,1.4777637847987766,0.4185864130662284,2.2365820401957164,3.450895825942474,0.45828747289713107,1.0021405137153054,1.0449367932231128,1.5815023273024345,0.9569956828828804,0.43857913308185953,0.9590441452675793,1.513490899697658,0.24327399951317588,True,True,true,
6,785,1280377133,gaussian,identified_unknot,false,0_1,0_1,1,"{""2"": ""1"", ""3"": ""1"", ""4"": ""1""}",0,0,"1-c,2+c,2-c,1+c",----,2,0,1.0522044457672974,1.4254270396918505,1.44922106408309,1.7758446681257791,1.6877372788809903,0.38678934556976047,1.2528752914483479,1.3288668792263925,0.44293417883824343,1.9049563050561356,4.925048548713351,0.27350136914308454,0.8859166145641988,0.9396507815951869,1.347007521169263,1.0642251563951897,0.29106703735059763,0.9428147476876814,1.4335192898818554,0.019473293059838262,True,True,true,
6,786,273615224,gaussian,identified_unknot,false,0_1,0_1,1,"{""2"": ""1"", ""3"": ""1"", ""4"": ""1""}",0,0,----,----,0,0,0.766377232994367,1.3739543598764279,1.4204887349350792,1.9472500421337695,2.5408505867606874,0.766377232994367,1.5196995304005185,1.5856209419913194,0.4524456972741403,2.396062809245121,3.126479631816949,0.5419105383972995,1.0745898433122185,1.1212033204734633,1.6942722605661138,0.8918988926805164,0.48332940912845396,0.9584254913358972,1.5111195530982324,0.532084231934365,True,True,true,
6,787,2140137652,gaussian,identified_unknot,false,0_1,0_1,1,"{""2"": ""1"", ""3"": ""1"", ""4"": ""1""}",0,0,"1-c,2-a,2+a,1+c",----,2,0,0.5558752505770714,1.1134343706328558,1.2063864763163663,1.8148348807956471,3.264824039047629,0.5558752505770714,1.3261800630897322,1.4011036894095252,0.45203759660043413,1.8148348807956471,3.264824039047629,0.3930631591768185,0.937750915685153,0.9907299199269656,1.2832820509444816,1.0093568185300368,0.39674097982807893,0.9465252808295949,1.2952894882180226,0.3129093101645025,True,True,true,
6,788,91308560,gaussian,identified_unknot,false,0_1,0_1,1,"{""2"": ""1"", ""3"": ""1"", ""4"": ""1""}",0,0,"1-c,1+c",----,1,0,0.6555814262614035,1.2006794341322546,1.2455503907557484,1.5813365137144515,2.412113050139887,0.6555814262614035,1.3038618152511958,1.3675224571935882,0.41238578741106624,2.325015169717599,3.546493351674874,0.46356607212938694,0.9219695312943219,0.9669844029064764,1.6440339928689058,1.034142843456718,0.4793935359619462,0.9534481926731676,1.7001659881249518,0.6539117613260006,True,True,true,
6,789,2023247810,gaussian,identified_unknot,false,0_1,0_1,1,"{""2"": ""1"", ""3"": ""1"", ""4"": ""1""}",0,0,"1+a,2+c,3+a,4+c,2-c,3-a,4-c,1-a",----,4,0,0.8860583592245935,1.3411925293696412,1.3747650472839081,1.6432049325267792,1.8545109533922564,0.22985650974721208,1.1542256074539352,1.2250491506027428,0.4104980736740379,1.6931975791641267,7.366324238657606,0.1625330967421254,0.8161607540498396,0.8662405616780194,1.1972714901156,1.1544137324427193,0.18763043885555056,0.9421871823559395,1.3821466496516062,0.0423317007831871,True,True,true,
6,790,1074552145,gaussian,identified_unknot,false,0_1,0_1,1,"{""2"": ""1"", ""3"": ""1"", ""4"": ""1""}",0,0,"1+a,2+c,3+a,1-a,2-c,3-a",----,3,0,0.9790100815307055,1.6234068576475256,1.6721594239691269,2.2456879013475928,2.2938353176469914,0.45825189693182544,1.5569471036497098,1.6188394970612934,0.4433475314946968,2.2456879013475928,4.90055342134609,0.3240330238120926,1.100927854939464,1.1446923860246605,1.5879411434714692,0.8735971447078854,0.2830743243933063,0.9617674306044929,1.3872208489008502,0.10775126374625855,True,True,true,
6,791,478590433,gaussian,identified_unknot,false,0_1,0_1,1,"{""2"": ""1"", ""3"": ""1"", ""4"": ""1""}",0,0,"1+a,1-a,2-c,3-a,3+a,2+c",----,3,0,0.4013476679217036,0.996007654918722,1.098022231896987,1.8340264982208627,4.569670250528655,0.4013476679217036,1.0850713058435704,1.1790211827424093,0.4612062560181064,2.0760509333350714,5.1726996299379895,0.2837956576008432,0.7672612784329308,0.8336938734797412,1.46798969304989,1.1994810467133654,0.34040751243176726,0.9203153613573665,1.760825813583914,0.235511908872199,True,True,true,
6,792,2451393514,gaussian,identified_unknot,false,0_1,0_1,1,"{""2"": ""1"", ""3"": ""1"", ""4"": ""1""}",0,0,"1-a,1+a,2+c,2-c",----,2,0,0.84633353034584,1.6962724551739177,1.836485350102297,2.742146799848852,3.2400309116056403,0.84633353034584,1.648431459230895,1.7403525789534617,0.5581225880466294,2.742146799848852,3.2400309116056403,0.5984481784530942,1.1656170631434017,1.230615110233489,1.9389905971821135,0.8126017563771555,0.48630004091169365,0.94718247277351,1.575627164868975,0.4062844442358171,True,True,true,
6,793,1038821260,gaussian,identified_unknot,false,0_1,0_1,1,"{""2"": ""1"", ""3"": ""1"", ""4"": ""1""}",0,0,"1+c,2+a,3-c,4-a,2-a,1-c,4+a,3+c",----,4,0,0.5304395882864087,1.670735749934578,1.7881361747459206,2.4948237074803625,4.703313558363771,0.39720943212884496,1.4907212236996596,1.6361338079607093,0.6743026551656166,2.543707218003193,6.40394465048372,0.28086948300956394,1.0540990861367374,1.156921310537586,1.7986726232032253,0.8643630218336376,0.24277319507499823,0.9111242714052262,1.5547061038813756,0.16452665182329124,True,True,true,
6,794,2681972950,gaussian,identified_unknot,false,0_1,0_1,1,"{""2"": ""1"", ""3"": ""1"", ""4"": ""1""}",0,0,"1-c,2-a,2+a,1+c",----,2,0,1.0744975264533325,1.7267333669408853,1.783660570139491,2.328625985568892,2.1671766832773893,0.48230385618861144,1.6448983218774016,1.744352461598555,0.5805816230039038,2.8068233117952053,5.81961615230702,0.3410403273033885,1.163118757761883,1.2334434543757848,1.9847237973628726,0.8107384221403771,0.276494496844187,0.9429850664297442,1.6090918398584328,8.642828695206937e-05,True,True,true,
6,795,750035088,gaussian,identified_unknot,false,0_1,0_1,1,"{""2"": ""1"", ""3"": ""1"", ""4"": ""1""}",0,0,"1+a,1-a,2+a,2-a",----,2,0,0.6627957272271334,1.7209106721097387,1.9415201868756757,3.2001875509621334,4.828316507637143,0.6627957272271334,1.7032107269774528,1.8357802138750006,0.6849541686593927,3.2001875509621334,4.828316507637143,0.46866735326377523,1.2043518548354262,1.2980926379991033,2.2628743183540947,0.7703610441404343,0.36104307161481564,0.9277857524034875,1.7432302226458336,0.20331391361430232,True,True,true,
6,796,1928981917,gaussian,identified_unknot,false,0_1,0_1,1,"{""2"": ""1"", ""3"": ""1"", ""4"": ""1""}",0,0,"1-c,2-a,3-a,4+a,2+a,1+c,4-a,3+a",----,4,0,0.7505536513545402,1.5410388793515502,1.6140911177649457,2.3737184214799956,3.1626232411182,0.5276077822610649,1.513307756242348,1.6530801999606846,0.6652621907179211,3.103723498730377,5.882634038166306,0.37307504064359437,1.070070176461163,1.168904219237414,2.194663932880286,0.8555020878035619,0.3191664761779937,0.9154472700588506,1.877539576606261,0.04116778526584477,True,True,true,
6,797,2466426458,gaussian,identified_unknot,false,0_1,0_1,1,"{""2"": ""1"", ""3"": ""1"", ""4"": ""1""}",0,0,----,----,0,0,0.3342071038241401,1.048983061340816,1.1174469603209187,1.606322261554287,4.806367797614303,0.3342071038241401,1.3341309937350716,1.4053714657128027,0.4417730731894178,2.2568810297878628,6.752941526268198,0.23632010943476597,0.9433730726612164,0.9937476934916003,1.5958558804942762,1.0062916437938405,0.23780695138465094,0.9493084399991013,1.605896437240652,0.3342071038241401,True,True,true,
6,798,4274743201,gaussian,identified_unknot,false,0_1,0_1,1,"{""2"": ""1"", ""3"": ""1"", ""4"": ""1""}",0,0,"1-c,1+c,2+a,2-a",----,2,0,0.5366533601691662,1.4508163279338675,1.5640879335177211,2.2361884868196076,4.166914162458065,0.5366533601691662,1.2909603085627952,1.3584484335879212,0.42285178069026724,2.2361884868196076,4.166914162458065,0.37947123012216405,0.9128467884274303,0.9605680992822624,1.581224043041429,1.0410506040614935,0.39504875334263695,0.9503197005079705,1.6461342451648369,0.22839717539768412,True,True,true,
6,799,3608475167,gaussian,identified_unknot,false,0_1,0_1,1,"{""2"": ""1"", ""3"": ""1"", ""4"": ""1""}",0,0,"1-c,1+c",----,1,0,0.2852503867166538,0.7483495861567899,0.8233545245129477,1.2488509680728526,4.378086853615265,0.2852503867166538,0.8666532585623646,0.9266290730394083,0.32795360712318444,1.38229867439391,4.845913410687086,0.20170248278343098,0.6128163960668663,0.6552257011907703,0.9774327662891092,1.5261916591224312,0.30783664684835815,0.9352752722507198,1.4917497352634033,0.1927060662748532,True,True,true,
6,800,1341786133,gaussian,identified_unknot,false,0_1,0_1,1,"{""2"": ""1"", ""3"": ""1"", ""4"": ""1""}",0,0,"1+a,2-a,3-c,4-a,5-c,1-a,2+a,3+c,4+a,5+c",----,5,0,0.4645241380424591,0.8410716637824573,0.9026591299185845,1.474715391583192,3.174679786927236,0.3940110273547079,0.8456079107283475,0.8952410301394499,0.29394517066756304,1.474715391583192,3.7428277108995265,0.2786078693047922,0.5979350879010032,0.6330310032080353,1.0427812537086498,1.5797014600110608,0.4401172579113511,0.9445589313490568,1.6472830689557187,0.035698202315349606,True,True,true,
6,801,842048193,gaussian,identified_unknot,false,0_1,0_1,1,"{""2"": ""1"", ""3"": ""1"", ""4"": ""1""}",0,0,"1+c,1-c",----,1,0,0.5772651413235143,1.0204356724879478,1.1025072399032547,1.6687473141031297,2.8907813665608484,0.3559436373550701,1.0458161274577837,1.1868705315888735,0.5611864986822649,2.1586763057738865,6.0646576570787465,0.25169015969397535,0.7395036755996536,0.8392442012769749,1.5264146541994401,1.1915482984314014,0.29990098151528405,0.8811543463445343,1.818796783912099,0.3116147288181828,True,True,true,
6,802,1923286910,gaussian,identified_unknot,false,0_1,0_1,1,"{""2"": ""1"", ""3"": ""1"", ""4"": ""1""}",0,0,"1-a,1+a",----,1,0,0.9210792444827944,1.780503780133052,1.8990754443455269,2.9686446296446944,3.223006758025094,0.7486878011989142,1.7588425525920175,1.8439588718826843,0.5537663734703083,2.9686446296446944,3.965130225029503,0.529402221219398,1.2436894959772724,1.3038758225373421,2.09914874855479,0.7669442002950865,0.4060219631875537,0.9538404459076885,1.609929958260785,0.44825298663080027,True,True,true,
6,803,2102189978,gaussian,identified_unknot,false,0_1,0_1,1,"{""2"": ""1"", ""3"": ""1"", ""4"": ""1""}",0,0,----,----,0,0,0.3457906822316448,0.8824306130512309,0.9399272742344865,1.4431398103084485,4.173449096415186,0.3457906822316448,1.0425788064086174,1.1251119435331032,0.4229731881673105,1.947688784870853,5.63256584099076,0.24451093627711862,0.7372145439329101,0.7955742848662332,1.377223947423167,1.2569536484806554,0.30733891344694525,0.926644510709474,1.73110666548848,0.2383548035299615,True,True,true,
6,804,2849891172,gaussian,identified_unknot,false,0_1,0_1,1,"{""2"": ""1"", ""3"": ""1"", ""4"": ""1""}",0,0,"1+c,2+a,3+c,1-c,2-a,3-c",----,3,0,1.1125959653761874,1.5020057869436485,1.5302199719136709,1.9610731645799435,1.7626103505749022,0.591902434483795,1.3992025425070063,1.4593820964083624,0.4147630026402977,2.1068395609929245,3.5594372285870453,0.41853822522431755,0.9893856060601626,1.0319389767125928,1.4897605404501857,0.9690495490204861,0.4055842784014596,0.9587636753599609,1.443651779871768,0.12705533076530343,True,True,true,
6,805,3931398254,gaussian,identified_unknot,false,0_1,0_1,1,"{""2"": ""1"", ""3"": ""1"", ""4"": ""1""}",0,0,"1+a,2-a,3-c,1-a,4-a,4+a,2+a,3+c",----,4,0,0.42602943294544626,1.5924437714813615,1.7636690396181058,2.6576108302968375,6.2380920771667645,0.42602943294544626,1.6410190793904653,1.7490085173927747,0.6050513821064621,2.6576108302968375,6.2380920771667645,0.3012483010207846,1.1603757190935033,1.2367357830014605,1.8792146398577048,0.8085801460139518,0.24358339522584088,0.9382567683756695,1.5194956478876986,0.06409061649771934,True,True,true,
6,806,2727965684,gaussian,identified_unknot,false,0_1,0_1,1,"{""2"": ""1"", ""3"": ""1"", ""4"": ""1""}",0,0,"1+a,2+c,3+a,1-a,4-c,5-a,2-c,3-a,5+a,4+c",----,5,0,0.887891020979936,1.204446224883825,1.2314386433896451,1.5863575167151498,1.7866579109723841,0.3112231770134018,1.03906963971842,1.0963121784603012,0.3496207609050183,1.5863575167151498,5.097170242712478,0.22006801892859765,0.7347331883699576,0.7752097756866754,1.1217241574555343,1.289973412827782,0.28388189343157205,0.947786278519432,1.446994339644284,0.031095179662748475,True,True,true,
6,807,398750654,gaussian,identified_unknot,false,0_1,0_1,1,"{""2"": ""1"", ""3"": ""1"", ""4"": ""1""}",0,0,----,----,0,0,0.4500537048718639,1.3058270054347658,1.545724656561409,2.4753157707833977,5.50004531456563,0.44075638615783125,1.2773145824957757,1.5390403956591707,0.8585527338576115,2.659065870509173,6.032960506117281,0.311661829503479,0.9031978029912267,1.0882659002906268,1.8802435086587463,0.9188930754266444,0.28638389700554634,0.829942206909197,1.7277427402224201,0.042341994983240684,True,True,true,
6,808,154508795,gaussian,identified_unknot,false,0_1,0_1,1,"{""2"": ""1"", ""3"": ""1"", ""4"": ""1""}",0,0,"1-a,1+a,2+c,2-c",----,2,0,0.7342961109900465,1.2107100779511721,1.2399651380196646,1.4729160189801649,2.0058883561214045,0.3621325011206549,1.1957185470163862,1.2729576790702506,0.43666738946816397,1.7739867582182325,4.8987228506926455,0.2560663472304601,0.8455006929858123,0.900117007034063,1.2543980664712524,1.1109666767602326,0.2844811788127561,0.9393230950849216,1.3935944512420289,0.08390638886474941,True,True,true,
6,809,4142173392,gaussian,identified_unknot,false,0_1,0_1,1,"{""2"": ""1"", ""3"": ""1"", ""4"": ""1""}",0,0,"1-c,1+c",----,1,0,0.5770285288366315,0.918776716473111,0.9597550533524221,1.3753813725327884,2.383558704291009,0.5659068557500735,0.9191350030108384,0.9534166124075125,0.2533655127575243,1.3753813725327884,2.4304023861131845,0.4001565752208343,0.6499265934548816,0.6741673519292583,0.9725414952355957,1.4833112240429762,0.593556739399661,0.964043410875642,1.4425817157304976,0.13035990453102306,True,True,true,
6,810,3193389496,gaussian,identified_unknot,false,0_1,0_1,1,"{""2"": ""1"", ""3"": ""1"", ""4"": ""1""}",0,0,"1-c,2-c,3-a,1+c,4-c,3+a,2+c,4+c",----,4,0,1.014412911503725,1.591369731234515,1.6824638358864807,2.502937812976797,2.4673757447216857,0.7488302990699621,1.4435271172520308,1.511030432029616,0.44658977627980895,2.502937812976797,3.3424633272524025,0.5295029824303206,1.0207278134355793,1.06845986506738,1.7698443004441198,0.9359265918116048,0.49557592170009,0.9553263035960733,1.6564443441518588,0.2699626490829553,True,True,true,
6,811,665916576,gaussian,identified_unknot,false,0_1,0_1,1,"{""2"": ""1"", ""3"": ""1"", ""4"": ""1""}",0,0,"1+c,1-c",----,1,0,0.6136862950166386,1.0988845431121341,1.154744691350038,1.7943424130326568,2.9238756472213665,0.5054458807362464,1.1521460966254027,1.2353927663936841,0.4458190880712581,2.1238354601824145,4.201904775816507,0.35740420979140675,0.8146903178414334,0.8735546025457823,1.501778456019437,1.1447481326132567,0.4091378017468295,0.9326152200070814,1.7191580831270703,0.3575977931718318,True,True,true,
6,812,2320648540,gaussian,identified_unknot,false,0_1,0_1,1,"{""2"": ""1"", ""3"": ""1"", ""4"": ""1""}",0,0,----,----,0,0,0.6946821563643439,1.5292604448268696,1.5942060483525549,2.1058994875680948,3.0314575785124984,0.6946821563643439,1.658398119624917,1.7796442767408722,0.6456387756021794,3.0166902575500156,4.342547494436916,0.4912144635345211,1.1726645562937978,1.2583985361832994,2.1331221378530083,0.7946608099473655,0.39034888345020324,0.9318705661009976,1.6951085657829277,0.5143359064783425,True,True,true,
6,813,577905812,gaussian,identified_unknot,false,0_1,0_1,1,"{""2"": ""1"", ""3"": ""1"", ""4"": ""1""}",0,0,"1+a,2+c,2-c,1-a",----,2,0,0.5973886402535934,1.2712332996331563,1.3448019010046302,1.8751402356255522,3.1388950329379366,0.5973886402535934,1.1541452806716797,1.228312218153726,0.42035648724507146,1.8751402356255522,3.1388950329379366,0.4224175585271268,0.8161039544373958,0.8685478988707895,1.3259243762865685,1.151346979596765,0.48634918013884715,0.9396188229784715,1.526599025811265,0.07707058275183705,True,True,true,
6,814,2555826555,gaussian,identified_unknot,false,0_1,0_1,1,"{""2"": ""1"", ""3"": ""1"", ""4"": ""1""}",0,0,----,----,0,0,0.4672394844067642,1.1811082565990962,1.258067064163953,1.8878167022443326,4.04036209534222,0.4672394844067642,1.3038078874408605,1.3619937899293626,0.3938427052176411,2.0538033217633074,4.39561165163715,0.3303882078621291,0.9219313985739392,0.9630750447930183,1.4522582560422914,1.038340683217389,0.3430555174785318,0.9572788782748269,1.5079388297870464,0.4672394844067642,True,True,true,
6,815,4121187100,gaussian,identified_unknot,false,0_1,0_1,1,"{""2"": ""1"", ""3"": ""1"", ""4"": ""1""}",0,0,----,----,0,0,0.37088423065286613,0.7458979978019012,0.7781472124802697,1.0308905530770036,2.7795480850246204,0.37088423065286613,0.9622873287786027,1.0203802050304163,0.33938011092292375,1.598892086814027,4.311027416828974,0.26225475452979724,0.6804398956292387,0.721517762365527,1.1305874369717086,1.3859672653400201,0.3634765049580813,0.9430674213735045,1.5669571782474612,0.3516311226067219,True,True,true,
6,816,1485718466,gaussian,identified_unknot,false,0_1,0_1,1,"{""2"": ""1"", ""3"": ""1"", ""4"": ""1""}",0,0,"1-a,1+a",----,1,0,0.6008706214370649,1.5697565939314557,1.6729861649269377,2.165234847982672,3.6034959452738997,0.6008706214370649,1.5721804789383544,1.653254925938201,0.5113710900941623,2.28991725416771,3.810998861437188,0.4248796910339235,1.1116994779064244,1.1690277691609652,1.6192160187780664,0.8554116731698513,0.363447047403218,0.9509607104579848,1.3850962838463712,0.4047049559674097,True,True,true,
6,817,2177836648,gaussian,identified_unknot,false,0_1,0_1,1,"{""2"": ""1"", ""3"": ""1"", ""4"": ""1""}",0,0,"1+c,2+a,2-a,1-c,3-a,3+a",----,3,0,0.76307059121721,1.0519850852290669,1.0736112636945705,1.3851631884576934,1.8152490797059209,0.5092335839161298,1.0174704401665862,1.0772089582510869,0.35374149194518445,1.7207228121589397,3.37904424709416,0.3600825203950242,0.7194602478986544,0.76170175913424,1.2167347690199721,1.312849797191768,0.4727342638729082,0.9445432405412878,1.597389994744043,0.18781388650047962,True,True,true,
6,818,53479221,gaussian,identified_unknot,false,0_1,0_1,1,"{""2"": ""1"", ""3"": ""1"", ""4"": ""1""}",0,0,"1-c,2-a,3-c,1+c,2+a,3+c",----,3,0,1.091793554537572,1.7046011712502402,1.7619447175718972,2.521255071718852,2.3092782158681335,0.8543588221448822,1.6313608521442484,1.6858446679324897,0.42512823299282076,2.521255071718852,2.9510493792165673,0.6041229167051977,1.1535463211134627,1.1920721967222467,1.7827965583133756,0.8388753657283732,0.5067838326959643,0.9676815920086754,1.495544114874418,0.044534276564843385,True,True,true,
6,819,2848705812,gaussian,identified_unknot,false,0_1,0_1,1,"{""2"": ""1"", ""3"": ""1"", ""4"": ""1""}",0,0,"1-c,1+c",----,1,0,0.8138466484361643,1.328711578816715,1.3810079076875423,1.8076960161731104,2.221175229567712,0.7054985100586108,1.4609399604857805,1.575883904893933,0.5908168189545356,2.657929134312308,3.7674482602259434,0.4988627805794493,1.0330405529659021,1.1143181955132364,1.8794397147855229,0.8974097381039504,0.4476843172696121,0.9270606520878902,1.6866275022278392,0.02620065626148948,True,True,true,
6,820,4097519047,gaussian,identified_unknot,false,0_1,0_1,1,"{""2"": ""1"", ""3"": ""1"", ""4"": ""1""}",0,0,"1+a,2+c,2-c,1-a",----,2,0,0.6023687927100148,1.453745215946664,1.573622871067064,2.322251637941998,3.8551991172954887,0.6023687927100148,1.6218069816711955,1.7252440246342502,0.5883953252183028,2.5264319731240747,4.1941614567345615,0.42593905810040517,1.146790714515389,1.2199317490204493,1.7864571804025424,0.8197179889800846,0.34914990813413554,0.9400449782835889,1.4643910873186043,0.16010258058084706,True,True,true,
6,821,2832867290,gaussian,identified_unknot,false,0_1,0_1,1,"{""2"": ""1"", ""3"": ""1"", ""4"": ""1""}",0,0,"1+a,1-a",----,1,0,0.6278057949217218,1.4882793244617403,1.5994125521281788,2.183820762301079,3.4784972995882737,0.24813645331563947,1.2929766693039397,1.3852004951638954,0.4969826399764805,2.183820762301079,8.800886500635084,0.17545896879906783,0.9142725707808119,0.9794846634333538,1.5441944699190684,1.0209450309254813,0.17913396232671736,0.9334220380501351,1.5765376708464804,0.08270480746516937,True,True,true,
6,822,20834238,gaussian,identified_unknot,false,0_1,0_1,1,"{""2"": ""1"", ""3"": ""1"", ""4"": ""1""}",0,0,"1+c,1-c",----,1,0,0.434109890245435,1.0097893658874173,1.0587753833458662,1.4466678715792782,3.332492311477557,0.434109890245435,1.0532144746013201,1.1239726504585066,0.39249686555306995,2.0113355529405474,4.633240564510953,0.30696204717269493,0.7447350970344202,0.794768683007427,1.4222290087258551,1.258227735164365,0.3862281613955169,0.9370463544390323,1.7894879845341927,0.2946249525921661,True,True,true,
6,823,3392803504,gaussian,identified_unknot,false,0_1,0_1,1,"{""2"": ""1"", ""3"": ""1"", ""4"": ""1""}",0,0,"1-a,1+a",----,1,0,0.4957405943928929,0.7613137592612996,0.8158635944513974,1.1749105553632968,2.370010785181204,0.20686021273710697,0.7090475166175467,0.7676088479090021,0.29406625540288583,1.2617258219463108,6.09941276406693,0.14627225918410017,0.5013723071837485,0.5427814216552486,0.8921748846964067,1.8423622476805352,0.26948648820372856,0.9237094107878266,1.6437093258933941,0.027531889343082015,True,True,true,
6,824,201114701,gaussian,identified_unknot,false,0_1,0_1,1,"{""2"": ""1"", ""3"": ""1"", ""4"": ""1""}",0,0,"1+c,1-c",----,1,0,1.1837693742560713,1.5424140219272335,1.5720188029993056,1.9547916169854003,1.6513280876301355,0.4857159381931276,1.3534532366743874,1.449339115532681,0.5184093054225385,2.3841462027959963,4.908519600293672,0.3434530336267465,0.9570359616713405,1.0248375168320716,1.6858459473372067,0.9757644344355697,0.335129255111983,0.9338416538747369,1.6449885173489867,0.0019384547533556962,True,True,true,
6,825,62947354,gaussian,identified_unknot,false,0_1,0_1,1,"{""2"": ""1"", ""3"": ""1"", ""4"": ""1""}",0,0,"1-a,2+a,3+c,1+a,2-a,4+c,4-c,3-c",----,4,0,0.4273829037019616,0.9687099685338222,1.0068580224709507,1.2561732707895008,2.939222088456542,0.30616678704263567,0.8802306482908142,0.9205914645781261,0.26959720040021257,1.2561732707895008,4.102905096020656,0.21649261129194525,0.6224170604146656,0.6509564673056483,0.8882486381205412,1.5362010368205816,0.33257617393068145,0.9561577335438278,1.364528478835245,0.05360074403644001,True,True,true,
6,826,3993624260,gaussian,identified_unknot,false,0_1,0_1,1,"{""2"": ""1"", ""3"": ""1"", ""4"": ""1""}",0,0,----,----,0,0,0.5686414284891755,1.6290376711225856,1.771536098441592,2.493171737626018,4.384435626243643,0.5686414284891755,1.5074715979668096,1.607739303654652,0.5588873319724982,2.493171737626018,4.384435626243643,0.4020902101483012,1.065943389368452,1.136843363994342,1.762938642338005,0.8796286556896125,0.353690071018704,0.9376343506314008,1.5507313480230498,0.09628308551024922,True,True,true,
6,827,2115083342,gaussian,identified_unknot,false,0_1,0_1,1,"{""2"": ""1"", ""3"": ""1"", ""4"": ""1""}",0,0,"1-c,2-a,2+a,1+c",----,2,0,0.5092699971777408,1.2040909094487902,1.2560531354109725,1.520525938324539,2.985697069827302,0.5092699971777408,1.3161926357630764,1.37326624143681,0.391787079206331,1.8163246885070816,3.5665260050125522,0.36010826845923444,0.9306887380958668,0.9710458716945308,1.284335504079901,1.0298174670728402,0.37084578489667513,0.9584395188991036,1.3226311356832832,0.5092699971777408,True,True,true,
6,828,601559050,gaussian,identified_unknot,false,0_1,0_1,1,"{""2"": ""1"", ""3"": ""1"", ""4"": ""1""}",0,0,"1+c,2+a,2-a,1-c",----,2,0,0.5008275306647357,1.0941633381771498,1.1625214105224257,1.723701700004704,3.441707163575609,0.5008275306647357,1.1632917997334393,1.2462332621980619,0.4470453360474299,2.1213364221996325,4.235662563086411,0.3541385431379482,0.8225715200902181,0.8812199906404822,1.500011369315369,1.1347904162650544,0.4018730247830121,0.9334462776909568,1.7021985261877017,0.4536388924402965,True,True,true,
6,829,1970166514,gaussian,identified_unknot,false,0_1,0_1,1,"{""2"": ""1"", ""3"": ""1"", ""4"": ""1""}",0,0,"1-c,2-a,3+c,4-c,5-a,6+a,2+a,1+c,4+c,5+a,6-a,3-c",----,6,0,1.1843834485940856,1.5913801938925702,1.6386107744515583,2.335585877512807,1.971984563179474,0.35791437323042746,1.312367595333718,1.39955071462593,0.4862442776300268,2.335585877512807,6.52554368362609,0.25308368039536816,0.9279840260699548,0.9896318009264736,1.6515086120328388,1.0104768248795357,0.25573519379473886,0.9377063522020961,1.668811178548152,0.06873417425778244,True,True,true,
6,830,2300801476,gaussian,identified_unknot,false,0_1,0_1,1,"{""2"": ""1"", ""3"": ""1"", ""4"": ""1""}",0,0,"1-a,2-c,3-a,4+a,5-c,5+c,6+c,1+a,2+c,3+a,4-a,6-c",----,6,0,0.612862432586996,1.325820642306276,1.4972572033354303,2.3764265086185294,3.877585543279641,0.612862432586996,1.4550218814857963,1.5564307240317425,0.55261914833591,2.3764265086185294,3.877585543279641,0.4333591820167482,1.0288558391734155,1.100562719409933,1.6803872992356335,0.9086260895118728,0.39376145890994185,0.934845257819597,1.526843740569891,0.33533574358209317,True,True,true,
6,831,3318737711,gaussian,identified_unknot,false,0_1,0_1,1,"{""2"": ""1"", ""3"": ""1"", ""4"": ""1""}",0,0,"1-c,1+c",----,1,0,0.8671048456144134,1.3914409227294036,1.4416667741215936,1.9010875767956106,2.1924541033426443,0.48827679515699873,1.341403609288636,1.4220144651559259,0.4719761605209696,2.320890788195886,4.7532277003858745,0.34526383295154855,0.9485155884361045,1.0055160712571167,1.641117614726702,0.9945141888679906,0.34336978077326274,0.943312211062177,1.6321147534468976,0.22524935620267075,True,True,true,
6,832,3805233033,gaussian,identified_unknot,false,0_1,0_1,1,"{""2"": ""1"", ""3"": ""1"", ""4"": ""1""}",0,0,"1+a,2+c,3+c,4-c,5+a,1-a,2-c,6+c,4+c,3-c,6-c,5-a",----,6,0,0.8485574576740028,1.6024800819662373,1.6872293160024316,2.5825864766205693,3.043502185108062,0.6641701558734033,1.3990405953486973,1.4906905178406316,0.5146296071412259,2.5825864766205693,3.888441017384155,0.46963922107980977,0.9892710921263284,1.0540773738155966,1.8261644106190775,0.948696959863729,0.44554530127118525,0.938518477581319,1.7324766245656573,0.04352959615561987,True,True,true,
6,833,1611701886,gaussian,identified_unknot,false,0_1,0_1,1,"{""2"": ""1"", ""3"": ""1"", ""4"": ""1""}",0,0,"1-c,1+c",----,1,0,0.5099013415062936,1.4111880072112282,1.5629844031094935,2.4927778346982326,4.888745394029257,0.5099013415062936,1.54355131743891,1.6411816263443109,0.5576078022075759,2.4927778346982326,4.888745394029257,0.3605546963152178,1.0914556036704823,1.1604906571468288,1.7626601109066387,0.861704481498016,0.3106915976399794,0.9405121850389772,1.5188921169260405,0.28628876707482964,True,True,true,
6,834,2800390554,gaussian,identified_unknot,false,0_1,0_1,1,"{""2"": ""1"", ""3"": ""1"", ""4"": ""1""}",0,0,"1+c,2+a,3-a,4-c,5+a,5-a,6-a,1-c,2-a,3+a,4+c,6+a",----,6,0,1.1090353500708148,1.3789676358046261,1.4047120657175713,1.8142057514570316,1.6358412302558163,0.5305383128120386,1.3821729754552876,1.4646221082908286,0.48447475271199486,2.5411663430718017,4.789788563247641,0.37514723866866223,0.9773438837172214,1.0356442246481827,1.7968759533090914,0.9655825583729862,0.36223563048024815,0.9437062076498647,1.7350320800750911,0.08728511277681873,True,True,true,
6,835,815567088,gaussian,identified_unknot,false,0_1,0_1,1,"{""2"": ""1"", ""3"": ""1"", ""4"": ""1""}",0,0,"1-a,1+a",----,1,0,0.7808660795556266,1.203986774841405,1.2495204978583487,1.7635292150237942,2.2584272274029105,0.6777321766767498,1.2615924032349861,1.3285634424577188,0.4164918111258318,2.195772506670623,3.239882334401714,0.47922901795644907,0.8920805434208919,0.9394362193983965,1.5526456294097812,1.064468219716276,0.5101240595804806,0.9495913878987652,1.6527419289880867,0.3134913548683003,True,True,true,
6,836,1151557158,gaussian,identified_unknot,false,0_1,0_1,1,"{""2"": ""1"", ""3"": ""1"", ""4"": ""1""}",0,0,"1+c,1-c",----,1,0,0.4046819137515129,0.7054145521802173,0.7482463843332537,1.1722240320341837,2.8966553537501682,0.2978832929837402,0.6578842686462855,0.7029367850250198,0.2476053569877945,1.1722240320341837,3.935178842333292,0.2106352964709818,0.4651944275957408,0.49705136743666184,0.828887562121208,2.0118644983456924,0.423769675068488,0.9359081537081163,1.667609459351968,0.04573296822325464,True,True,true,
6,837,4169655387,gaussian,identified_unknot,false,0_1,0_1,1,"{""2"": ""1"", ""3"": ""1"", ""4"": ""1""}",0,0,"1-a,1+a,2+c,2-c",----,2,0,0.8967308030000253,1.3866402375567919,1.4350254508765923,2.03458923539135,2.268896338326512,0.6340215224285815,1.472223719124166,1.5679032127303092,0.5393308866903817,2.806058900911074,4.425810168340395,0.44832091792746864,1.0410193752163768,1.1086749939657756,1.9841832772430907,0.9019775907662166,0.4043754214423169,0.9389761479986196,1.789688852046339,0.21301935441370484,True,True,true,
6,838,2436007776,gaussian,identified_unknot,false,0_1,0_1,1,"{""2"": ""1"", ""3"": ""1"", ""4"": ""1""}",0,0,"1-c,1+c",----,1,0,0.40881596779080737,1.0101255422864315,1.0842913331591852,1.5055417785368637,3.682688292907519,0.40881596779080737,1.0967120945969624,1.1372253363851688,0.30083890586342765,1.5055417785368637,3.682688292907519,0.2890765430822211,0.7754925590988144,0.8041397470951054,1.0645788009630717,1.243564944541574,0.35948545526631215,0.9643753612481203,1.3238728775797775,0.24774325378952858,True,True,true,
6,839,2627494883,gaussian,identified_unknot,false,0_1,0_1,1,"{""2"": ""1"", ""3"": ""1"", ""4"": ""1""}",0,0,"1-a,2+a,3-a,4-c,5-a,6-c,2-a,1+a,7+c,5+a,4+c,3+a,6+c,7-c",----,7,0,0.5499496936649844,1.2129611489001666,1.2956075730339989,2.0686260361045177,3.7614822954418683,0.5499496936649844,1.1510850376403043,1.2236080422632096,0.41499382792015554,2.0686260361045177,3.7614822954418683,0.3888731577019749,0.8139400358378315,0.8652215441987111,1.4627394978685522,1.1557733469594869,0.4494492310199159,0.9407301994446152,1.690595325181376,0.24531072164821588,True,True,true,
6,840,3477030903,gaussian,identified_unknot,false,0_1,0_1,1,"{""2"": ""1"", ""3"": ""1"", ""4"": ""1""}",0,0,"1+c,2+a,3-a,1-c,2-a,3+a",----,3,0,0.5732206231120456,1.052914789723044,1.091541300100532,1.4709583626819116,2.56612952042095,0.2737139740166494,0.9508826798186938,1.0135938750067637,0.35099098659658806,1.4709583626819116,5.374071119191147,0.19354500713269124,0.672375591012635,0.7167191023864324,1.0401246330954406,1.3952467524171435,0.2700430426484403,0.9381298597649366,1.4512305164354864,0.004105225268147919,True,True,true,
6,841,1637635263,gaussian,identified_unknot,false,0_1,0_1,1,"{""2"": ""1"", ""3"": ""1"", ""4"": ""1""}",0,0,"1-a,1+a",----,1,0,0.6491640705294863,1.095158499820651,1.1991743185837154,1.8089136253690943,2.7865276399133827,0.32457613902876725,1.256737453858551,1.359430115129046,0.518325390067762,1.9915335949297377,6.135797908278241,0.22950998891858893,0.8886475757944972,0.9612622529569573,1.4082269099356404,1.040298833043616,0.2387589736438613,0.9244590360860537,1.4649768110666639,0.15509909569020194,True,True,true,
6,842,2231692547,gaussian,identified_unknot,false,0_1,0_1,1,"{""2"": ""1"", ""3"": ""1"", ""4"": ""1""}",0,0,"1+c,1-c",----,1,0,0.26601359082877635,0.7454203598705913,0.8491360220727727,1.290572030557468,4.851526670260108,0.26601359082877635,0.8601257197311037,0.9334935094651982,0.3627587055753492,1.309300907251293,4.921932383875996,0.18810001396281134,0.6082007290948233,0.6600795907364702,0.9258155501310881,1.5149688219935276,0.2849656565702064,0.9214051420923889,1.402581693365384,0.04350658752606623,True,True,true,
6,843,97671112,gaussian,identified_unknot,false,0_1,0_1,1,"{""2"": ""1"", ""3"": ""1"", ""4"": ""1""}",0,0,"1-a,1+a",----,1,0,0.8726139296725883,1.638778998323497,1.7085450082097227,2.153609011422834,2.467997516646205,0.270743394494004,1.5183943101122688,1.600858743589527,0.5071759418049387,2.153609011422834,7.954428640623877,0.19144449020817478,1.0736669131954548,1.1319780733139309,1.5228315360015428,0.8834093376671532,0.1691238502948295,0.9484873766611334,1.3452835985977767,0.1235437632674752,True,True,true,
6,844,3986839377,gaussian,identified_unknot,false,0_1,0_1,1,"{""2"": ""1"", ""3"": ""1"", ""4"": ""1""}",0,0,"1+c,2-a,3+a,4+c,2+a,3-a,4-c,1-c",----,4,0,0.7219239293856966,1.3934553985066611,1.4545332480148818,1.8620647278777058,2.579308777674379,0.7219239293856966,1.324964563164998,1.3919319893109057,0.4265484371369815,2.289745717598271,3.1717271368836237,0.5104773059694643,0.9368914274458418,0.9842445485922223,1.6190947241065947,1.0160076593061276,0.5186488527669334,0.9518888662232263,1.6450126408344419,0.011813829129911654,True,True,true,
6,845,3122507162,gaussian,identified_unknot,false,0_1,0_1,1,"{""2"": ""1"", ""3"": ""1"", ""4"": ""1""}",0,0,"1-a,2-c,2+c,1+a,3+c,3-c",----,3,0,0.9590733332425428,1.5570159358627482,1.6694863294330247,2.4501803835087177,2.5547372641723576,0.3490115335678411,1.3987264947681264,1.5689844800732857,0.7108280323288542,2.4519667494275965,7.025460518057583,0.24678842209813678,0.9890489894758321,1.1094395654362699,1.7338023157641895,0.9013559919388359,0.2224442229992862,0.8914852329850917,1.5627731061514818,0.030028000087985774,True,True,true,
6,846,3373240222,gaussian,identified_unknot,false,0_1,0_1,1,"{""2"": ""1"", ""3"": ""1"", ""4"": ""1""}",0,0,----,----,0,0,0.4438692921391636,1.2562839350295851,1.3431510503046244,1.7557769439357889,3.955617058963635,0.4438692921391636,1.621779999859668,1.6837330355962807,0.45253349844342033,2.1251281416591676,4.787734090406257,0.3138629864320753,1.1467716354934894,1.1905790471779407,1.5026925198575634,0.839927430581216,0.26362213174844,0.9632049532634651,1.262152667157576,0.40028704946122246,True,True,true,
6,847,2705587003,gaussian,identified_unknot,false,0_1,0_1,1,"{""2"": ""1"", ""3"": ""1"", ""4"": ""1""}",0,0,"1+a,2+c,2-c,1-a",----,2,0,0.40039732302111486,1.0530930599035042,1.1607080009354351,1.9411892530851622,4.848157421329198,0.3485805297917787,1.0075392851636653,1.1174873624152037,0.48336590075177943,1.9411892530851622,5.568840159387884,0.24648365640536607,0.7124378608510743,0.7901828918540595,1.3726280844229672,1.2655298036808065,0.3119324133012103,0.9016113461776342,1.7371017502065595,0.1302911678861455,True,True,true,
6,848,1306985479,gaussian,identified_unknot,false,0_1,0_1,1,"{""2"": ""1"", ""3"": ""1"", ""4"": ""1""}",0,0,"1-a,2-c,3-a,1+a,2+c,3+a",----,3,0,0.6311857985153961,1.1775368509897601,1.2319570923658414,1.796550344051675,2.846309831870929,0.5716343060725176,1.144798772855436,1.2144566478437488,0.4053895893588818,2.0011277285775098,3.5007131435593832,0.4042064941827436,0.8094949753801169,0.8587505311473976,1.41501098689759,1.1644825403064094,0.4706914051542692,0.9426427652959132,1.647755588583985,0.09845941886763042,True,True,true,
6,849,3119687134,gaussian,identified_unknot,false,0_1,0_1,1,"{""2"": ""1"", ""3"": ""1"", ""4"": ""1""}",0,0,"1+c,1-c",----,1,0,0.6121721762192589,1.2628546654837511,1.4153111858718148,2.238496148252312,3.656644707502289,0.08751581111573258,1.2137655810562804,1.3520674472716285,0.5957008445643903,2.238496148252312,25.578191182986146,0.061883023500975534,0.8582618731357259,0.9560560605873533,1.5828558060891769,1.045963768469445,0.0647274004653636,0.8977108231586887,1.6556098238807764,0.04857743524241429,True,True,true,
6,850,1928457279,gaussian,identified_unknot,false,0_1,0_1,1,"{""2"": ""1"", ""3"": ""1"", ""4"": ""1""}",0,0,"1-c,2+c,3+a,3-a,2-c,1+c",----,3,0,1.3189736393214087,1.8260728624147602,1.8501868800553263,2.135630387854519,1.619160780918463,0.3279188512519674,1.647168013134156,1.8082569714545427,0.7460769473195328,2.9053629716702116,8.860005945305593,0.2318736433991689,1.1647236718407337,1.2786307666433563,2.0544018590763056,0.7820866086502721,0.18134527140143858,0.910914786524612,1.606720182769802,0.022786119107003545,True,True,true,
6,851,1535674367,gaussian,identified_unknot,false,0_1,0_1,1,"{""2"": ""1"", ""3"": ""1"", ""4"": ""1""}",0,0,----,----,0,0,0.594415823953144,1.0191838905319264,1.0424143220218087,1.2558720456356238,2.112783669323414,0.594415823953144,1.184382596456912,1.2445365382433637,0.3822421486868745,1.9629044136691374,3.302241182973398,0.4203154599618571,0.8374849654740125,0.8800202256263134,1.387983021726451,1.1363375191613312,0.4776202270382105,0.9516655880016527,1.5772171835466833,0.2777075536750567,True,True,true,
6,852,3156489698,gaussian,identified_unknot,false,0_1,0_1,1,"{""2"": ""1"", ""3"": ""1"", ""4"": ""1""}",0,0,"1+c,2+a,3+c,1-c,2-a,3-c",----,3,0,0.9983729255978162,1.4875655496165157,1.5229622010355885,2.0142249652964943,2.0175076002691035,0.4049244662003011,1.245396297593189,1.3172877057145753,0.4292260029028374,2.0142249652964943,4.974322703188135,0.2863248359185758,0.8806281672927634,0.9314630694844453,1.4242721317963893,1.0735798688760565,0.30739257980142304,0.9454246723707267,1.5290698884977894,0.047519462749400505,True,True,true,
6,853,2319211363,gaussian,identified_unknot,false,0_1,0_1,1,"{""2"": ""1"", ""3"": ""1"", ""4"": ""1""}",0,0,"1-a,2-c,2+c,1+a",----,2,0,0.5887487577388815,1.6438783714216691,1.7901339845932238,2.6807553123778614,4.553309501107797,0.5887487577388815,1.5918427064152936,1.6915994767990987,0.5723159860945858,2.6807553123778614,4.553309501107797,0.4163082390123189,1.1256027722886006,1.1961414610962584,1.895580260084247,0.8360215179595099,0.3480426459181293,0.9410281383081484,1.5847458864497148,0.023225225536496148,True,True,true,
6,854,3778013838,gaussian,identified_unknot,false,0_1,0_1,1,"{""2"": ""1"", ""3"": ""1"", ""4"": ""1""}",0,0,----,----,0,0,0.649986727418947,1.1895715450753537,1.2259524929735013,1.5342237409946642,2.3603924146066215,0.649986727418947,1.5476038561003433,1.6447443937985702,0.5568720010156503,2.6350483524577175,4.054003322377543,0.45961002263918943,1.0943211812390026,1.1630099141735262,1.8632605587772917,0.8598378980377253,0.39519011578315194,0.9409388242547043,1.6021020423556638,0.6499302778993855,True,True,true,
6,855,605736786,gaussian,identified_unknot,false,0_1,0_1,1,"{""2"": ""1"", ""3"": ""1"", ""4"": ""1""}",0,0,"1-a,1+a",----,1,0,0.3086656126081268,1.0528816789631008,1.1770563892938855,1.9631090322405809,6.359986185869331,0.3086656126081268,1.2872661149956282,1.3590254404024689,0.435770692962695,1.9631090322405809,6.359986185869331,0.21825954779430634,0.9102345991050707,0.9609761047136198,1.3881277089058754,1.0406086010827602,0.22712276270318896,0.9471979528318543,1.4444976332887598,0.12914164996167074,True,True,true,
6,856,1421320694,gaussian,identified_unknot,false,0_1,0_1,1,"{""2"": ""1"", ""3"": ""1"", ""4"": ""1""}",0,0,"1+c,1-c",----,1,0,0.5686264031263008,1.199402301818569,1.2696387594077854,1.9349527993353357,3.4028542971219586,0.5686264031263008,1.1415855221401494,1.2098333166105382,0.4005984892892846,1.9349527993353357,3.4028542971219586,0.40207958561232265,0.8072228640096851,0.8554813422807228,1.3682182456859087,1.168932565301762,0.47000392146528175,0.9435890931970765,1.5993548638223056,0.23871818192986027,True,True,true,
6,857,3615575702,gaussian,identified_unknot,false,0_1,0_1,1,"{""2"": ""1"", ""3"": ""1"", ""4"": ""1""}",0,0,"1-c,2-a,2+a,1+c",----,2,0,0.5526365549666108,1.242048972064713,1.3279869893150464,1.8461057551731161,3.3405422398897486,0.1678221144280589,1.162153812341368,1.310539844805348,0.6057336058721279,2.0248438051368702,12.065417075917427,0.11866815514514517,0.8217668414883796,0.9266916112770271,1.431780785455853,1.0791076425327195,0.12805571314238462,0.886774879030084,1.545045588016911,0.0767559720609649,True,True,true,
6,858,2124750958,gaussian,identified_unknot,false,0_1,0_1,1,"{""2"": ""1"", ""3"": ""1"", ""4"": ""1""}",0,0,"1-a,2-c,3+c,1+a,2+c,3-c",----,3,0,0.49750227734619246,1.3621293867058026,1.4713826215824013,2.3315619799294347,4.686535290585196,0.49750227734619246,1.2894399719853746,1.3619647605035206,0.43851176438012307,2.3315619799294347,4.686535290585196,0.35178723396724315,0.9117717481238502,0.9630545178891514,1.648663286764836,1.0383628147987163,0.3652827824724812,0.9467498788358274,1.7119106511004385,0.025328590324961615,True,True,true,
6,859,1323083138,gaussian,identified_unknot,false,0_1,0_1,1,"{""2"": ""1"", ""3"": ""1"", ""4"": ""1""}",0,0,"1+c,2+a,3+c,3-c,2-a,1-c",----,3,0,0.48214562410609874,1.0795402697813592,1.149927510561518,1.8183871567975796,3.771448014630189,0.48214562410609874,0.9999385539304488,1.0590616248375273,0.34890459092277076,1.8183871567975796,3.771448014630189,0.34092844032484254,0.7070633322540906,0.7488696566170588,1.2857938893940943,1.3353458658178199,0.4552573833274958,0.9441740975968717,1.7169795544962192,0.10785305745305418,True,True,true,
6,860,1240221850,gaussian,identified_unknot,false,0_1,0_1,1,"{""2"": ""1"", ""3"": ""1"", ""4"": ""1""}",0,0,"1+a,1-a",----,1,0,0.6560694527700658,1.1828049649124828,1.2299608676499811,1.7272555018475502,2.632732700104703,0.5326956056454264,1.2801227863670188,1.3654925119136678,0.47524251905341725,2.269821222205688,4.261009849059144,0.3766726750601559,0.905183502991537,0.965549014833607,1.6050059783027792,1.035680203321765,0.3901124326920554,0.9374806344217826,1.6622729179412707,0.2710049737055705,True,True,true,
6,861,3549934500,gaussian,identified_unknot,false,0_1,0_1,1,"{""2"": ""1"", ""3"": ""1"", ""4"": ""1""}",0,0,----,----,0,0,0.3354562746792535,1.0381102325836606,1.2179581919215683,2.1635299320066164,6.449513976375238,0.3354562746792535,1.2691725630619144,1.4148783504932312,0.6253652947400404,2.3933560999238046,7.1346291024432675,0.23720340661727726,0.8974405258369907,1.0004700761878005,1.6923583280503103,0.9995301446799972,0.23709195533475536,0.8970188586315401,1.6915631644865248,0.2771932566719307,True,True,true,
6,862,4912196,gaussian,identified_unknot,false,0_1,0_1,1,"{""2"": ""1"", ""3"": ""1"", ""4"": ""1""}",0,0,----,----,0,0,0.3189012398528614,1.338054345769063,1.4499002486479997,2.21260119100437,6.93820190860734,0.3189012398528614,1.3046795405056426,1.3927604718453963,0.48743515314449354,2.21260119100437,6.93820190860734,0.22549722922875595,0.9225477503668887,0.9848303742104553,1.5645453062206214,1.0154032879029613,0.22897062797188655,0.9367580189700193,1.5886444480095643,0.2193309110032654,True,True,true,
6,863,3545096583,gaussian,identified_unknot,false,0_1,0_1,1,"{""2"": ""1"", ""3"": ""1"", ""4"": ""1""}",0,0,"1-c,2-a,2+a,1+c",----,2,0,0.603011310557615,1.0655800847329988,1.107874163886383,1.4788531506379066,2.4524467862309005,0.18317844092164406,1.0252506324320152,1.0900001275458797,0.37008298900082853,1.648095800602046,8.997214914101335,0.1295267177428739,0.7249616746084744,0.7707464816818932,1.1653797166507789,1.2974434833848851,0.1680535958597251,0.9405968004245584,1.5120143190374766,0.10632437866224807,True,True,true,
6,864,825610438,gaussian,identified_unknot,false,0_1,0_1,1,"{""2"": ""1"", ""3"": ""1"", ""4"": ""1""}",0,0,"1-c,2-a,2+a,1+c",----,2,0,0.9256773177582593,1.5124068534546122,1.6033145767725243,2.423152065953681,2.617707077258738,0.9207224589931648,1.6143387019161812,1.6955935412749015,0.5186019790829377,2.5488652682382993,2.7683318065528164,0.6510490943448197,1.1415098432568203,1.198965691171595,1.8023199155021696,0.8340522229813171,0.5430089444082701,0.9520788223234058,1.5032289320480843,0.44468324611125387,True,True,true,
6,865,290833021,gaussian,identified_unknot,false,0_1,0_1,1,"{""2"": ""1"", ""3"": ""1"", ""4"": ""1""}",0,0,"1+a,2+c,2-c,1-a",----,2,0,0.40622977946039096,1.0394199376550406,1.086955419519573,1.341575823315135,3.3025048658352825,0.40622977946039096,0.9940618890085429,1.0432554561427176,0.3165800176769178,1.50919177651581,3.715118518687925,0.2872478317763581,0.7029079026370497,0.7376930075483804,1.0671597392853018,1.3555774417916204,0.38938668095958523,0.9528460964718453,1.4466176693633819,0.02658241780185539,True,True,true,
6,866,1148608723,gaussian,identified_unknot,false,0_1,0_1,1,"{""2"": ""1"", ""3"": ""1"", ""4"": ""1""}",0,0,"1+c,1-c",----,1,0,0.398005018223665,1.1727398782054144,1.2519140450360695,1.826245140203566,4.588497774109168,0.398005018223665,1.1551581634341035,1.2502044705366437,0.47814311205052185,2.085936056795741,5.240979287410686,0.28143204733222893,0.8168201707072527,0.884028058986198,1.4749795308817955,1.1311858145620384,0.3183519397053695,0.923975390152187,1.6684759221028571,0.1438156195992896,True,True,true,
6,867,2090692896,gaussian,identified_unknot,false,0_1,0_1,1,"{""2"": ""1"", ""3"": ""1"", ""4"": ""1""}",0,0,"1-c,1+c",----,1,0,0.46033769106286376,1.0680520081026215,1.1722632401409323,1.928178322205329,4.188617094883974,0.46033769106286376,1.198039526656083,1.2590808831746592,0.3872802124373879,1.928178322205329,4.188617094883974,0.3255079029863089,0.8471418734280378,0.8903046305551486,1.3634279669682878,1.123211051229118,0.36561407389663775,0.9515191141933107,1.5314173600536296,0.24011794545343598,True,True,true,
6,868,357995814,gaussian,identified_unknot,false,0_1,0_1,1,"{""2"": ""1"", ""3"": ""1"", ""4"": ""1""}",0,0,"1+a,1-a,2+a,2-a",----,2,0,0.5452161057231408,1.142904970456131,1.2103347496361079,1.570622852299181,2.880734512081231,0.5452161057231408,1.1972928800748261,1.2443866765526173,0.3390987468331266,1.8560189123545845,3.4041894450144246,0.3855260055689545,0.8466139145672813,0.8799142574085466,1.312403558936407,1.1364743684744016,0.4381404237094362,0.962155013899492,1.4915130058258104,0.30068904191839235,True,True,true,
6,869,2924443139,gaussian,identified_unknot,false,0_1,0_1,1,"{""2"": ""1"", ""3"": ""1"", ""4"": ""1""}",0,0,"1+c,1-c",----,1,0,1.0517919367574182,1.9263730701110557,2.0542903193527873,2.9341282328930527,2.7896470113078746,1.0517919367574182,1.9583893408739999,2.078241562719662,0.6955567428805248,3.4358183721637165,3.2666331163899596,0.7437292108785027,1.3847903831354584,1.4695387019428006,2.429490469882289,0.6804856508222288,0.5060970561001605,0.942329985120296,1.6532334035642517,0.3710919035264954,True,True,true,
6,870,4037495605,gaussian,identified_unknot,false,0_1,0_1,1,"{""2"": ""1"", ""3"": ""1"", ""4"": ""1""}",0,0,"1+a,1-a",----,1,0,0.8110497777861096,1.19964290094309,1.26515442137294,2.0512549861181264,2.5291357476446827,0.4725229658556801,1.1009500046587517,1.1717039214963556,0.4009977143224542,2.0512549861181264,4.341069396285448,0.3341241934229308,0.7784892140415643,0.8285197884329432,1.4504563106268444,1.2069717754012772,0.4032784709401946,0.939614508802492,1.750659828379269,0.13371509653468977,True,True,true,
6,871,3485038949,gaussian,identified_unknot,false,0_1,0_1,1,"{""2"": ""1"", ""3"": ""1"", ""4"": ""1""}",0,0,"1-c,2-a,2+a,3+c,3-c,1+c",----,3,0,0.42876842467778864,0.8024730032999009,0.8494224634987336,1.2333943662323954,2.8765979378245214,0.27745183120299355,0.8287429140246442,0.9337183614053052,0.43013388715532486,1.833971306899476,6.610052991712561,0.19618807129626206,0.5860097343671258,0.6602385850680828,1.2968135476101743,1.5146039971245873,0.297147236973482,0.8875726860263662,1.9641589827356862,0.03713098645499089,True,True,true,
6,872,4116203624,gaussian,identified_unknot,false,0_1,0_1,1,"{""2"": ""1"", ""3"": ""1"", ""4"": ""1""}",0,0,"1-a,2-c,3+c,1+a,2+c,3-c",----,3,0,0.6452623522826059,1.3193915009539932,1.4012896529364798,2.189950705775028,3.393891954223131,0.5464742176183551,1.2389623598296624,1.302457430211052,0.4017058979369015,2.189950705775028,4.007418163878389,0.38641562502155197,0.8760786862704416,0.9209764811090393,1.5485289945177878,1.08580405744542,0.41957165350870906,0.9512497921938982,1.6813990653192903,0.04763856691859387,True,True,true,
6,873,3796271197,gaussian,identified_unknot,false,0_1,0_1,1,"{""2"": ""1"", ""3"": ""1"", ""4"": ""1""}",0,0,"1+a,1-a",----,1,0,0.6325761432030744,1.2477250008228886,1.358519933335847,2.1817780725619973,3.4490362875755594,0.4384791975818246,1.3180817522914687,1.432848743827397,0.5618861245519423,2.4832641017565513,5.663356700731851,0.31005161401934417,0.9320245452035446,1.0131770631749786,1.755932885829178,0.9869943135766558,0.30601917995235683,0.9199029262297673,1.733095773335646,0.11059682052645085,True,True,true,
6,874,3823977322,gaussian,identified_unknot,false,0_1,0_1,1,"{""2"": ""1"", ""3"": ""1"", ""4"": ""1""}",0,0,"1-c,2-a,2+a,1+c",----,2,0,0.4307543320437703,1.1634392301088938,1.2402962919832594,1.8784693791333291,4.360883314209947,0.31829314089390787,1.1980987326130195,1.2902197171739567,0.47877588232441415,2.205354993567754,6.928691543192361,0.22506723833124745,0.8471837383616742,0.9123231112342941,1.5594214708753737,1.096102891273999,0.24669685066593453,0.9286005450585463,1.7092863829412492,0.04802797418999015,True,True,true,
6,875,2484595703,gaussian,identified_unknot,false,0_1,0_1,1,"{""2"": ""1"", ""3"": ""1"", ""4"": ""1""}",0,0,"1+a,2+c,2-c,1-a",----,2,0,0.6001364207697801,1.4272179105743803,1.5288614086156675,2.4104357727002537,4.016479735738163,0.6001364207697801,1.5053275317067722,1.6097056012211466,0.570211491368184,2.495362454309018,4.157992029725972,0.4243605327633347,1.0644273055766662,1.1382337463374412,1.7644877129602128,0.878554166240244,0.37282371404715725,0.9351570439742577,1.5501980315009147,0.31941626838989956,True,True,true,
6,876,3491051285,gaussian,identified_unknot,false,0_1,0_1,1,"{""2"": ""1"", ""3"": ""1"", ""4"": ""1""}",0,0,----,----,0,0,0.27742067572827794,0.7884694051064375,0.8603252211060103,1.2431985890322357,4.4812759026291795,0.27742067572827794,0.8915933771618495,0.9521038427653051,0.3340104447612212,1.4321291646591037,5.1623014791508,0.19616604104881957,0.6304517230521588,0.6732390836131176,1.012668243865478,1.4853564273678714,0.29137648990317383,0.9364455189806733,1.5041732848169225,0.2590701618858509,True,True,true,
6,877,791907286,gaussian,identified_unknot,false,0_1,0_1,1,"{""2"": ""1"", ""3"": ""1"", ""4"": ""1""}",0,0,"1-c,2-a,2+a,1+c",----,2,0,0.5647047910103478,1.4202533944236315,1.5554145230152372,2.314399064305057,4.098422930261004,0.5647047910103478,1.5301896063153033,1.6123413071134225,0.5080986708788334,2.437878199875007,4.317084322081367,0.399306587091949,1.0820074471267245,1.1400974718470829,1.723840206838471,0.8771179874470649,0.3502389900444465,0.9490481944265291,1.5120112529024918,0.37317359190995547,True,True,true,
6,878,1333036551,gaussian,identified_unknot,false,0_1,0_1,1,"{""2"": ""1"", ""3"": ""1"", ""4"": ""1""}",0,0,"1+c,1-c",----,1,0,0.9898056667918853,1.2871978401320874,1.301545099248327,1.5816493713050885,1.597939296944481,0.6333606003407666,1.4497971785265478,1.5033715870300293,0.39776157409389207,2.21252228693698,3.4933058446429697,0.4478535754373388,1.0251614162812455,1.0630442438321155,1.5644895126195066,0.9406946190641601,0.42129344854254946,0.964363827967961,1.4717068661034802,0.49168331278195365,True,True,true,
6,879,3626381464,gaussian,identified_unknot,false,0_1,0_1,1,"{""2"": ""1"", ""3"": ""1"", ""4"": ""1""}",0,0,"1-c,2-a,3-c,4+c,5+a,1+c,2+a,5-a,4-c,3+c",----,5,0,0.7282429593497542,1.684489642981999,1.7868334573309408,2.616074458118657,3.592309990136453,0.1431109227201822,1.4929395762885769,1.6152512368763763,0.616577634837616,2.616074458118657,18.280047451260863,0.10119470391730477,1.0556676982954236,1.142155102915244,1.849843989424625,0.8755378297112132,0.08859979144602582,0.9242770054618068,1.6196083918051685,0.005809532723739684,True,True,true,
6,880,836125141,gaussian,identified_unknot,false,0_1,0_1,1,"{""2"": ""1"", ""3"": ""1"", ""4"": ""1""}",0,0,----,----,0,0,0.15553396632696387,0.6551677416392973,0.7101149448355217,0.9799651209091003,6.300650231274982,0.15553396632696387,0.7037742894836465,0.7386993871949573,0.22445162976461952,1.098320846873778,7.0616140821927305,0.10997912229463629,0.49764357251863073,0.5223393459439014,0.776630118743,1.9144642420014033,0.2105510969997805,0.9527208248487509,1.4868305915947775,0.15553396632696387,True,True,true,
6,881,488818782,gaussian,identified_unknot,false,0_1,0_1,1,"{""2"": ""1"", ""3"": ""1"", ""4"": ""1""}",0,0,"1+c,2+a,2-a,1-c",----,2,0,0.6106705483236416,1.5196365074088636,1.6734001834795016,2.407243249769377,3.9419671644187306,0.6106705483236416,1.9285464610903318,2.0434788999376243,0.6756586134330259,3.0815713749040174,5.046209258598228,0.4318092857905542,1.3636882804702917,1.4449577873575206,2.1790000159049834,0.692061739622691,0.2988386855094427,0.9437564836853464,1.508002541645074,0.444584022518901,True,True,true,
6,882,551050159,gaussian,identified_unknot,false,0_1,0_1,1,"{""2"": ""1"", ""3"": ""1"", ""4"": ""1""}",0,0,----,----,0,0,0.25568442750957443,0.9358496886184224,1.02241226975375,1.4053220719542185,5.4963146783806165,0.25568442750957443,1.0327171426291974,1.1011123494034907,0.38202579667957154,1.5926259680660968,6.228873551583265,0.1807961925358203,0.7302412946007004,0.7786040091114593,1.1261566219133268,1.284349924091962,0.23220557615949655,0.9378853512892256,1.4463791718700416,0.25568442750957443,True,True,true,
6,883,287876969,gaussian,identified_unknot,false,0_1,0_1,1,"{""2"": ""1"", ""3"": ""1"", ""4"": ""1""}",0,0,"1+a,2-a,3-c,1-a,2+a,3+c",----,3,0,0.49691356023464134,1.4180324089713183,1.5649803972607026,2.276449991089905,4.581179048555188,0.49691356023464134,1.5664297659751292,1.6750504931695436,0.5933733588008758,2.3269448548575515,4.682796045571334,0.3513709481054648,1.1076331097734704,1.1844395625500548,1.645398486316921,0.8442811533980145,0.2966558693370357,0.9351537594613751,1.3891789318269974,0.172417661264352,True,True,true,
6,884,1749071290,gaussian,identified_unknot,false,0_1,0_1,1,"{""2"": ""1"", ""3"": ""1"", ""4"": ""1""}",0,0,----,----,0,0,0.19909767699077052,0.7116518045603212,0.8083527828997571,1.4198761650469882,7.131555659048743,0.19909767699077052,0.8166782119873414,0.8763913292951511,0.3179598404341042,1.4198761650469882,7.131555659048743,0.1407833175186627,0.5774787017435539,0.6197022519176939,1.004004064749875,1.6136781767461055,0.22717896712978364,0.931864778539246,1.620139448651257,0.19740106282003933,True,True,true,
6,885,97061122,gaussian,identified_unknot,false,0_1,0_1,1,"{""2"": ""1"", ""3"": ""1"", ""4"": ""1""}",0,0,"1+c,2+a,3-a,1-c,2-a,3+a",----,3,0,0.9464685026453907,1.5799561426004838,1.6674713269030257,2.3725386974872147,2.5067275782088267,0.7049248575649697,1.5864672658693542,1.6779326763414157,0.5464244510078982,2.660576865793304,3.7742701753826164,0.4984571470111512,1.1218017618267015,1.1864775738155076,1.8813119436704961,0.8428309325596204,0.42011510205641633,0.9454892250674239,1.5856278999193563,0.19885798181610687,True,True,true,
6,886,192715030,gaussian,identified_unknot,false,0_1,0_1,1,"{""2"": ""1"", ""3"": ""1"", ""4"": ""1""}",0,0,----,----,0,0,0.6352408748510113,0.934711389501464,0.9658087955641139,1.3546762373360939,2.1325394680463816,0.5732040334578192,0.9978576335782317,1.0272376952770566,0.24392094151132376,1.3546762373360939,2.3633403784060802,0.4053164590615046,0.7055918993619287,0.7263667402208469,0.9579007537326288,1.3767150182233794,0.558005256323095,0.9713989645883265,1.3187563536312048,0.5120567605926638,True,True,true,
6,887,1449603584,gaussian,identified_unknot,false,0_1,0_1,1,"{""2"": ""1"", ""3"": ""1"", ""4"": ""1""}",0,0,"1-c,2+c,2-c,1+c",----,2,0,1.191457548053377,1.5863478066194856,1.6172676140511635,1.979849580904417,1.6617038384113039,0.4765390891627938,1.5241377593628433,1.6080747047348292,0.5127458888108414,2.6211370234108453,5.500361005045319,0.3369640214474723,1.0777281451079368,1.1370805283725527,1.853423763672931,0.8794451888392202,0.2963413874738953,0.9478028320917922,1.629984611842439,0.03131797172413182,True,True,true,
6,888,3624798286,gaussian,identified_unknot,false,0_1,0_1,1,"{""2"": ""1"", ""3"": ""1"", ""4"": ""1""}",0,0,"1-a,1+a",----,1,0,0.7561398112208273,1.1715400186821372,1.2326390966307117,1.9587592678337762,2.590472342239535,0.27592734171503325,1.2224042580406258,1.2999071370651214,0.44213843410971093,1.9587592678337762,7.098822667079888,0.19511009444147773,0.8643703402118367,0.9191731515315382,1.38505196099726,1.0879343008809461,0.21226696419100446,0.9403781417805902,1.5068455368713376,0.04511776105194072,True,True,true,
6,889,3562693378,gaussian,identified_unknot,false,0_1,0_1,1,"{""2"": ""1"", ""3"": ""1"", ""4"": ""1""}",0,0,"1+c,1-c,2-a,3-c,3+c,2+a",----,3,0,1.576596028309403,1.8765668704800287,1.9062429573563704,2.49199625277185,1.5806181215894843,0.4706609936281043,1.7161900856379095,1.8171048874090807,0.5971279275030708,2.693615173735409,5.723047395475874,0.33280758023443097,1.2135296473596875,1.2848871880141788,1.904673555255288,0.7782784429079115,0.2590169653328028,0.9444639643696846,1.4823663688319615,0.07926029371691684,True,True,true,
6,890,511837601,gaussian,identified_unknot,false,0_1,0_1,1,"{""2"": ""1"", ""3"": ""1"", ""4"": ""1""}",0,0,"1-c,1+c",----,1,0,0.9984082385807725,1.4687184672726186,1.5219505754805327,2.0134688718138407,2.016678943551154,0.6237973444274332,1.6073310800317817,1.697843598487041,0.5469549196115627,2.4521559826845047,3.9310138213802,0.4410913323307984,1.1365547063023702,1.2005567218843565,1.7339361238833755,0.8329469001934628,0.3674056579671431,0.9466897195148506,1.4442767195221258,0.3113508513672512,True,True,true,
6,891,1189066432,gaussian,identified_unknot,false,0_1,0_1,1,"{""2"": ""1"", ""3"": ""1"", ""4"": ""1""}",0,0,"1+c,2-c,3-a,1-c,4-a,5+a,2+c,3+a,5-a,4+a",----,5,0,0.9896428951458948,1.6211344533664862,1.6923914180161919,2.2610144899764313,2.2846771305755786,0.5233791213568739,1.4178978693614916,1.514943929454531,0.5334985861755192,2.2610144899764313,4.3200318807419995,0.37008492584290253,1.0026051984554682,1.0712271256346935,1.5987786782233777,0.933508848002246,0.3454775527866046,0.9359408238112273,1.492474042118859,0.09946364720007823,True,True,true,
6,892,1754331191,gaussian,identified_unknot,false,0_1,0_1,1,"{""2"": ""1"", ""3"": ""1"", ""4"": ""1""}",0,0,"1-a,2+a,2-a,1+a",----,2,0,0.7855192718420435,1.378651494112246,1.4309953555989343,1.9002477551656194,2.419097561679851,0.5711491237323739,1.33326602517104,1.415961736777788,0.47681164640074053,2.306942968191496,4.039125461868819,0.4038634184599161,0.9427614475240764,1.001236145976255,1.6312550166188287,0.9987653801940504,0.4033648006845869,0.9415974955686777,1.6292410368667563,0.000795763701142725,True,True,true,
6,893,510226383,gaussian,identified_unknot,false,0_1,0_1,1,"{""2"": ""1"", ""3"": ""1"", ""4"": ""1""}",0,0,"1-c,2-a,2+a,1+c",----,2,0,0.499948383206528,1.036598284538363,1.1013477411116126,1.339784351874623,2.6798453537975737,0.2753346017407362,0.9501195714069646,1.0375547792847213,0.41688454042577855,1.5356371505223099,5.577348944933243,0.19469096398617194,0.6718359918799207,0.7336620202847379,1.0858594425763122,1.3630254427125652,0.2653687373793881,0.9157295502623642,1.4800540474411974,0.20411122364591558,True,True,true,
6,894,3894823619,gaussian,identified_unknot,false,0_1,0_1,1,"{""2"": ""1"", ""3"": ""1"", ""4"": ""1""}",0,0,"1-c,2-a,3-c,3+c,2+a,1+c",----,3,0,1.0054113026356581,1.5814907079678513,1.6642563633045486,2.5088902320832394,2.495386938167745,1.0054113026356581,1.7039535061167748,1.7635906764501406,0.4547466581012064,2.5088902320832394,2.495386938167745,0.710933149975274,1.2048770790017647,1.2470469265552648,1.7740532963587494,0.801894442547013,0.5700933419876144,0.9661842336037932,1.4226034791322903,0.5098339989444651,True,True,true,
6,895,892318747,gaussian,identified_unknot,false,0_1,0_1,1,"{""2"": ""1"", ""3"": ""1"", ""4"": ""1""}",0,0,----,----,0,0,0.7681841389907066,1.3305943034069792,1.401616064726033,1.8916609826223498,2.4625098158206504,0.49432633170363105,1.3141414245690235,1.3991409658143634,0.4802371897840139,2.2276353046033406,4.506406318526643,0.34954150126670813,0.9292383127509063,0.9893420647632318,1.5751760298955824,1.0107727505140691,0.3533070246541675,0.9392487652622864,1.5921450082813893,0.3719313547192553,True,True,true,
6,896,1774764360,gaussian,identified_unknot,false,0_1,0_1,1,"{""2"": ""1"", ""3"": ""1"", ""4"": ""1""}",0,0,"1-c,2-a,3+a,1+c,2+a,3-a",----,3,0,0.5191822162407549,1.4759888325241324,1.5433092549733107,1.9543427427119022,3.764271351323859,0.4716914830301693,1.47339714507018,1.5382961244624291,0.4421038559379147,2.0601276331738934,4.367531972253415,0.333536246278572,1.0418491126600236,1.087739621080369,1.4567302195270522,0.9193376618999832,0.30663243281263936,0.9578111272854382,1.3392269540390493,0.024914115078438753,True,True,true,
6,897,1605548021,gaussian,identified_unknot,false,0_1,0_1,1,"{""2"": ""1"", ""3"": ""1"", ""4"": ""1""}",0,0,"1+a,2+c,2-c,1-a",----,2,0,0.6682787218151462,1.3345632890946746,1.426469939339592,2.0781160552383775,3.109654680600782,0.44577927886410856,1.338998575779055,1.4528576946646756,0.5638069660868138,2.398333912275117,5.380092853096084,0.3152135509972601,0.9468149729324989,1.0273255279964466,1.6958781729193975,0.9734012956440997,0.30682927894531054,0.9216309213877277,1.65077001077429,0.22488171038323732,True,True,true,
6,898,593149847,gaussian,identified_unknot,false,0_1,0_1,1,"{""2"": ""1"", ""3"": ""1"", ""4"": ""1""}",0,0,----,----,0,0,0.5570365563664594,1.2274540262816702,1.2959741993242178,1.767113692786433,3.172347797626223,0.5570365563664594,1.2610957254939748,1.3168928229293597,0.37926808226330216,1.767113692786433,3.172347797626223,0.39388432637552595,0.8917293392221584,0.9311838451892456,1.249538075296888,1.0739017919675882,0.42299308392262364,0.9576297353407491,1.3418811781930593,0.16979219965933084,True,True,true,
6,899,4279812575,gaussian,identified_unknot,false,0_1,0_1,1,"{""2"": ""1"", ""3"": ""1"", ""4"": ""1""}",0,0,"1-a,1+a",----,1,0,0.22263887559851728,1.1846776594568877,1.3109735533551135,1.9075553641631935,8.567934773453812,0.22263887559851728,1.2321120666079082,1.3574466552340627,0.5697027971893185,2.079461350697656,9.340064016706275,0.15742945869145972,0.8712347974802229,0.9598597350150031,1.47040122229365,1.0418188861567044,0.16401298330218947,0.9076688662918079,1.531891763613427,0.09741957521330306,True,True,true,
6,900,2160674693,gaussian,identified_unknot,false,0_1,0_1,1,"{""2"": ""1"", ""3"": ""1"", ""4"": ""1""}",0,0,"1-a,2+a,3+c,1+a,2-a,3-c",----,3,0,0.7217436048282191,1.5081755696362167,1.6284384683219715,2.619038044581877,3.6287651557442335,0.3199631578436416,1.3883346301123032,1.5494203839274905,0.687917495751451,2.708412454158938,8.464763482183391,0.22624811864110064,0.9817008315085267,1.0956056603837925,1.9151368125858843,0.9127371609687545,0.2065050654830001,0.896034829871758,1.7480165371863894,0.017155909960989292,True,True,true,
6,901,45711422,gaussian,identified_unknot,false,0_1,0_1,1,"{""2"": ""1"", ""3"": ""1"", ""4"": ""1""}",0,0,"1+a,1-a",----,1,0,1.1960645880378113,1.8094036248342436,1.89751693032975,3.014965209025837,2.52073779223913,0.8355269080623806,1.8093779338021883,1.986864053496483,0.8208411903323317,3.6878560243541205,4.413808805878439,0.5908067425547383,1.2794234067208312,1.4049250455231543,2.60770800286046,0.7117817446464756,0.42052545396451285,0.9106702245772905,1.8561189518045949,0.035867408303064424,True,True,true,
6,902,430317846,gaussian,identified_unknot,false,0_1,0_1,1,"{""2"": ""1"", ""3"": ""1"", ""4"": ""1""}",0,0,"1-c,1+c",----,1,0,0.775793459809746,1.0134574837317176,1.0354770439307863,1.4027121832771245,1.8081000368591955,0.6440613008475851,1.0390474865616532,1.0723440808543436,0.2651455230873373,1.5834833715484866,2.458591083588816,0.45542011332915644,0.734717523722583,0.7582617713373617,1.1196918299180723,1.3188057710416807,0.6006106737069479,0.9689497103707956,1.4766560470841736,0.24044523550945024,True,True,true,
6,903,2847528407,gaussian,identified_unknot,false,0_1,0_1,1,"{""2"": ""1"", ""3"": ""1"", ""4"": ""1""}",0,0,"1+a,1-a,2+a,2-a",----,2,0,1.132120013682655,1.7582080713513786,1.7989409995404908,2.237751807129007,1.9766029926896709,0.9561739814888001,1.563711241431584,1.611000193099384,0.3874645475224122,2.237751807129007,2.340318655862964,0.6761171063048709,1.1057108226339074,1.139149161033412,1.582329477433372,0.8778481644079177,0.5935281606945237,0.9706462160151442,1.3890450272534252,0.07130678165534152,True,True,true,
6,904,3858205505,gaussian,identified_unknot,false,0_1,0_1,1,"{""2"": ""1"", ""3"": ""1"", ""4"": ""1""}",0,0,"1-a,1+a,2-a,2+a",----,2,0,0.42381992431434623,1.0104112039618631,1.1364696715024478,1.6957983149221394,4.001223674572623,0.42381992431434623,1.1990789505564605,1.2693563694655796,0.4165036170734353,1.6957983149221394,4.001223674572623,0.29968594248464353,0.8478768571165222,0.8975704965914479,1.1991104880061652,1.1141186166407333,0.3338856876676654,0.9446353911323521,1.3359513180968234,0.1395912554814115,True,True,true,
6,905,1942097724,gaussian,identified_unknot,false,0_1,0_1,1,"{""2"": ""1"", ""3"": ""1"", ""4"": ""1""}",0,0,"1+c,2+a,2-a,1-c",----,2,0,0.49546551378551273,1.2747065025945903,1.4452186709396382,2.3544508428737014,4.751997419325827,0.11376941172908697,1.263476718420086,1.491218912934589,0.7920608741152597,2.7405578009404454,24.08870503318053,0.08044712252524173,0.8934129554661687,1.0544510055696796,1.9378670052786813,0.9483608007559708,0.07629289753655194,0.8472778258516539,1.8377971048846653,0.0565048790678627,True,True,true,
6,906,831912293,gaussian,identified_unknot,false,0_1,0_1,1,"{""2"": ""1"", ""3"": ""1"", ""4"": ""1""}",0,0,"1+a,1-a",----,1,0,0.874508189545642,1.3809914533270422,1.453952210027067,2.167847104939411,2.4789328800519685,0.3987390190218335,1.4768712345474317,1.5619856168472839,0.5085768612551445,2.3061624028508563,5.783638652942011,0.28195106427401023,1.044305664887837,1.1044906217885668,1.630703073573303,0.9053947405914965,0.25527701069786385,0.9455088565593535,1.4764299862796566,0.10993926269069379,True,True,true,
6,907,1498582897,gaussian,identified_unknot,false,0_1,0_1,1,"{""2"": ""1"", ""3"": ""1"", ""4"": ""1""}",0,0,----,----,0,0,0.8550990161738999,1.3413295622464563,1.4272997525905635,2.219541127414359,2.5956539364828073,0.8550990161738999,1.4200290090993648,1.4774016447481895,0.40771709949538787,2.219541127414359,2.5956539364828073,0.6046463129225099,1.0041121418157744,1.0446807215376033,1.5694525823171281,0.9572302612497333,0.5787857480825022,0.9611665278343431,1.5023275053904932,0.40511578466647274,True,True,true,
6,908,2576573096,gaussian,identified_unknot,false,0_1,0_1,1,"{""2"": ""1"", ""3"": ""1"", ""4"": ""1""}",0,0,"1+a,2+a,3-a,4-c,2-a,3+a,4+c,1-a",----,4,0,0.6332080357584374,1.4894220908801126,1.5831977988915908,2.219979243204762,3.505923989966012,0.6332080357584374,1.4822304879653865,1.5624402483874933,0.49417841952787017,2.311921339100836,3.6511244465362584,0.44774569598660496,1.04809522932177,1.10481209483359,1.6347752564480849,0.9051312930735274,0.40526864077646224,0.9486637901802091,1.4796862417534624,0.01789616276932642,True,True,true,
6,909,878146768,gaussian,identified_unknot,false,0_1,0_1,1,"{""2"": ""1"", ""3"": ""1"", ""4"": ""1""}",0,0,"1-a,1+a",----,1,0,0.300173442036885,1.0653199744189885,1.2346192253544324,2.1434279948558674,7.140631697165551,0.300173442036885,1.337753730102691,1.4304599953536834,0.5065873625581255,2.1434279948558674,7.140631697165551,0.21225467639638843,0.9459347341132112,1.0114879629306668,1.515632470147668,0.988642511476477,0.20984399634515236,0.9351912912265181,1.498418691762087,0.014213491328040739,True,True,true,
6,910,1463022005,gaussian,identified_unknot,false,0_1,0_1,1,"{""2"": ""1"", ""3"": ""1"", ""4"": ""1""}",0,0,"1+c,2+a,3+c,4+a,5-a,1-c,2-a,3-c,4-a,5+a",----,5,0,1.0425039918678478,1.5375170188215685,1.5734038453618657,1.9099740114625425,1.8321023481554772,0.7398053257248165,1.377290875964708,1.4429854361573782,0.4304379304228035,2.2233899418300065,3.005371635641665,0.5231213625779403,0.973891718061005,1.02034478706031,1.572174105089961,0.9800608702878516,0.512690777874303,0.9544731647689997,1.5408263216784914,0.09221787956800197,True,True,true,
6,911,4257716948,gaussian,identified_unknot,false,0_1,0_1,1,"{""2"": ""1"", ""3"": ""1"", ""4"": ""1""}",0,0,"1-c,2+c,3+a,1+c,2-c,3-a",----,3,0,1.5340102458687643,1.9207929117494922,1.9389054454878483,2.2828393697144334,1.4881513183255048,0.7998227142648301,1.8484975226487044,1.9045206312421095,0.4585365237235147,2.6360141950079785,3.2957481051671724,0.5655600650036917,1.3070851332714324,1.3466994532609795,1.8639435125941397,0.7425561787958994,0.4199601207487018,0.9705841419229636,1.3840827722033109,0.18715050894172916,True,True,true,
6,912,2549900324,gaussian,identified_unknot,false,0_1,0_1,1,"{""2"": ""1"", ""3"": ""1"", ""4"": ""1""}",0,0,----,----,0,0,1.0003981436518325,1.4032831407998396,1.4192685685150577,1.7261416072613485,1.7254546284545043,0.48232782856624,1.4463199498068147,1.498339593636994,0.3913823458602682,2.369197089476218,4.912005795972535,0.3410572783341709,1.0227026442737857,1.0594860871810143,1.6752753279360653,0.9438538288508443,0.3219082180131553,0.9652818065736954,1.5812150326518093,0.14931827957532742,True,True,true,
6,913,2909075169,gaussian,identified_unknot,false,0_1,0_1,1,"{""2"": ""1"", ""3"": ""1"", ""4"": ""1""}",0,0,"1-c,2-a,3-c,4-a,5-c,1+c,6+a,7+c,2+a,5+c,4+a,3+c,7-c,6-a",----,7,0,0.633528692597896,0.9348669464004363,0.9624275912759747,1.2910046853175297,2.037799866685655,0.3008278026569157,0.8285466281017412,0.8632342124249387,0.24224737472703214,1.2910046853175297,4.291507214144958,0.2127173792281536,0.5858709392599897,0.6103987653579027,0.91287816753163,1.6382733005917163,0.348489202961327,0.9598167173822323,1.4955439285601613,0.11105673642367908,True,True,true,
6,914,2538072375,gaussian,identified_unknot,false,0_1,0_1,1,"{""2"": ""1"", ""3"": ""1"", ""4"": ""1""}",0,0,"1-a,1+a",----,1,0,0.3649676150025447,1.1171864026150924,1.1753626547398337,1.4458455825552006,3.9615722686658636,0.3649676150025447,1.0550640939380456,1.1165367826397612,0.36536850530695775,1.4624387112835346,4.007036929217234,0.2580710754817805,0.7460429754100325,0.7895107304487854,1.034100329818303,1.2666072308245453,0.3268746902718902,0.9449434271602057,1.3097989551459095,0.10926904343720596,True,True,true,
6,915,3559921383,gaussian,identified_unknot,false,0_1,0_1,1,"{""2"": ""1"", ""3"": ""1"", ""4"": ""1""}",0,0,"1+c,2+a,3+c,1-c,2-a,3-c",----,3,0,1.1406612811729056,1.6443366193704154,1.7374107639626273,2.666432684783938,2.3376200532046907,0.5155306401139177,1.8073360778695298,1.980665700892518,0.810291873538933,3.3898046893805684,6.5753699695356955,0.36453521153399276,1.2779795965446425,1.4005421483647054,2.3969538827589583,0.7140092150511967,0.2602815002459081,0.9124892085802856,1.711447160342642,0.36192814650916294,True,True,true,
6,916,3973438204,gaussian,identified_unknot,false,0_1,0_1,1,"{""2"": ""1"", ""3"": ""1"", ""4"": ""1""}",0,0,----,----,0,0,0.7002712741049362,0.9743960776327864,0.9943586659670625,1.3027310712315723,1.8603234480761481,0.31495594816298683,0.9706103927119156,1.0378175614671479,0.36739727332853006,1.7689966218617474,5.616647763535197,0.22270748672108673,0.6863251905767335,0.7338478353479068,1.2508695072145364,1.36268031577134,0.30347910832973196,0.9352418274169279,1.704535255079845,0.26703756746379115,True,True,true,
6,917,1976267239,gaussian,identified_unknot,false,0_1,0_1,1,"{""2"": ""1"", ""3"": ""1"", ""4"": ""1""}",0,0,"1-c,1+c",----,1,0,0.4229984819851407,1.1602855223659498,1.3091382982399042,2.0959609237645456,4.955008145485906,0.4229984819851407,1.170556196312002,1.2942329005954105,0.5521204508612114,2.0959609237645456,4.955008145485906,0.2991050950433086,0.8277082241721481,0.9151608604457496,1.4820681822959305,1.0927040733723332,0.3268333557202422,0.9044401481166865,1.619461939810293,0.06990233742091796,True,True,true,
6,918,1621018725,gaussian,identified_unknot,false,0_1,0_1,1,"{""2"": ""1"", ""3"": ""1"", ""4"": ""1""}",0,0,"1-c,2-a,2+a,1+c",----,2,0,1.0174787813419852,1.2022825368564687,1.209536916681118,1.4023563681532893,1.378265958827836,0.531706562021207,1.1287357130544327,1.1784390289415565,0.3386358442460266,1.7848295286213665,3.356794247256589,0.3759733156065811,0.7981366768682223,0.8332822285794647,1.2620650629501573,1.2000735953588582,0.4511956486189804,0.957822751397019,1.5145709576713988,0.016457957606117544,True,True,true,
6,919,2549983218,gaussian,identified_unknot,false,0_1,0_1,1,"{""2"": ""1"", ""3"": ""1"", ""4"": ""1""}",0,0,"1+c,2+a,2-a,1-c",----,2,0,0.8045331882039801,1.3472121481509383,1.4501088893165093,2.3528802005477685,2.9245284533261824,0.7535562797784942,1.513726937666252,1.5906361410843508,0.4886246939188258,2.3528802005477685,3.1223682473184238,0.5328447554370804,1.070366582488553,1.1247496017611462,1.6637375451268908,0.8890867784564566,0.47374522702897226,0.9516487765921944,1.4792070541939208,0.37117518304862795,True,True,true,
6,920,2129066503,gaussian,identified_unknot,false,0_1,0_1,1,"{""2"": ""1"", ""3"": ""1"", ""4"": ""1""}",0,0,"1-a,1+a",----,1,0,1.0333938572452184,1.2471359542057951,1.268641925292464,1.6243366327387694,1.5718466113867404,0.5085819666653391,1.13189065875211,1.1907495154165377,0.36974037525598163,1.6243366327387694,3.193854165512769,0.35962175741825186,0.8003675603653253,0.8419870570456292,1.1485794479393063,1.1876667124893914,0.4271107903725926,0.9505699092022403,1.364129576966956,0.3452521187296866,True,True,true,
6,921,3818146573,gaussian,identified_unknot,false,0_1,0_1,1,"{""2"": ""1"", ""3"": ""1"", ""4"": ""1""}",0,0,"1-a,1+a",----,1,0,0.488383368302233,1.055104975660567,1.1556419999293097,1.859528221949812,3.80751750088069,0.488383368302233,1.0689027792792984,1.1259414956945455,0.35382354384051623,1.859528221949812,3.80751750088069,0.3453391915452361,0.7558284036575393,0.7961608668249369,1.3148850155484753,1.2560275713976834,0.4337555460650023,0.9493413142393671,1.6515318327465567,0.15851403391163427,True,True,true,
6,922,4039447182,gaussian,identified_unknot,false,0_1,0_1,1,"{""2"": ""1"", ""3"": ""1"", ""4"": ""1""}",0,0,----,----,0,0,0.2991706558176546,1.388745796222753,1.5875655155802135,2.5307034994465396,8.459063247797307,0.2991706558176546,1.5763259598112163,1.6891834332637388,0.6070725983257046,2.5307034994465396,8.459063247797307,0.2115455994606902,1.1146307755429041,1.1944330603287636,1.7894776056311743,0.837217281749346,0.17710963174651498,0.9331881480541956,1.49818157673786,0.10553398293596096,True,True,true,
6,923,618801499,gaussian,identified_unknot,false,0_1,0_1,1,"{""2"": ""1"", ""3"": ""1"", ""4"": ""1""}",0,0,"1+c,2+a,2-a,1-c",----,2,0,0.5679418209062168,1.1103591580534635,1.2258444838486726,1.9699676675100655,3.46860821829735,0.5679418209062168,1.1825867776851988,1.2718247515866452,0.4680028974189908,1.9699676675100655,3.46860821829735,0.40159551288222156,0.8362151298427521,0.899315906327813,1.392977496414613,1.1119563136421233,0.44655666607973293,0.9298346931917159,1.5489301218996272,0.43354651384970605,True,True,true,
6,924,1940546566,gaussian,identified_unknot,false,0_1,0_1,1,"{""2"": ""1"", ""3"": ""1"", ""4"": ""1""}",0,0,"1+a,2+c,3-c,1-a,2-c,3+c",----,3,0,0.7558325275523338,1.4122252057852611,1.5123648805495116,2.281447516697474,3.0184563822433628,0.7558325275523338,1.5223053281002332,1.583729533857944,0.4367902522396091,2.2982152933971327,3.0406408954634525,0.5344543056736232,1.076432420536087,1.119865892956362,1.6250836185877433,0.8929640649739541,0.4772484893371508,0.9612154699116571,1.451141273976694,0.05305800198923464,True,True,true,
6,925,3225345093,gaussian,identified_unknot,false,0_1,0_1,1,"{""2"": ""1"", ""3"": ""1"", ""4"": ""1""}",0,0,"1+c,2+a,3-a,3+a,2-a,1-c",----,3,0,0.5612307291172371,1.5156747965332469,1.6540048082282532,2.4973040239922835,4.449692246752608,0.5612307291172371,1.3886179624287527,1.4689603376218283,0.47914990131091073,2.4973040239922835,4.449692246752608,0.3968500543690687,0.9819011777108174,1.038711816026475,1.765860610049396,0.9627309370807347,0.382059824723274,0.9453066409382122,1.7000486398668129,0.16980607327685052,True,True,true,
6,926,2452663751,gaussian,identified_unknot,false,0_1,0_1,1,"{""2"": ""1"", ""3"": ""1"", ""4"": ""1""}",0,0,"1+c,1-c",----,1,0,0.5360044652153775,1.0428559745764054,1.1247015082549745,1.6545049435594572,3.086737239949379,0.5360044652153775,1.2922451095764778,1.3670848751131353,0.4461206479628277,2.047573646503738,3.82006826320184,0.3790123921000623,0.9137552799366805,0.9666749856500623,1.4478532104216597,1.034473856099139,0.3920784107651104,0.9452559479670464,1.4977662936504128,0.3797150254948559,True,True,true,
6,927,1281505335,gaussian,identified_unknot,false,0_1,0_1,1,"{""2"": ""1"", ""3"": ""1"", ""4"": ""1""}",0,0,----,----,0,0,0.8436567806406086,1.2645506064306715,1.3134481035371293,1.9292920876691808,2.286821053229992,0.6508850094723463,1.1515423331077959,1.209962299953149,0.3714283542872946,1.9292920876691808,2.964105885973933,0.46024520397056623,0.8142633925639006,0.855572547276943,1.3642155180804287,1.1688079557750313,0.5379382560080997,0.9517175313250544,1.594505950924161,0.08917098388024843,True,True,true,
6,928,899309179,gaussian,identified_unknot,false,0_1,0_1,1,"{""2"": ""1"", ""3"": ""1"", ""4"": ""1""}",0,0,"1-c,1+c",----,1,0,0.469968968794126,1.2952402251999848,1.3761586751625738,2.0274667604599457,4.314043894562101,0.469968968794126,1.3964947851870597,1.472713422380678,0.46763996771614497,2.416666196345042,5.1421824775918,0.3323182447815754,0.9874709324974209,1.0413656477098254,1.7088410552998798,0.9602774992618616,0.3191177330579424,0.9482461176524019,1.6409616152193691,0.335680269733773,True,True,true,
6,929,181794551,gaussian,identified_unknot,false,0_1,0_1,1,"{""2"": ""1"", ""3"": ""1"", ""4"": ""1""}",0,0,"1+a,1-a,2-c,2+c",----,2,0,0.7875843961800804,1.9750428252104768,2.131609656041961,3.191571594655939,4.0523550366609715,0.7875843961800804,2.010211223234062,2.1151633913257597,0.6580022872213331,3.191571594655939,4.0523550366609715,0.5569062672956472,1.4214339875661097,1.4956463773239796,2.2567819172235772,0.6686072424346767,0.37235156367113165,0.9503810587295032,1.5089007344512988,0.624427030769992,True,True,true,
6,930,1687732115,gaussian,identified_unknot,false,0_1,0_1,1,"{""2"": ""1"", ""3"": ""1"", ""4"": ""1""}",0,0,"1+c,2+a,3-c,4-a,2-a,1-c,4+a,3+c",----,4,0,0.7080767783222126,1.5635692523991747,1.6209678831462981,1.8895403307004868,2.66855288656373,0.44233948973703724,1.376377002391873,1.467763120965443,0.5098185231560146,1.9753954346999,4.465790372625869,0.31278125277965624,0.9732455118605063,1.0378652560101955,1.3968155074012472,0.963516211964009,0.30136980785161155,0.9377378288988079,1.3458543865038348,0.0037786776566208903,True,True,true,
6,931,1950064866,gaussian,identified_unknot,false,0_1,0_1,1,"{""2"": ""1"", ""3"": ""1"", ""4"": ""1""}",0,0,"1-c,1+c",----,1,0,0.35816713623240004,0.8331017720136601,0.9583048959355337,1.7611705378414717,4.917175138867906,0.35816713623240004,1.0108073912974165,1.086270531280855,0.39780910601405634,1.7611705378414717,4.917175138867906,0.25326241082809603,0.7147487608598871,0.7681092588718061,1.2453356301336638,1.3018981198961115,0.3297218564974548,0.9305300679615621,1.621300115510656,0.16951277281609603,True,True,true,
6,932,706334686,gaussian,identified_unknot,false,0_1,0_1,1,"{""2"": ""1"", ""3"": ""1"", ""4"": ""1""}",0,0,"1-a,1+a",----,1,0,1.1129212911964266,1.651198775332652,1.7244662994769056,2.557541726208396,2.2980436679928693,0.6521192837437164,1.5885343617709384,1.7441783629974401,0.7202199271204786,3.2707622231798408,5.015588872641365,0.46111796767769614,1.1232634193560749,1.2333203480743415,2.312778147659253,0.8108193475939655,0.3738833697162849,0.9107637128584595,1.8752452688146557,0.1393380843501074,True,True,true,
6,933,1082896209,gaussian,identified_unknot,false,0_1,0_1,1,"{""2"": ""1"", ""3"": ""1"", ""4"": ""1""}",0,0,"1+a,1-a",----,1,0,0.3441231781871368,1.5870010797437601,1.8224609901099027,3.1029969037352823,9.017111024261926,0.3441231781871368,1.6314744722521783,1.7590114130171586,0.6575805635160591,3.1029969037352823,9.017111024261926,0.243331832859591,1.153626662662259,1.2438088983289637,2.1941501526320786,0.8039820275795447,0.19563442035710088,0.9274951033170264,1.764057288527106,0.24024899814253967,True,True,true,
6,934,4010197090,gaussian,identified_unknot,false,0_1,0_1,1,"{""2"": ""1"", ""3"": ""1"", ""4"": ""1""}",0,0,"1-c,2+c,2-c,1+c",----,2,0,0.4132386900054721,1.004679881919905,1.050464373580123,1.278282715224925,3.0933277694980545,0.4132386900054721,0.9659888149589337,1.014060552918617,0.3085197147020694,1.366799888656246,3.307531268764178,0.29220387995151487,0.6830572416078191,0.7170490935025339,0.9664734697938496,1.394604649892729,0.40750888969707943,0.952594805289166,1.3478483949724627,0.13345925848894766,True,True,true,
6,935,2159138205,gaussian,identified_unknot,false,0_1,0_1,1,"{""2"": ""1"", ""3"": ""1"", ""4"": ""1""}",0,0,"1-c,1+c",----,1,0,0.3508270134955192,1.3208909865588891,1.4801228650715608,2.5896101544871986,7.3814445720277275,0.3508270134955192,1.379212960870986,1.4714915444558216,0.5128927509435746,2.5896101544871986,7.3814445720277275,0.24807216026610604,0.9752508373322506,1.0405016495433774,1.831130900867441,0.9610748819464615,0.23841592214195154,0.9372890833572806,1.7598539143796936,0.04801752292736899,True,True,true,
6,936,1903427132,gaussian,identified_unknot,false,0_1,0_1,1,"{""2"": ""1"", ""3"": ""1"", ""4"": ""1""}",0,0,"1-c,2-a,3+a,4+c,5+a,3-a,2+a,1+c,4-c,5-a",----,5,0,1.1894246858665654,1.6334860122773776,1.707805250502523,2.6173361039453886,2.2005059547242425,0.505640534275483,1.4667697731603033,1.558537331134897,0.5269013618167632,2.6173361039453886,5.176278258023144,0.35754185062898286,1.0371628530411046,1.1020523155778692,1.8507361077441626,0.9073979391583081,0.3244327384235867,0.9411194354210495,1.6793541300929218,0.03453153147718288,True,True,true,
6,937,2989710222,gaussian,identified_unknot,false,0_1,0_1,1,"{""2"": ""1"", ""3"": ""1"", ""4"": ""1""}",0,0,----,----,0,0,0.9250884518828892,1.3849333941568338,1.4251193960749886,1.9759776606668153,2.135987814619226,0.6655735489026686,1.562230937497183,1.662260150471483,0.5679289619064598,2.632656968347301,3.9554711461832635,0.47063156980747317,1.1046640896836755,1.1753954244945564,1.8615695948563944,0.8507775163664774,0.4004027580844584,0.9398233706403132,1.5837815564552726,0.6068059043686822,True,True,true,
6,938,190528342,gaussian,identified_unknot,false,0_1,0_1,1,"{""2"": ""1"", ""3"": ""1"", ""4"": ""1""}",0,0,"1+c,1-c,2-a,2+a",----,2,0,0.726240291945139,1.1167504923308316,1.167996852733738,1.77266862453588,2.4408844348032805,0.5083198030880045,1.1870477763418423,1.2627256947049186,0.43057375297375744,1.9131307408591824,3.7636360598919367,0.35943637977493853,0.8393695322437289,0.892881901504342,1.3527877201579714,1.1199689436141371,0.4025575825530277,0.9400678083289016,1.5150802338795002,0.11868027455435437,True,True,true,
6,939,2825825948,gaussian,identified_unknot,false,0_1,0_1,1,"{""2"": ""1"", ""3"": ""1"", ""4"": ""1""}",0,0,"1-a,1+a",----,1,0,0.8117158094594468,1.33348076075647,1.4055833165961,1.9221559006155757,2.3680158476839503,0.7064732089459098,1.4368023576644449,1.535463582691962,0.5415232209085102,2.568876169639344,3.6361975756621034,0.49955199677227347,1.0159726903293482,1.0857367115864776,1.8164697595805037,0.9210336072534574,0.46010417759783456,0.9357449918450395,1.6730296951332517,0.4123902774106349,True,True,true,
6,940,263374348,gaussian,identified_unknot,false,0_1,0_1,1,"{""2"": ""1"", ""3"": ""1"", ""4"": ""1""}",0,0,"1-a,2-c,2+c,1+a",----,2,0,0.5601977068616337,2.1028603966656565,2.328120351447196,3.5642654667432283,6.362513489587678,0.5601977068616337,1.9193367175054463,2.0499403447886895,0.7200013764068706,3.5642654667432283,6.362513489587678,0.3961195973270149,1.3571760083284299,1.4495267188279715,2.5203162814831717,0.6898803499176334,0.27327512641319307,0.9362890595254343,1.738716678172719,0.18325304989138394,True,True,true,
6,941,2052443489,gaussian,identified_unknot,false,0_1,0_1,1,"{""2"": ""1"", ""3"": ""1"", ""4"": ""1""}",0,0,"1+a,2-c,3+c,1-a,4-c,3-c,2+c,4+c",----,4,0,1.0207139871568125,1.98518026369503,2.145416143302017,3.520232769456169,3.448794484791708,0.4651000451229406,1.7659929750196406,1.8858988867143938,0.661727604903912,3.520232769456169,7.568764626814131,0.3288753958366005,1.248745608164193,1.3335318914279084,2.4891804626375573,0.7498883277018806,0.2466198206062024,0.9364197558313148,1.8666073744754714,0.12012479579665404,True,True,true,
6,942,3119582160,gaussian,identified_unknot,false,0_1,0_1,1,"{""2"": ""1"", ""3"": ""1"", ""4"": ""1""}",0,0,----,----,0,0,0.6087991516994652,1.1216852901405039,1.1970210773528935,1.666912863528121,2.7380341429105597,0.6087991516994652,1.2604422883210025,1.3275429944439499,0.41672009779865826,2.181021778966248,3.582498058477771,0.43048600854730945,0.8912672893660702,0.9387146536880121,1.5422152898225812,1.0652864489450662,0.45859091136589875,0.9494549657496759,1.6429010496038836,0.4144364168491973,True,True,true,
6,943,3265348382,gaussian,identified_unknot,false,0_1,0_1,1,"{""2"": ""1"", ""3"": ""1"", ""4"": ""1""}",0,0,"1-c,2-a,3-c,1+c,2+a,3+c",----,3,0,0.5632316745108454,1.1846166688312427,1.2438389165193817,1.6910764313330593,3.0024526457993024,0.35105827104282145,1.161530606454855,1.2609996363936424,0.4908836249596381,2.222249551142262,6.330144407482701,0.24823568404600402,0.8213261683799509,0.8916613939677153,1.571367727101455,1.1215019588884516,0.27839680592360827,0.9211189067244613,1.7622919840783755,0.06460794933139911,True,True,true,
6,944,1074503343,gaussian,identified_unknot,false,0_1,0_1,1,"{""2"": ""1"", ""3"": ""1"", ""4"": ""1""}",0,0,"1-a,1+a,2+c,2-c",----,2,0,0.9031960037245521,1.111671636598249,1.1315252228025146,1.4563168100648887,1.6124039566820558,0.2255468401259125,1.1337174753365309,1.208296881514703,0.41793066409958324,1.764580251789514,7.8235645013001704,0.15948570012823082,0.8016593147601534,0.8543949186056048,1.2477466619882307,1.1704189458804677,0.18666508502709228,0.9382772501368369,1.4603863328501372,0.10746952969427818,True,True,true,
6,945,1163826206,gaussian,identified_unknot,false,0_1,0_1,1,"{""2"": ""1"", ""3"": ""1"", ""4"": ""1""}",0,0,"1+c,1-c",----,1,0,1.1461132812338326,1.4657913367515274,1.5062086014341276,2.141879118181766,1.868819734708907,0.22534792221180527,1.5125024330692662,1.6339964567246894,0.6182886142800862,2.796109065804129,12.407964707906457,0.15934504392226612,1.0695007269844303,1.1554099749848188,1.9771476813672821,0.8654936530326728,0.1379121241569338,0.925646091118854,1.711208769331648,0.1093658727023601,True,True,true,
6,946,4177107208,gaussian,identified_unknot,false,0_1,0_1,1,"{""2"": ""1"", ""3"": ""1"", ""4"": ""1""}",0,0,"1+a,1-a",----,1,0,1.0951709802781708,1.4434309085288952,1.480097935345277,2.0753041390387446,1.8949590305174286,0.3511213917688668,1.3374403679390356,1.4449864195344178,0.5470274351858353,2.1728623899466104,6.188350926157594,0.2482803171394241,0.9457131536023232,1.0217596959752562,1.5364457305164565,0.9787037049308479,0.24299286624576028,0.9255729672324298,1.503725128881639,0.19678844663714307,True,True,true,
6,947,557034509,gaussian,identified_unknot,false,0_1,0_1,1,"{""2"": ""1"", ""3"": ""1"", ""4"": ""1""}",0,0,----,----,0,0,0.5629667360315873,1.0778178730748453,1.1314078361802442,1.7025212389053868,3.024195089938423,0.4140458974456121,0.9676189693410548,1.0282222805464485,0.3477852618836717,1.7025212389053868,4.1119142815055305,0.2927746618062621,0.6842099348257978,0.7270629471414903,1.2038643131441211,1.375396729996467,0.40268131247415445,0.9410601069904982,1.6557910396578668,0.09773312750181412,True,True,true,
6,948,2894224323,gaussian,identified_unknot,false,0_1,0_1,1,"{""2"": ""1"", ""3"": ""1"", ""4"": ""1""}",0,0,"1-c,2+c,3-c,3+c,2-c,1+c",----,3,0,1.1668391493634238,1.6943304224833622,1.7531294231937204,2.2898148962595517,1.962408355520788,0.4440711754023103,1.4828433336843294,1.565509132281664,0.5019905288003281,2.2898148962595517,5.156414158575083,0.3140057394564544,1.0485285766854557,1.1069821234458326,1.6191436408070998,0.9033569547511601,0.2836592685697688,0.9471955820041416,1.4626646686642077,0.04249329743694825,True,True,true,
6,949,1561978269,gaussian,identified_unknot,false,0_1,0_1,1,"{""2"": ""1"", ""3"": ""1"", ""4"": ""1""}",0,0,"1+c,2+a,2-a,1-c",----,2,0,0.4972947702910361,1.4302101353685195,1.62188580202283,2.515611110183162,5.0585915245216215,0.4972947702910361,1.5563272129235128,1.715141559715859,0.7208024529496835,2.6450304600916983,5.31883827884159,0.35164050432139804,1.1004895260033756,1.2127882275699557,1.8703189747758135,0.8245462622964967,0.28994386351026386,0.9074045253625266,1.5421645199536127,0.04964224840747605,True,True,true,
6,950,3222579103,gaussian,identified_unknot,false,0_1,0_1,1,"{""2"": ""1"", ""3"": ""1"", ""4"": ""1""}",0,0,"1+c,1-c",----,1,0,0.9698147059029838,1.6502173719759867,1.7503443060836714,2.49438780408185,2.572025139337677,0.61858128085714,1.4691689570677329,1.5694309965413373,0.551956727011498,2.49438780408185,4.032433378238491,0.437403018409144,1.0388593322513615,1.1097553002587406,1.7637985311752975,0.9010995484922207,0.39414366239761417,0.9361156752386317,1.5893580600733026,0.07875764522154044,True,True,true,
6,951,2320943790,gaussian,identified_unknot,false,0_1,0_1,1,"{""2"": ""1"", ""3"": ""1"", ""4"": ""1""}",0,0,"1-a,2-c,3-a,1+a,2+c,3+a",----,3,0,0.9327489815809459,1.2562715560467932,1.2965049252590328,1.7001130157710342,1.822690830376956,0.8064351219462718,1.2827641068579145,1.321166362673707,0.316222712684414,1.8628038611154845,2.309924022926661,0.5702357433152091,0.9070511986219364,0.9342056941221437,1.3172012422152426,1.0704280719886663,0.6103963472959233,0.9709330657358881,1.4099691861255383,0.3503003649587524,True,True,true,
6,952,2422729738,gaussian,identified_unknot,false,0_1,0_1,1,"{""2"": ""1"", ""3"": ""1"", ""4"": ""1""}",0,0,"1-a,2-c,3-a,1+a,2+c,3+a",----,3,0,0.6403342995725549,1.3913771372494006,1.5199590313622835,2.4895020911375383,3.8878162434830776,0.6403342995725549,1.4055603693270577,1.5100682099121854,0.5520018539503082,2.4895020911375383,3.8878162434830776,0.45278472545409176,0.9938812685182307,1.0677794712831372,1.7603438104214437,0.9365229683600422,0.42404329511035277,0.9307926357901375,1.6486024106701178,0.05981388073061219,True,True,true,
6,953,3796056509,gaussian,identified_unknot,false,0_1,0_1,1,"{""2"": ""1"", ""3"": ""1"", ""4"": ""1""}",0,0,"1+c,2+a,3-a,4-c,2-a,1-c,5-a,3+a,4+c,5+a",----,5,0,0.9269140765286341,1.5723104243587736,1.6984368565598682,2.4769965586312046,2.6723043929894246,0.2563666475925893,1.388909146279556,1.4898084465818529,0.5389439589490068,2.4769965586312046,9.661929825472376,0.1812785949827818,0.9821070757862924,1.0534536552470244,1.7515010635838664,0.9492586551095216,0.1720802752734991,0.9322736419344412,1.6626275440405176,0.019233203423598563,True,True,true,
6,954,3338544899,gaussian,identified_unknot,false,0_1,0_1,1,"{""2"": ""1"", ""3"": ""1"", ""4"": ""1""}",0,0,"1-a,2+a,2-a,1+a",----,2,0,1.0819259556398073,1.4865545973968892,1.519823468480487,2.010244010479697,1.8580236475525904,0.6204974260506482,1.4284007773743288,1.4762015994333717,0.3726155946361578,2.010244010479697,3.2397298136666413,0.4387579376692116,1.0100318759335238,1.0438321613577646,1.4214571716498345,0.9580084203376624,0.420333798777092,0.967619041953761,1.3617679395898996,0.04309315076829815,True,True,true,
6,955,3528926608,gaussian,identified_unknot,false,0_1,0_1,1,"{""2"": ""1"", ""3"": ""1"", ""4"": ""1""}",0,0,"1-c,2+c,3+a,3-a,2-c,1+c",----,3,0,0.6186474781218322,1.3109790010529183,1.423102979210945,2.1377880111265095,3.455583489351117,0.2282449143002176,1.2397824376343758,1.4286771446194375,0.7099703450788029,2.866661776862748,12.559586642496399,0.16139352667302626,0.876658568847255,1.010227297086638,2.0270359817879267,0.9898762415981708,0.15975961760136936,0.8677834892953522,2.006514759236491,0.013926253830865445,True,True,true,
6,956,2335024843,gaussian,identified_unknot,false,0_1,0_1,1,"{""2"": ""1"", ""3"": ""1"", ""4"": ""1""}",0,0,"1+c,1-c",----,1,0,0.6328345941925511,1.1265779778766143,1.2053303775279611,1.687340103625254,2.6663208982406723,0.6328345941925511,1.1942416524378514,1.2514076198441035,0.37390895494277043,1.8665211383591427,2.949461289708225,0.44748163292298976,0.8444563708142326,0.8848788140202827,1.3198297541617838,1.1300982509194515,0.5056982106848508,0.954318667634952,1.4915372966896814,0.11735127371182222,True,True,true,
6,957,877157370,gaussian,identified_unknot,false,0_1,0_1,1,"{""2"": ""1"", ""3"": ""1"", ""4"": ""1""}",0,0,----,----,0,0,0.9150038087128104,1.7581984964846376,1.8465117491322158,2.5774897138630446,2.816916923536035,0.5026126509621399,1.554706673327755,1.6478256232020143,0.5460919742966864,2.5774897138630446,5.128183122587573,0.35540081380547645,1.099343631466034,1.165188672379093,1.8225604551111327,0.8582301078830357,0.3050156787739927,0.9434898034336222,1.5641762560133818,0.3587556284690641,True,True,true,
6,958,2120533753,gaussian,identified_unknot,false,0_1,0_1,1,"{""2"": ""1"", ""3"": ""1"", ""4"": ""1""}",0,0,"1-c,2-a,3-c,4-a,5-c,1+c,6+a,7+c,2+a,5+c,4+a,3+c,7-c,6-a",----,7,0,0.7913628537195884,1.3709683347171457,1.435947802692679,1.869651553960732,2.362571790137656,0.5699692208724159,1.3439262588579186,1.4366603059988046,0.5077942945570945,2.316535904410424,4.0643175448397875,0.4030291011464983,0.9502993710531016,1.015872244633295,1.6380382468707224,0.9843757473273379,0.3967320726357495,0.9354516535650962,1.6124451234141297,0.2316083359223194,True,True,true,
6,959,3740499962,gaussian,identified_unknot,false,0_1,0_1,1,"{""2"": ""1"", ""3"": ""1"", ""4"": ""1""}",0,0,"1+a,2+c,2-c,1-a",----,2,0,1.0930307147219278,1.2605040347324215,1.2684347123660593,1.4828310871476496,1.3566234390081973,0.6146785833969841,1.2401721604221791,1.2970789460328926,0.3799826374396403,2.10373907180954,3.422502635740704,0.4346433945701482,0.8769341444732937,0.9171733184741583,1.4875681635236189,1.0903064664633235,0.4738945037054024,0.9561269683817143,1.6219051879947726,0.2796707561626781,True,True,true,
6,960,3117413928,gaussian,identified_unknot,false,0_1,0_1,1,"{""2"": ""1"", ""3"": ""1"", ""4"": ""1""}",0,0,----,----,0,0,0.5130450689230504,1.0591149143964869,1.1117389376877556,1.445486680730762,2.817465303321266,0.2875920271749466,1.3291556429461382,1.4746815608505972,0.6387730291247363,2.6749761521754096,9.30128758593221,0.20335827263059056,0.9398549683795797,1.0427573317682195,1.8914937767155302,0.9589958943796489,0.1950197485408737,0.9013170559883318,1.8139347661148497,0.18752224911506826,True,True,true,
6,961,4151153203,gaussian,identified_unknot,false,0_1,0_1,1,"{""2"": ""1"", ""3"": ""1"", ""4"": ""1""}",0,0,----,----,0,0,0.23678579073284117,1.50889155229411,1.6957083489910527,2.580029452854423,10.89604847009337,0.23678579073284117,1.4962666083660647,1.6136554254894457,0.6042102853313878,2.580029452854423,10.89604847009337,0.16743283831581074,1.0580202652386406,1.1410266938620506,1.8243563217743803,0.8764036857150858,0.14673875660971455,0.9272528600163971,1.5988726044606838,0.12801761083116778,True,True,true,
6,962,765380277,gaussian,identified_unknot,false,0_1,0_1,1,"{""2"": ""1"", ""3"": ""1"", ""4"": ""1""}",0,0,"1+c,2-c,2+c,1-c",----,2,0,0.8762367265136274,1.5625089389334468,1.6420827977806187,2.244155838109829,2.5611296242270982,0.8762367265136274,1.6587352511967381,1.7044086509782634,0.3919262889458138,2.244155838109829,2.5611296242270982,0.6195929312424882,1.1729029443143848,1.2051989150197455,1.58685781116684,0.8297385498257077,0.5141001402514016,0.9732027881017206,1.3166770990171706,0.22664330596539362,True,True,true,
6,963,979054655,gaussian,identified_unknot,false,0_1,0_1,1,"{""2"": ""1"", ""3"": ""1"", ""4"": ""1""}",0,0,"1+a,1-a",----,1,0,0.38505401096482805,1.035075394752512,1.0882832829837543,1.447858704378699,3.7601444554513437,0.38505401096482805,1.049869318964445,1.098248209447895,0.32237174605203744,1.5200163638083826,3.9475406579967434,0.2722743022763091,0.7423697147994615,0.7765787563265902,1.0748138783634256,1.28769940183562,0.3506074561764141,0.9559490376881465,1.384037188253206,0.23269546823733692,True,True,true,
6,964,752827164,gaussian,identified_unknot,false,0_1,0_1,1,"{""2"": ""1"", ""3"": ""1"", ""4"": ""1""}",0,0,----,----,0,0,0.5859207790658247,0.9931911715564135,1.0770192166664903,1.592093598473751,2.717250617075126,0.5859207790658247,1.2470960230510595,1.3313881524736213,0.4662037342593402,2.0596343864408504,3.5152096666117085,0.41430855611554956,0.881830054690179,0.9414335910055266,1.4563814414173193,1.0622098144298417,0.4400826145081936,0.9366885387511122,1.5469826606269563,0.1255548067835131,True,True,true,
6,965,3936299633,gaussian,identified_unknot,false,0_1,0_1,1,"{""2"": ""1"", ""3"": ""1"", ""4"": ""1""}",0,0,"1+a,1-a,2-c,2+c",----,2,0,0.7029500634501793,1.6535356685954603,1.7914045854496061,2.685099558862221,3.819758612273778,0.33716534222566336,1.5165236239619886,1.6894628903409998,0.7446079208580596,2.920385532607439,8.661582810764806,0.23841189986884953,1.0723441383331198,1.1946306663231454,2.065024413785807,0.8370787961419214,0.1995695461281249,0.897636540365734,1.7285881502955005,0.21950840321541107,True,True,true,
6,966,3118753890,gaussian,identified_unknot,false,0_1,0_1,1,"{""2"": ""1"", ""3"": ""1"", ""4"": ""1""}",0,0,"1-a,2+a,2-a,1+a",----,2,0,0.9066296761273532,1.6682999511897965,1.7450433585074865,2.513290249971137,2.7721244033248458,0.6845351302925304,1.5413246175403468,1.6414721049917729,0.5645786878994157,2.783562654424908,4.066354714673848,0.4840394325902651,1.089881089072541,1.160696056568239,1.9682760288014787,0.8615519923076507,0.4170251375036077,0.9389892236688799,1.695772134025305,0.05897352174981276,True,True,true,
6,967,1609729484,gaussian,identified_unknot,false,0_1,0_1,1,"{""2"": ""1"", ""3"": ""1"", ""4"": ""1""}",0,0,----,----,0,0,1.0022535877661114,1.469846970806097,1.521919171880655,2.1548455143815706,2.150000300008336,0.8040159971620848,1.459962460960645,1.5182237065686952,0.4165487195670212,2.1548455143815706,2.680102786496133,0.5685251637757741,1.0323493564230721,1.0735462782728995,1.5237058756286226,0.9314922143913356,0.5295767637426925,0.9616253880399975,1.4193201601703946,0.33143128607310696,True,True,true,
6,968,4240959233,gaussian,identified_unknot,false,0_1,0_1,1,"{""2"": ""1"", ""3"": ""1"", ""4"": ""1""}",0,0,"1+c,2+a,3-a,1-c,2-a,3+a",----,3,0,0.7809901010690028,1.7411363979987005,1.93564009780858,2.9084587848500463,3.72406613204061,0.7809901010690028,1.5964781747814898,1.7142844500378265,0.6245227082243333,2.9084587848500463,3.72406613204061,0.552243396505459,1.1288805434043137,1.2121821595043982,2.0565909295690536,0.8249585197730107,0.4555778949355633,0.9312796220873748,1.6966022090358865,0.31756993453202487,True,True,true,
6,969,984139186,gaussian,identified_unknot,false,0_1,0_1,1,"{""2"": ""1"", ""3"": ""1"", ""4"": ""1""}",0,0,"1-c,2+c,2-c,1+c",----,2,0,0.5338422525961092,1.2577033042692058,1.4088763279365508,2.5177116812687963,4.716209084284735,0.5338422525961092,1.2600234977938456,1.3625302182700831,0.5184875897323711,2.5177116812687963,4.716209084284735,0.3774834768946106,0.890971159744421,0.9634543569103624,1.7802910028977492,1.0379318883427269,0.39180213799140123,0.9247673782924363,1.8478208024372278,0.1769643279926664,True,True,true,
6,970,2583580040,gaussian,identified_unknot,false,0_1,0_1,1,"{""2"": ""1"", ""3"": ""1"", ""4"": ""1""}",0,0,"1-a,2+c,3-c,1+a,4+c,3+c,2-c,4-c",----,4,0,0.326317726004817,1.1425349165377927,1.2743784134472829,2.0192523702479397,6.187994734365525,0.326317726004817,1.0052734764403766,1.0866905436101184,0.4127003454531319,2.0192523702479397,6.187994734365525,0.2307414768793799,0.7108356921379653,0.7684062524380103,1.4278270439293272,1.3013949285643964,0.3002857878202839,0.9250779647909104,1.85816687383672,0.006325417624704799,True,True,true,
6,971,4187279326,gaussian,identified_unknot,false,0_1,0_1,1,"{""2"": ""1"", ""3"": ""1"", ""4"": ""1""}",0,0,"1+c,1-c",----,1,0,0.29848539632321885,1.2467374071621524,1.4472577072087116,2.519324360007917,8.440360537035565,0.29848539632321885,1.3396799021491501,1.4657057235797322,0.5946015707278526,2.519324360007917,8.440360537035565,0.21106104782530222,0.9472967434289944,1.036410456367164,1.781431338970057,0.9648686906394305,0.20364619686018556,0.9140169684793303,1.7188473234960862,0.2544457162353227,True,True,true,
6,972,1575959982,gaussian,identified_unknot,false,0_1,0_1,1,"{""2"": ""1"", ""3"": ""1"", ""4"": ""1""}",0,0,"1+c,1-c",----,1,0,0.899921817847584,1.3932414928551482,1.4750645242274472,2.190811180998377,2.434446123595845,0.6006109813109366,1.4122980490874248,1.5064549543215597,0.5242334880030342,2.361574143004306,3.9319529886878937,0.42469609774007,0.9986455275662496,1.0652245137528455,1.669885090793154,0.9387692332360472,0.3986916300337869,0.9374976961879758,1.5676367462761962,0.026405051237764793,True,True,true,
6,973,1648027385,gaussian,identified_unknot,false,0_1,0_1,1,"{""2"": ""1"", ""3"": ""1"", ""4"": ""1""}",0,0,"1+c,2+a,2-a,1-c",----,2,0,0.7017146751694101,1.6812507356034103,1.7969196839760093,2.6582979873629546,3.788289003249334,0.7017146751694101,1.8024805591659323,1.927812739991062,0.6837585789594979,3.2629818490133817,4.650012269197053,0.49618720527040533,1.2745462263431506,1.3631694613054985,2.3072765923259815,0.7335845090325795,0.36399524736653804,0.9349873676912674,1.6925823661838182,0.3408386818846866,True,True,true,
6,974,4145781984,gaussian,identified_unknot,false,0_1,0_1,1,"{""2"": ""1"", ""3"": ""1"", ""4"": ""1""}",0,0,----,----,0,0,0.28434348977850776,0.9780002696672209,1.0729529590167903,1.4744978342200468,5.18562192286738,0.28434348977850776,1.04576677372757,1.1118325141884797,0.3775491949059165,1.8053770116068042,6.349282035657369,0.2010612098086306,0.7394687772423425,0.7861843103263623,1.2765943275054754,1.271966365730293,0.25574309632961983,0.9405794131599661,1.6237850472690472,0.19408090408790662,True,True,true,
6,975,3081935291,gaussian,identified_unknot,false,0_1,0_1,1,"{""2"": ""1"", ""3"": ""1"", ""4"": ""1""}",0,0,"1-a,2-c,3+c,1+a,4+c,5+a,2+c,3-c,5-a,4-c",----,5,0,0.8486537429102476,1.5166162038130973,1.5849161420099542,2.1331810150318984,2.513605852625693,0.6164714615275396,1.2364627921882203,1.3290184361015844,0.4872881765772813,2.1331810150318984,3.4603078133513936,0.4359111508541051,0.8743112250411434,0.9397579484893706,1.5083867612274577,1.0641037956714987,0.46385471019938446,0.9303578931644787,1.6050800779627765,0.030648706348285905,True,True,true,
6,976,1800119540,gaussian,identified_unknot,false,0_1,0_1,1,"{""2"": ""1"", ""3"": ""1"", ""4"": ""1""}",0,0,"1-a,2+c,3+a,4+c,5+a,1+a,6+c,3-a,4-c,5-a,2-c,6-c",----,6,0,1.236312663540867,1.5759278221922888,1.6090337617145634,2.1060301184415122,1.7034769444241773,0.6231034046865087,1.298335875832035,1.3605007632539294,0.4065541542549861,2.1060301184415122,3.379904687731698,0.4406006428342559,0.9180621020586072,0.9620193155063271,1.4891881781331011,1.0394801683100126,0.457995630370852,0.9543073483669251,1.5479815780510768,0.16344762461036508,True,True,true,
6,977,1412112315,gaussian,identified_unknot,false,0_1,0_1,1,"{""2"": ""1"", ""3"": ""1"", ""4"": ""1""}",0,0,"1+a,1-a",----,1,0,0.6064852753578545,1.2192498238629421,1.305251853215143,2.0974121840480424,3.458306853056691,0.4702628928533574,1.2478276123544032,1.343704284849484,0.4984650990478388,2.0974121840480424,4.46008438242241,0.33252608047701177,0.882347366447617,0.9501424117264904,1.4830943782836579,1.0524738056718403,0.3499749894047813,0.9286474906896497,1.5609179844827135,0.18006514000150875,True,True,true,
6,978,2706806044,gaussian,identified_unknot,false,0_1,0_1,1,"{""2"": ""1"", ""3"": ""1"", ""4"": ""1""}",0,0,"1+a,1-a",----,1,0,0.6311268007208098,1.191037132407193,1.262873909905002,1.7978898892629278,2.848698371245775,0.6311268007208098,1.367671964677367,1.4308264957020131,0.42040201930824966,2.0799417073530835,3.2956003531740095,0.4462740405782554,0.9670901206620944,1.0117471178122779,1.4707408857420907,0.9883892747451765,0.4410924753047413,0.9558615029744328,1.4536645173967035,0.45653733239915567,True,True,true,
6,979,2873657529,gaussian,identified_unknot,false,0_1,0_1,1,"{""2"": ""1"", ""3"": ""1"", ""4"": ""1""}",0,0,"1+a,2+c,3-c,1-a,2-c,3+c",----,3,0,0.8933432583698537,1.8130616620002808,1.9647218671723683,2.764477573352554,3.094530067196221,0.8933432583698537,1.737576307375032,1.8492607937847536,0.6329250030440914,2.764477573352554,3.094530067196221,0.6316890759206095,1.228651989773966,1.3076248474676169,1.9547808385557224,0.7647453334468431,0.4830812729996347,0.9396058756098192,1.4949095241967953,0.15381710842972104,True,True,true,
6,980,624907810,gaussian,identified_unknot,false,0_1,0_1,1,"{""2"": ""1"", ""3"": ""1"", ""4"": ""1""}",0,0,"1-c,1+c,2+a,2-a",----,2,0,0.67615302507624,1.3728058243704766,1.429543428610771,2.0513849317523487,3.033906313620417,0.67615302507624,1.2069348883622169,1.2676714269376705,0.3876841780731747,2.0513849317523487,3.033906313620417,0.47811238915120696,0.8534318440115521,0.8963790623040538,1.4505481960659887,1.1155994623854766,0.5333819242969222,0.9520881063619335,1.6182307876954398,0.0031097550592654533,True,True,true,
6,981,1813726638,gaussian,identified_unknot,false,0_1,0_1,1,"{""2"": ""1"", ""3"": ""1"", ""4"": ""1""}",0,0,"1+c,1-c,2+c,2-c",----,2,0,1.3763900897128356,1.5418655369804002,1.5486554897382219,1.8046590274732996,1.311153749915343,0.1421934124263146,1.3270967712167976,1.4282912127291914,0.5280435097464743,1.8264857938285677,12.845080251344713,0.10054592616670255,0.9383991262181698,1.009954402029969,1.2915204905570745,0.9901437114289904,0.09955491650376411,0.9291499936353803,1.278790891906772,0.03211472747150607,True,True,true,
6,982,2569872874,gaussian,identified_unknot,false,0_1,0_1,1,"{""2"": ""1"", ""3"": ""1"", ""4"": ""1""}",0,0,----,----,0,0,0.439076672440265,0.9243749217389244,0.9891100959908184,1.324396170015102,3.016320959741449,0.19410768538861867,0.977014962080052,1.0673678765669392,0.4297859325277313,1.9617597518482726,10.10655373032076,0.13725486061871717,0.6908539050075223,0.7547430635411685,1.3871736235907521,1.3249542106529788,0.18185640550935706,0.9153497903857697,1.8379415334833176,0.18460672382010498,True,True,true,
6,983,2627582341,gaussian,identified_unknot,false,0_1,0_1,1,"{""2"": ""1"", ""3"": ""1"", ""4"": ""1""}",0,0,"1+c,2+a,2-a,1-c",----,2,0,0.6718850076689529,1.2542985463450376,1.3425684889706342,1.7966907797651022,2.674104585245273,0.4285839870593809,1.193760587381324,1.2995496293045985,0.513580469878593,2.247335865738876,5.243630031906685,0.3030546435576557,0.8441162064505702,0.9189203553697456,1.5891064302676994,1.0882335929947164,0.32979424363248083,0.9185956122507738,1.7293190002612264,0.07540709272269244,True,True,true,
6,984,319903723,gaussian,identified_unknot,false,0_1,0_1,1,"{""2"": ""1"", ""3"": ""1"", ""4"": ""1""}",0,0,"1-a,2-c,3-a,4+a,5+c,1+a,2+c,3+a,4-a,5-c",----,5,0,0.9357940476534606,1.4983135521787887,1.5381423263018097,1.8387171760133967,1.9648737674962244,0.3450241627521923,1.3314768196623346,1.4235856537810176,0.5037515184622303,2.060765358174581,5.972814604450444,0.24396892515528618,0.9414962881759346,1.0066270693884423,1.4571811591995707,0.9934165595283779,0.24236277025960073,0.935298003408475,1.4475878937816111,0.11482523791494557,True,True,true,
6,985,3637698959,gaussian,identified_unknot,false,0_1,0_1,1,"{""2"": ""1"", ""3"": ""1"", ""4"": ""1""}",0,0,"1+a,2-a,2+a,1-a",----,2,0,1.198131290639509,1.8366638176844512,1.8860260909697428,2.4561095312287207,2.04995024369805,0.9349302964261159,1.7190742174856612,1.792201859583671,0.5067260998520109,2.4916329530917856,2.6650467554815087,0.6610955525396555,1.2155690365470688,1.2672780881667545,1.7618505573590644,0.7890927881871618,0.5216657328116491,0.9591967602829085,1.390263568675569,0.17966089563761695,True,True,true,
6,986,3020810023,gaussian,identified_unknot,false,0_1,0_1,1,"{""2"": ""1"", ""3"": ""1"", ""4"": ""1""}",0,0,"1-c,1+c",----,1,0,0.8740923805463313,1.1366060983465494,1.1596576749763325,1.585863605459622,1.8142974824565048,0.4600739818162512,1.1838264394690723,1.2599219632400485,0.4312288425750727,1.9329561645815336,4.201402906877565,0.3253214323897676,0.8370917030965069,0.8908993639729063,1.3668064117119425,1.122461234611917,0.3651606966459358,0.9396029865410976,1.5341872123656712,0.1842070807136946,True,True,true,
6,987,775770458,gaussian,identified_unknot,false,0_1,0_1,1,"{""2"": ""1"", ""3"": ""1"", ""4"": ""1""}",0,0,"1-a,2+a,3+c,1+a,2-a,3-c",----,3,0,0.7944376281299971,1.1093166005624084,1.1357977744600418,1.4634975855743242,1.842180598896363,0.4621123059580598,1.030374540061604,1.081530469051026,0.3286890060202349,1.6210910302182995,3.508002295799986,0.32676274521269666,0.7285848244395301,0.7647575287258478,1.146284460388046,1.3076039953030427,0.42727627115631234,0.9527004273542956,1.4988861401572011,0.13111818238996226,True,True,true,
6,988,2586066091,gaussian,identified_unknot,false,0_1,0_1,1,"{""2"": ""1"", ""3"": ""1"", ""4"": ""1""}",0,0,"1-c,1+c",----,1,0,0.4056489309784051,1.0654456063668574,1.226219380622332,2.02969966552842,5.003586871615525,0.4056489309784051,1.1021376909641172,1.1878288289866166,0.4429783709482896,2.02969966552842,5.003586871615525,0.286837109875904,0.7793290350820107,0.8399218198653124,1.435214397267213,1.1905870003000485,0.341504534221888,0.9278590181250225,1.7087476040298133,0.35988864714806335,True,True,true,
6,989,724732366,gaussian,identified_unknot,false,0_1,0_1,1,"{""2"": ""1"", ""3"": ""1"", ""4"": ""1""}",0,0,----,----,0,0,0.6012541683869443,1.1296860973422007,1.1776466653947735,1.7340291726756887,2.8840202095027028,0.4274322028552644,1.2111028977377398,1.302078921975756,0.47816240979901015,2.143880528665556,5.015720655449794,0.30224020913646144,0.8563790717050336,0.9207088353691265,1.515952459873215,1.0861196955920212,0.32826904394296225,0.9301301766716485,1.646505824249472,0.2796636811443214,True,True,true,
6,990,1563209430,gaussian,identified_unknot,false,0_1,0_1,1,"{""2"": ""1"", ""3"": ""1"", ""4"": ""1""}",0,0,"1+a,1-a,2-c,2+c",----,2,0,0.7368151235224918,1.2831446232508066,1.3306907394174725,1.838192882472315,2.494781694605381,0.4161549120796327,1.229634504490876,1.3341091680996315,0.5175386534095481,1.9952945473811174,4.7945956889229535,0.2942659603555997,0.8694828965064586,0.9433576396063931,1.4108863049177311,1.0600433579116828,0.3119346767344561,0.9216895692594826,1.495600656296598,0.11451473975027679,True,True,true,
6,991,1587000410,gaussian,identified_unknot,false,0_1,0_1,1,"{""2"": ""1"", ""3"": ""1"", ""4"": ""1""}",0,0,"1-c,2-a,2+a,1+c",----,2,0,0.5341826670814087,1.3432450544601116,1.4494273889482985,2.146219579806033,4.017763420764365,0.5341826670814087,1.3538968522973582,1.4309459532422566,0.46321661718864915,2.3807948443611515,4.456892728041888,0.37772418628558,0.9573496452865835,1.011831587049048,1.6834761790617412,0.9883067625082212,0.37330736766895384,0.9461551285215771,1.6637908922882199,0.3590389545836524,True,True,true,
6,992,2243482240,gaussian,identified_unknot,false,0_1,0_1,1,"{""2"": ""1"", ""3"": ""1"", ""4"": ""1""}",0,0,"1-c,2-a,2+a,1+c",----,2,0,0.7841969622448454,1.5317511721780395,1.6294219467180873,2.252733438645747,2.872662796597762,0.5835391402426691,1.4217983502367724,1.5218981026140157,0.5428289657011076,2.252733438645747,3.8604667335749427,0.41262448315335903,1.0053632549322675,1.0761444686333106,1.5929230906720968,0.929243265330339,0.38342852208067074,0.934227033856398,1.4802130541962348,0.025626433429332483,True,True,true,
6,993,741438300,gaussian,identified_unknot,false,0_1,0_1,1,"{""2"": ""1"", ""3"": ""1"", ""4"": ""1""}",0,0,----,----,0,0,0.5107884388148066,1.1618226735836892,1.311630632527146,2.3077422631704048,4.5180001891293955,0.5107884388148066,1.3202463986593629,1.4234940199258324,0.5322449357124872,2.3077422631704048,4.5180001891293955,0.36118196883763964,0.9335551813291535,1.0065622744680545,1.6318202035185834,0.9934805082263565,0.3588272459630143,0.9274688760042353,1.6211815651256785,0.5041831534946802,True,True,true,
6,994,3242989289,gaussian,identified_unknot,false,0_1,0_1,1,"{""2"": ""1"", ""3"": ""1"", ""4"": ""1""}",0,0,"1-a,2-c,3+a,4+c,2+c,1+a,4-c,3-a",----,4,0,0.747044029018827,1.6244097094079406,1.7253864878791163,2.716921113967812,3.636895562281966,0.4242652054224482,1.5010664603702997,1.604004836725121,0.5653591759129419,2.716921113967812,6.403827321315513,0.3000008037757167,1.0614142731395269,1.134202697104354,1.9211533436355486,0.8816766196668581,0.2645036945703143,0.9358241484078131,1.693835985878272,0.09650788766916643,True,True,true,
6,995,1877610115,gaussian,identified_unknot,false,0_1,0_1,1,"{""2"": ""1"", ""3"": ""1"", ""4"": ""1""}",0,0,"1+c,1-c",----,1,0,0.4056867899005626,1.1343535025634992,1.210255582810752,1.6280752561964962,4.013133522527444,0.4056867899005626,1.3017379702601344,1.4098170060437991,0.5413522395938963,2.353520204543794,5.80132324525692,0.28686388017649,0.9204677460989533,0.9968911652056861,1.664190096292467,1.0031185297882266,0.28775847373198665,0.9233382521842645,1.6693799226810266,0.0025220098747566278,True,True,true,
6,996,1650303233,gaussian,identified_unknot,false,0_1,0_1,1,"{""2"": ""1"", ""3"": ""1"", ""4"": ""1""}",0,0,"1+a,2+c,2-c,1-a",----,2,0,0.54371827380544,1.7000480541126155,1.8249428676796287,2.8346187008480337,5.213396049775498,0.274871947924946,1.5180492444600826,1.6606991278913772,0.6733855394744919,2.8615561303797334,10.410506244751769,0.19436381833568486,1.0734229149328394,1.1742916148425784,2.0234257445374455,0.8515772295061962,0.16551580193454815,0.9141025119869728,1.7231032896447103,0.08418211603396061,True,True,true,
6,997,4037589630,gaussian,identified_unknot,false,0_1,0_1,1,"{""2"": ""1"", ""3"": ""1"", ""4"": ""1""}",0,0,"1+a,1-a,2-c,2+c",----,2,0,1.0474180780861901,1.2109417486829448,1.223601652726804,1.5182882943735367,1.449553264487955,0.44743128954561845,1.1273599382361965,1.169966775763548,0.3128607134982458,1.6667052339927853,3.725052925300286,0.31638169895274837,0.7971638571648619,0.8272914409053655,1.1785385731954099,1.208763865495365,0.38243076539811505,0.9635828654197935,1.4245748413710757,0.23264721484997167,True,True,true,
6,998,649655433,gaussian,identified_unknot,false,0_1,0_1,1,"{""2"": ""1"", ""3"": ""1"", ""4"": ""1""}",0,0,"1-c,1+c,2+a,3-a,3+a,2-a",----,3,0,0.19005244791266157,1.3568459794098058,1.522942411448119,2.2269109466154418,11.717349453129994,0.19005244791266157,1.4701010508824317,1.5892915100956022,0.6038629018712188,2.429360687498818,12.782580357056112,0.13438737470014608,1.039518422108437,1.1237988040708087,1.7178174160784272,0.8898389964267943,0.11958312663560958,0.9250040294961367,1.5285809255676965,0.009422994926615502,True,True,true,
6,999,3201064992,gaussian,identified_unknot,false,0_1,0_1,1,"{""2"": ""1"", ""3"": ""1"", ""4"": ""1""}",0,0,"1+a,2+c,3+a,4+c,5-c,1-a,4-c,3-a,2-c,5+c",----,5,0,0.5874122049964245,1.1034476978537595,1.1468629082059025,1.6195861554546893,2.75715441674309,0.40484261041247555,1.0916936074268462,1.1624364819579704,0.3993289897943574,1.6715396244436955,4.128862875231045,0.28626695513592504,0.7719439527895275,0.8219667190911146,1.181957003466152,1.2165942692980862,0.3482707371077788,0.9391425891830516,1.4379621169736587,0.0689242933382502,True,True,true,
