N,sample_index,sample_seed,projection_model,status,is_nontrivial,knot_label,knot_types,determinant,alexander_roots,vassiliev_2,vassiliev_3,gauss_code,simplified_gauss_code,crossing_count,simplified_crossing_count,edge_length_min,edge_length_mean,edge_length_rms,edge_length_max,cycle_distortion,pair_distance_min,pair_distance_mean,pair_distance_rms,pair_distance_std,pair_distance_max,pair_distance_distortion,pair_abs_ratio_min,pair_abs_ratio_mean,pair_abs_ratio_rms,pair_abs_ratio_max,pair_rms_scale_to_simplex,pair_normalized_ratio_min,pair_normalized_ratio_mean,pair_normalized_ratio_max,min_nonadjacent_segment_distance,embedded_numerically,fast_mode_requested,fast_backend_available,messages
6,0,2825669272,haar,identified_unknot,false,0_1,0_1,1,"{""2"": ""1"", ""3"": ""1"", ""4"": ""1""}",0,0,"1-c,2-c,3-a,4+a,5+c,1+c,6+a,3+a,4-a,5-c,2+c,6-a",----,6,0,0.7573751118369894,1.1840494473092085,1.2036703986842952,1.4053474840195317,1.855550125763845,0.49268338104695075,1.0594918525448958,1.0954451150103321,0.2783469317075094,1.4053474840195317,2.852435332876811,0.3483797597162146,0.7491738735463934,0.7745966692414833,0.993730735873664,1.2909944487358058,0.449756335845547,0.9671793118862945,1.2829008635510475,0.005334355989957286,True,True,true,
6,1,2601697528,haar,identified_unknot,false,0_1,0_1,1,"{""2"": ""1"", ""3"": ""1"", ""4"": ""1""}",0,0,"1-c,1+c",----,1,0,0.4599934643088419,1.0520105862349685,1.0938969615602825,1.3749541327800605,2.989073192259335,0.3738851373752007,1.0380060540075813,1.0954451150103321,0.35006203999235586,1.4015613600236823,3.7486415476772197,0.2643767160228683,0.7339811197014504,0.7745966692414833,0.9910535419217857,1.2909944487358058,0.3413088727605255,0.9475655510114636,1.2794446210209836,0.13771726286215027,True,True,true,
6,2,3054387205,haar,identified_unknot,false,0_1,0_1,1,"{""2"": ""1"", ""3"": ""1"", ""4"": ""1""}",0,0,"1+c,1-c",----,1,0,0.7862635054958881,1.070475914247428,1.093422933439851,1.3442536897326527,1.7096732588203316,0.5240541562071803,1.0624647283699808,1.0954451150103324,0.2667746257980759,1.3887392960302967,2.649991951368611,0.3705622475630914,0.7512760142019367,0.7745966692414834,0.9819869735232549,1.2909944487358056,0.47839380451501434,0.9698931638030622,1.2677397315493966,0.21964317766155747,True,True,true,
6,3,2308856266,haar,identified_unknot,false,0_1,0_1,1,"{""2"": ""1"", ""3"": ""1"", ""4"": ""1""}",0,0,"1-c,1+c",----,1,0,0.6698342106591405,1.06301298300193,1.0863792565612118,1.3029669086569065,1.9452080648056793,0.3145663628191061,1.0611399783468478,1.0954451150103321,0.27199622488933767,1.3796009290969968,4.38572298936599,0.22243200828257775,0.7503392744772023,0.7745966692414833,0.9755251722957478,1.2909944487358058,0.2871584879139647,0.9686838380185201,1.2593975820358507,0.20180578234332147,True,True,true,
6,4,139949440,haar,identified_unknot,false,0_1,0_1,1,"{""2"": ""1"", ""3"": ""1"", ""4"": ""1""}",0,0,----,----,0,0,0.7648281717702936,1.1122230421904071,1.1349494902299124,1.4045639914624135,1.8364438488338743,0.3526667507613517,1.0550353989272734,1.0954451150103324,0.294788580189886,1.4045639914624135,3.9826946782768213,0.24937305096237777,0.7460226849733294,0.7745966692414834,0.9931767229735166,1.2909944487358056,0.32193922445674084,0.963111144931549,1.2821856359724288,0.16557204256531288,True,True,true,
6,5,3571928254,haar,identified_unknot,false,0_1,0_1,1,"{""2"": ""1"", ""3"": ""1"", ""4"": ""1""}",0,0,"1+a,1-a",----,1,0,0.3354455496175273,0.9212108813502532,0.9892175996495621,1.3795157913948404,4.112487981932551,0.3354455496175273,1.057606069128588,1.0954451150103321,0.28542845433203706,1.3795157913948404,4.112487981932551,0.23719582285340204,0.7478404233048731,0.7745966692414833,0.9754649708492182,1.2909944487358058,0.30621849056706363,0.9654578350268265,1.2593198623025754,0.17049141968419923,True,True,true,
6,6,1706231805,haar,identified_unknot,false,0_1,0_1,1,"{""2"": ""1"", ""3"": ""1"", ""4"": ""1""}",0,0,"1+c,1-c,2-a,2+a",----,2,0,0.7681031784418565,1.0809813343649468,1.0916548103198134,1.2247922462825065,1.5945673454536033,0.511363105306549,1.0687449698877696,1.095445115010332,0.24038342151568934,1.3737905770830166,2.686526585173689,0.36158831941087144,0.7557168155666544,0.7745966692414831,0.9714166329855813,1.290994448735806,0.4668085130871445,0.9756262137128522,1.2540934805940134,0.42815840523088927,True,True,true,
6,7,4191137145,haar,identified_unknot,false,0_1,0_1,1,"{""2"": ""1"", ""3"": ""1"", ""4"": ""1""}",0,0,"1-a,2-c,3+a,4+c,2+c,1+a,4-c,3-a",----,4,0,0.8815878464267312,1.1287062520879318,1.1428121363198738,1.401591026672912,1.5898483995144304,0.3008466235615125,1.0594995396113176,1.0954451150103321,0.27831767023206827,1.407029436144677,4.676899542656789,0.21273068761742203,0.7491793091231878,0.7745966692414833,0.9949200556269854,1.2909944487358058,0.27463413678984266,0.9671863291857614,1.2844362687503572,0.06665377846851188,True,True,true,
6,8,494788201,haar,identified_unknot,false,0_1,0_1,1,"{""2"": ""1"", ""3"": ""1"", ""4"": ""1""}",0,0,"1-a,2-c,3-a,1+a,2+c,3+a",----,3,0,0.3194441834981984,1.0179531841451526,1.078635903930394,1.4043124589024998,4.39611215807415,0.3194441834981984,1.0429981060391478,1.0954451150103324,0.3348954326334576,1.4057337575246118,4.400561444351795,0.2258811483621759,0.7375110335450071,0.7745966692414834,0.9940038724884989,1.2909944487358056,0.291611308609638,0.9521226501880107,1.2832534814045455,0.10787753418555483,True,True,true,
6,9,2217049275,haar,identified_unknot,false,0_1,0_1,1,"{""2"": ""1"", ""3"": ""1"", ""4"": ""1""}",0,0,"1+a,1-a",----,1,0,0.7733143868521933,1.0768154109983534,1.0910355581361104,1.2593214553108836,1.6284728135435333,0.7733143868521933,1.0790282958555166,1.0954451150103321,0.18893897624137593,1.3888813397510973,1.796011251522933,0.546815846932303,0.7629882250916,0.7745966692414833,0.982087413601458,1.2909944487358058,0.7059362228703713,0.9850135630440413,1.2678693991327876,0.47250509315232536,True,True,true,
6,10,1510803931,haar,identified_unknot,false,0_1,0_1,1,"{""2"": ""1"", ""3"": ""1"", ""4"": ""1""}",0,0,"1-a,2+a,3+c,1+a,2-a,3-c",----,3,0,0.5827191357437714,1.0422718846740697,1.0704213396379088,1.2721064411220593,2.1830524571642345,0.5827191357437714,1.0600208584715434,1.0954451150103321,0.2763254957568197,1.3771671498632052,2.363346362575541,0.41204465241158506,0.7495479372244138,0.7745966692414833,0.9738042304956227,1.2909944487358058,0.531947358894631,0.9676622260180924,1.257175855725292,0.21434672711973413,True,True,true,
6,11,2001446838,haar,identified_unknot,false,0_1,0_1,1,"{""2"": ""1"", ""3"": ""1"", ""4"": ""1""}",0,0,----,----,0,0,0.5765343499382886,1.047981485305296,1.0904515523639182,1.3613470751028658,2.3612592645149113,0.5765343499382886,1.0590352912757688,1.0954451150103321,0.28007900998191076,1.3982556848894652,2.4252773230929474,0.4076713484283418,0.7488510359769666,0.7745966692414833,0.9887160766179811,1.2909944487358058,0.5263014477296297,0.9667625303763212,1.2764269662896592,0.30294687299296974,True,True,true,
6,12,268609779,haar,identified_unknot,false,0_1,0_1,1,"{""2"": ""1"", ""3"": ""1"", ""4"": ""1""}",0,0,"1+c,1-c",----,1,0,0.3324750971050055,0.9104980076796924,0.9755228498366733,1.3027840334209995,3.9184409441936086,0.3324750971050055,1.0604200115425861,1.0954451150103321,0.2747897361984637,1.3827135204865888,4.158848384514907,0.23509539573860525,0.7498301810676796,0.7745966692414833,0.9777261067743911,1.2909944487358058,0.3035068508218868,0.9680266012529385,1.2622389762298105,0.201332594484031,True,True,true,
6,13,1549659757,haar,identified_unknot,false,0_1,0_1,1,"{""2"": ""1"", ""3"": ""1"", ""4"": ""1""}",0,0,"1+c,2-c,3-a,4-c,5-a,1-c,2+c,3+a,4+c,5+a",----,5,0,0.9284875302884545,1.1467229760151236,1.1532940885762466,1.3442427394198524,1.447776836596001,0.7062802438137042,1.0763689013722657,1.0954451150103324,0.20354357803345804,1.4024931314871418,1.9857459468412908,0.49941554981875835,0.7611077492186432,0.7745966692414834,0.9917124038421141,1.2909944487358056,0.6447427024283572,0.9825858791310719,1.2802952081026107,0.16544916120327405,True,True,true,
6,14,3882616189,haar,identified_unknot,false,0_1,0_1,1,"{""2"": ""1"", ""3"": ""1"", ""4"": ""1""}",0,0,"1-c,1+c",----,1,0,0.32524193722615086,0.9892627346942061,1.0432012257750607,1.3417819133306141,4.125488627862991,0.32524193722615086,1.0470900985911755,1.0954451150103321,0.3218731511516956,1.3968074399648718,4.29467199672233,0.22998077933886066,0.7404045092271108,0.7745966692414833,0.9876920128109822,1.2909944487358058,0.2969039094424034,0.9558581112311586,1.2751049055996724,0.22678650671070405,True,True,true,
6,15,2119264454,haar,identified_unknot,false,0_1,0_1,1,"{""2"": ""1"", ""3"": ""1"", ""4"": ""1""}",0,0,"1+a,1-a",----,1,0,0.7642840843226593,1.1229490246820217,1.1417998641273202,1.3841058199673288,1.8109834397428042,0.5209927504393315,1.0541081722954793,1.0954451150103321,0.29808717030406484,1.3841058199673288,2.656670018537053,0.3683975067846819,0.7453670367342909,0.7745966692414833,0.9787106111786649,1.2909944487358058,0.4755991361871357,0.9622647066946269,1.263509965950484,0.0045652232138257524,True,True,true,
6,16,2538978978,haar,identified_unknot,false,0_1,0_1,1,"{""2"": ""1"", ""3"": ""1"", ""4"": ""1""}",0,0,"1-a,2-c,3-a,4+a,5+c,1+a,2+c,3+a,4-a,5-c",----,5,0,0.7141122528858288,1.1685666824837453,1.1891280677037042,1.3856257739662348,1.940347289052561,0.33955555576978963,1.060999140887058,1.0954451150103321,0.27254508441159764,1.3856257739662348,4.080704174681963,0.24010203607438516,0.7502396873543398,0.7745966692414833,0.9797853809583829,1.2909944487358058,0.3099703957021954,0.968555271595739,1.264897487769769,0.24106062110982088,True,True,true,
6,17,1503539406,haar,identified_unknot,false,0_1,0_1,1,"{""2"": ""1"", ""3"": ""1"", ""4"": ""1""}",0,0,"1-a,1+a",----,1,0,0.3989657112782663,1.0044334511177875,1.0489601822099701,1.301371301192262,3.2618625220266,0.3989657112782663,1.064221915828429,1.0954451150103321,0.2596761711641404,1.3589339193610288,3.406142134388121,0.28211135990577635,0.7525185333696213,0.7745966692414833,0.9609113895645963,1.2909944487358058,0.36420419956366623,0.9714972491509913,1.2405312696549031,0.027034569376428463,True,True,true,
6,18,3455055339,haar,identified_unknot,false,0_1,0_1,1,"{""2"": ""1"", ""3"": ""1"", ""4"": ""1""}",0,0,"1+a,1-a,2-c,2+c",----,2,0,0.46921072442634265,1.092622407784581,1.1333632524548558,1.410170370310728,3.0054095034481643,0.46921072442634265,1.0693940818222472,1.0954451150103324,0.23747904699899972,1.410170370310728,3.0054095034481643,0.3317820850473193,0.7561758070172726,0.7745966692414834,0.9971410314750606,1.2909944487358056,0.42832882998608013,0.9762187691276167,1.2873035362409984,0.019780913335655695,True,True,true,
6,19,996734903,haar,identified_unknot,false,0_1,0_1,1,"{""2"": ""1"", ""3"": ""1"", ""4"": ""1""}",0,0,"1+a,2+c,3-c,4-a,2-c,1-a,5+a,3+c,4+a,5-a",----,5,0,0.8709626185474104,1.1980894033831786,1.2140624584737425,1.3920355011589949,1.5982723845032851,0.46383380344690606,1.0585184033853374,1.0954451150103321,0.28202622164358443,1.3920355011589949,3.0011514702341824,0.3279800277608555,0.7484855410445294,0.7745966692414833,0.9843177425219394,1.2909944487358058,0.4234203951354799,0.9662906784475035,1.2707487413879839,0.056787477940430174,True,True,true,
6,20,3731583509,haar,identified_unknot,false,0_1,0_1,1,"{""2"": ""1"", ""3"": ""1"", ""4"": ""1""}",0,0,----,----,0,0,0.6891808883887793,1.0675773653631462,1.0928079693549655,1.3564220634180792,1.9681655226819017,0.4792264113617577,1.0590162939720955,1.0954451150103324,0.2801508327697929,1.393023361772661,2.9068167545571644,0.3388642451975928,0.748837602854715,0.7745966692414834,0.9850162654607298,1.2909944487358056,0.43747185942514116,0.9667451882900647,1.2716505306242767,0.20623431165344408,True,True,true,
6,21,1874569106,haar,identified_unknot,false,0_1,0_1,1,"{""2"": ""1"", ""3"": ""1"", ""4"": ""1""}",0,0,"1-a,2+a,2-a,1+a",----,2,0,0.7197188568207314,1.1143489618208497,1.142494456858153,1.4044674689375165,1.951411242914458,0.3609689379606033,1.0592705841521073,1.0954451150103321,0.2791878033690821,1.4044674689375165,3.8908263876455824,0.25524358382964873,0.7490174131653905,0.7745966692414833,0.9931084712416246,1.2909944487358058,0.3295180497995088,0.9669773224029725,1.2820975233654401,0.30234955264661306,True,True,true,
6,22,153759873,haar,identified_unknot,false,0_1,0_1,1,"{""2"": ""1"", ""3"": ""1"", ""4"": ""1""}",0,0,"1-a,1+a",----,1,0,0.5816421500593951,1.058174364193218,1.087979450816964,1.3408442506915441,2.305273526952306,0.5816421500593951,1.0685494496191046,1.0954451150103321,0.2412510595183125,1.3408442506915441,2.305273526952306,0.4112831085309217,0.7555785618588219,0.7745966692414833,0.9481200621789859,1.2909944487358058,0.5309642099722259,0.9754477289435227,1.2240177370081178,0.026722741190304277,True,True,true,
6,23,3157158979,haar,identified_unknot,false,0_1,0_1,1,"{""2"": ""1"", ""3"": ""1"", ""4"": ""1""}",0,0,"1-a,1+a",----,1,0,0.2595792195208781,0.98753739020895,1.0892860011730607,1.3935897774800632,5.36864923183104,0.2595792195208781,1.0322880823548886,1.0954451150103321,0.3665805709909716,1.3935897774800632,5.36864923183104,0.18355022637832433,0.7299379031711989,0.7745966692414833,0.9854167818484044,1.2909944487358058,0.23696232331861716,0.942345780915872,1.2721675950573927,0.1312690409019451,True,True,true,
6,24,140456776,haar,identified_unknot,false,0_1,0_1,1,"{""2"": ""1"", ""3"": ""1"", ""4"": ""1""}",0,0,----,----,0,0,0.6201885639968814,0.9078884348421677,0.931380663726924,1.1872638248434486,1.9143594283518888,0.6201885639968814,1.0731175748520712,1.0954451150103321,0.22004242896225573,1.3969134809226778,2.2524012244277727,0.4385395392165419,0.7588087141883619,0.7745966692414833,0.9877669950913303,1.2909944487358058,0.5661521106797138,0.97961783766953,1.2752017073073554,0.6098113678081397,True,True,true,
6,25,3964305263,haar,identified_unknot,false,0_1,0_1,1,"{""2"": ""1"", ""3"": ""1"", ""4"": ""1""}",0,0,"1-a,1+a",----,1,0,0.5748045417012477,1.0934567584309332,1.1385624461885508,1.4114534931524731,2.4555364315233095,0.548432956426986,1.0590973201242353,1.0954451150103321,0.2798443612182724,1.4114534931524731,2.5736117361509856,0.3878006625157081,0.7488948969963465,0.7745966692414833,0.998048336337554,1.2909944487358058,0.5006485025238469,0.9668191547088564,1.2884748617817885,0.17269458807800378,True,True,true,
6,26,3391722734,haar,identified_unknot,false,0_1,0_1,1,"{""2"": ""1"", ""3"": ""1"", ""4"": ""1""}",0,0,"1-c,2-a,3-c,1+c,2+a,3+c",----,3,0,0.7713237492034247,1.071450748961944,1.0859270194715842,1.3462254305899628,1.7453441981791185,0.5973085010140131,1.0717232822051481,1.0954451150103324,0.22673598386543192,1.3694728056557344,2.292739519579692,0.42236089152738043,0.7578228004027642,0.7745966692414834,0.9683635075297367,1.2909944487358056,0.5452655663249539,0.9783450284453907,1.2501519125792233,0.3147706655283306,True,True,true,
6,27,4271590373,haar,identified_unknot,false,0_1,0_1,1,"{""2"": ""1"", ""3"": ""1"", ""4"": ""1""}",0,0,----,----,0,0,0.6760097572614034,1.0326380610248498,1.04918753697293,1.2083298523857784,1.7874443961886992,0.4516647658463725,1.0663681851170088,1.0954451150103324,0.25071676005057447,1.371683377946852,3.036950149025818,0.3193752187530041,0.7540361749378285,0.7745966692414834,0.969926618187089,1.2909944487358056,0.41231163447391184,0.9734565159907175,1.252169879760625,0.30106383162105066,True,True,true,
6,28,2073022215,haar,identified_unknot,false,0_1,0_1,1,"{""2"": ""1"", ""3"": ""1"", ""4"": ""1""}",0,0,"1+c,1-c,2-a,2+a",----,2,0,0.5288301536738826,1.0240743009943352,1.0800725524171066,1.3670161411178312,2.5849814569402154,0.5288301536738826,1.0570940058731193,1.0954451150103321,0.28731909568826336,1.3930031134030132,2.6341219458186305,0.3739393877587264,0.7474783399045347,0.7745966692414833,0.9850019477012438,1.2909944487358058,0.48275367376018175,0.9649903873670103,1.2716320464762623,0.03400700227567408,True,True,true,
6,29,2518260801,haar,identified_unknot,false,0_1,0_1,1,"{""2"": ""1"", ""3"": ""1"", ""4"": ""1""}",0,0,----,----,0,0,0.4578873849284951,1.003922980114079,1.0579642803616942,1.3862062901799228,3.0273956780800946,0.4578873849284951,1.0527404003551712,1.0954451150103321,0.3028822369503262,1.3862062901799228,3.0273956780800946,0.32377527490271385,0.7443998759201824,0.7745966692414833,0.9801958679096704,1.2909944487358058,0.417992082537313,0.9610161074525784,1.2654274241451597,0.27183882913660085,True,True,true,
6,30,3352974876,haar,identified_unknot,false,0_1,0_1,1,"{""2"": ""1"", ""3"": ""1"", ""4"": ""1""}",0,0,----,----,0,0,0.48853285426713955,0.9356047217506092,0.9887514026522276,1.3712029517553717,2.8067773534133087,0.48853285426713955,1.0657237316844173,1.0954451150103321,0.2534421585384722,1.3712029517553717,2.8067773534133087,0.34544489408471374,0.7535804775454841,0.7745966692414833,0.9695869055692335,1.2909944487358058,0.4459674406074938,0.9728682131868976,1.2517313126568086,0.4564182277523439,True,True,true,
6,31,4025785787,haar,identified_unknot,false,0_1,0_1,1,"{""2"": ""1"", ""3"": ""1"", ""4"": ""1""}",0,0,----,----,0,0,0.5642666357493482,1.0976224737107958,1.127698450373638,1.3278121672221876,2.3531644139456307,0.5642666357493482,1.06359527893287,1.0954451150103321,0.2622309719154278,1.360276734734211,2.410698504134944,0.39899676453568367,0.7520754341714299,0.7745966692414833,0.9618609034208551,1.2909944487358058,0.515102608079115,0.970925210545887,1.2417570867723309,0.27754396728743713,True,True,true,
6,32,483540135,haar,identified_unknot,false,0_1,0_1,1,"{""2"": ""1"", ""3"": ""1"", ""4"": ""1""}",0,0,"1+c,1-c",----,1,0,0.5153675343294974,0.9548507146853836,1.0040864370991487,1.3977221694570074,2.71208812420726,0.5153675343294974,1.063383073805473,1.095445115010332,0.2630901715078371,1.4014044320950143,2.7192330497074617,0.36441987832777845,0.7519253824868449,0.7745966692414831,0.9909425771192671,1.290994448735806,0.47046403993013985,0.9707314946540646,1.2793013660769272,0.3899817045932606,True,True,true,
6,33,1234226288,haar,identified_unknot,false,0_1,0_1,1,"{""2"": ""1"", ""3"": ""1"", ""4"": ""1""}",0,0,"1-a,2+a,3+c,4+a,5+c,3-c,2-a,1+a,4-a,5-c",----,5,0,0.6309462859194616,1.1759915150599984,1.2042839655462199,1.3669970710826909,2.1665823249765257,0.6309462859194616,1.069119101417092,1.0954451150103321,0.23871394384306385,1.3669970710826909,2.1665823249765257,0.4461463973381175,0.7559813665080939,0.7745966692414833,0.9666128988247196,1.2909944487358058,0.5759725222869888,0.975967747509658,1.2478918864591382,0.09568930327041286,True,True,true,
6,34,1141230462,haar,identified_unknot,false,0_1,0_1,1,"{""2"": ""1"", ""3"": ""1"", ""4"": ""1""}",0,0,----,----,0,0,0.5691121929015842,0.9750101898450666,1.0348387594552104,1.351083212105655,2.374019093172541,0.5691121929015842,1.058013981926275,1.0954451150103321,0.2839126873679789,1.351083212105655,2.374019093172541,0.40242309085665673,0.7481288612102504,0.7745966692414833,0.9553601012272112,1.2909944487358058,0.5195259763390486,0.9658302067614731,1.233364587228007,0.348672961957199,True,True,true,
6,35,877614323,haar,identified_unknot,false,0_1,0_1,1,"{""2"": ""1"", ""3"": ""1"", ""4"": ""1""}",0,0,"1+c,1-c",----,1,0,0.3343600895793172,1.0799824831366291,1.1385104969558533,1.401340753947774,4.191112509004598,0.3343600895793172,1.0669631211179127,1.0954451150103321,0.24817271843279246,1.401340753947774,4.191112509004598,0.23642828669967664,0.7544568582184397,0.7745966692414833,0.9908975498695402,1.2909944487358058,0.3052276056534001,0.9739996157706625,1.2792432361474875,0.09897521539217573,True,True,true,
6,36,1927919493,haar,identified_unknot,false,0_1,0_1,1,"{""2"": ""1"", ""3"": ""1"", ""4"": ""1""}",0,0,"1+c,2+a,3+c,3-c,2-a,1-c",----,3,0,0.4417706005035704,1.0453080528255472,1.0939235814484751,1.3617323377974313,3.0824421911399367,0.4417706005035704,1.0536984744100861,1.0954451150103321,0.2995321769457446,1.3617323377974313,3.0824421911399367,0.31237898734492786,0.7450773365812917,0.7745966692414833,0.9628901702175741,1.2909944487358058,0.4032795385640144,0.9618907054053072,1.2430858644931633,0.1779314801784684,True,True,true,
6,37,964508794,haar,identified_unknot,false,0_1,0_1,1,"{""2"": ""1"", ""3"": ""1"", ""4"": ""1""}",0,0,"1+c,2-c,3-a,4-c,5-a,1-c,6-a,7-c,2+c,5+a,4+c,3+a,7+c,6+a",----,7,0,0.675173045350188,1.103502308971189,1.123230353965332,1.3475801946973376,1.99590342650364,0.41363992136593264,1.053022955803669,1.0954451150103321,0.30189841760185465,1.3665009887372903,3.303600349368588,0.2924875933673212,0.7445996727938764,0.7745966692414833,0.9662621156342599,1.2909944487358058,0.3775998593613074,0.9612740441073923,1.2474390273075449,0.2429223600515476,True,True,true,
6,38,3695232961,haar,identified_unknot,false,0_1,0_1,1,"{""2"": ""1"", ""3"": ""1"", ""4"": ""1""}",0,0,"1+c,1-c",----,1,0,0.7628092956868913,1.1777935557123795,1.1967262444773648,1.3910343431559653,1.8235676348219807,0.35632627015829205,1.0578678533621024,1.0954451150103321,0.2844566835619388,1.3910343431559653,3.9038220295630217,0.251960721943838,0.7480255327115989,0.7745966692414833,0.983609816908958,1.2909944487358058,0.3252798933289608,0.965696810243318,1.2698348133515072,0.020118888587737815,True,True,true,
6,39,2060185370,haar,identified_unknot,false,0_1,0_1,1,"{""2"": ""1"", ""3"": ""1"", ""4"": ""1""}",0,0,"1-a,2-c,2+c,1+a",----,2,0,0.516936298098176,1.0507758945386572,1.0903294466141071,1.4072806142947867,2.722348226410515,0.516936298098176,1.0656817835156736,1.0954451150103321,0.253618485688354,1.4072806142947867,2.722348226410515,0.3655291618266908,0.753550815710907,0.7745966692414833,0.9950976654002138,1.2909944487358058,0.47189611876930987,0.9728299199231188,1.2846655619816365,0.24430534898898235,True,True,true,
6,40,788729287,haar,identified_unknot,false,0_1,0_1,1,"{""2"": ""1"", ""3"": ""1"", ""4"": ""1""}",0,0,"1-c,1+c,2+a,2-a",----,2,0,0.858784573229317,1.1626928187929935,1.1825184069440153,1.409850389350457,1.6416810842897986,0.45277951385212956,1.067014711060851,1.0954451150103321,0.24795081443650874,1.409850389350457,3.1137680619774932,0.32016346462718914,0.7544933378169324,0.7745966692414833,0.9969147707682023,1.2909944487358058,0.41332925552172367,0.974046710729809,1.2870114349244777,0.026195478878236908,True,True,true,
6,41,2122574647,haar,identified_unknot,false,0_1,0_1,1,"{""2"": ""1"", ""3"": ""1"", ""4"": ""1""}",0,0,"1-c,2-a,3-c,1+c,2+a,3+c",----,3,0,0.8719682643208783,1.0928112003237425,1.1093310904171518,1.4051224827037885,1.6114376407932125,0.20837594029881312,1.0563334541112375,1.0954451150103321,0.2901027985480696,1.4051224827037885,6.743208840180057,0.14734404042141394,0.7469405485962647,0.7745966692414833,0.9935716359175261,1.2909944487358058,0.19022033823834958,0.9642961017734551,1.2826954663908794,0.005454869715229758,True,True,true,
6,42,106444160,haar,identified_unknot,false,0_1,0_1,1,"{""2"": ""1"", ""3"": ""1"", ""4"": ""1""}",0,0,"1-a,2+c,3+a,4+c,5-c,6-a,2-c,3-a,4-c,5+c,6+a,1+a",----,6,0,0.8529917972060893,1.1764435445104071,1.1870728997003734,1.3279360836534635,1.5567981872780237,0.5847731642079327,1.065852184047832,1.0954451150103321,0.25290140719352816,1.4071110413642742,2.4062510516709277,0.41349706986734364,0.7536713070827141,0.7745966692414833,0.9949777592311428,1.2909944487358058,0.5338224217672622,0.9729854736152427,1.2845107637829964,0.21622639319902842,True,True,true,
6,43,939011794,haar,identified_unknot,false,0_1,0_1,1,"{""2"": ""1"", ""3"": ""1"", ""4"": ""1""}",0,0,"1+c,1-c,2-a,2+a",----,2,0,0.5914149344135721,1.1124804206869268,1.1434467023566939,1.3652661380251068,2.3084742345555758,0.4618026581708616,1.056765966873885,1.0954451150103321,0.2885232941325589,1.3652661380251068,2.956384321027391,0.3265437911625894,0.7472463813036824,0.7745966692414833,0.9653889443219219,1.2909944487358058,0.4215662216600472,0.9646909301009733,1.2463117679905211,0.17419236674339006,True,True,true,
6,44,1634188221,haar,identified_unknot,false,0_1,0_1,1,"{""2"": ""1"", ""3"": ""1"", ""4"": ""1""}",0,0,"1-a,1+a",----,1,0,0.7231022509102083,1.136030506947713,1.1517524403841228,1.2694049451324394,1.7554985391548292,0.4361521870346478,1.059526791529305,1.0954451150103321,0.2782139069701877,1.3839098295146595,3.1729975697788304,0.30840616908154284,0.749198579139197,0.7745966692414833,0.9785720250005345,1.2909944487358058,0.3981506522401481,0.9672112066694566,1.2633310519638463,0.20146767215878983,True,True,true,
6,45,705612504,haar,identified_unknot,false,0_1,0_1,1,"{""2"": ""1"", ""3"": ""1"", ""4"": ""1""}",0,0,"1+c,1-c,2-a,2+a",----,2,0,0.5690703213991293,0.9885174034793104,1.0110577587587144,1.1735286269207357,2.0621856083365433,0.5690703213991293,1.074534837476668,1.0954451150103321,0.2130138095264983,1.37286294411674,2.4124662497622222,0.40239348323333235,0.7598108702009365,0.7745966692414833,0.970760697424675,1.2909944487358058,0.5194877530616966,0.9809116155185309,1.2532466714261548,0.4128338876113427,True,True,true,
6,46,4213342675,haar,identified_unknot,false,0_1,0_1,1,"{""2"": ""1"", ""3"": ""1"", ""4"": ""1""}",0,0,"1-a,1+a",----,1,0,0.47425326822634656,1.0909420819646485,1.1363885180685807,1.3863667394660308,2.9232623839386185,0.47425326822634656,1.0513450297589673,1.0954451150103324,0.3076907999942734,1.3863667394660308,2.9232623839386185,0.3353477019627322,0.7434131999093383,0.7745966692414834,0.9803093226879139,1.2909944487358056,0.43293202163019673,0.9597423141998774,1.2655738936340544,0.2257861653407181,True,True,true,
6,47,1056708858,haar,identified_unknot,false,0_1,0_1,1,"{""2"": ""1"", ""3"": ""1"", ""4"": ""1""}",0,0,"1-a,2-c,2+c,1+a",----,2,0,0.45136943960936593,0.9809597368005186,1.016093155480777,1.3016748910713545,2.8838347855315116,0.45136943960936593,1.060544564341628,1.0954451150103321,0.2743086346534255,1.3637125155848244,3.0212779065526423,0.31916639156815446,0.7499182531964979,0.7745966692414833,0.9642903673589946,1.2909944487358058,0.4120420397375259,0.9681403018823314,1.244893511229873,0.11335680210884151,True,True,true,
6,48,2701433848,haar,identified_unknot,false,0_1,0_1,1,"{""2"": ""1"", ""3"": ""1"", ""4"": ""1""}",0,0,"1+a,2-a,3-c,3+c,2+a,1-a",----,3,0,0.45825570794709986,1.0380268577824723,1.0912303638208989,1.3729548243244443,2.9960452221643368,0.45127672455007745,1.0491569921134418,1.0954451150103321,0.3150707950595787,1.3748496273525252,3.0465777483278123,0.3191008321210135,0.7418660236526958,0.7745966692414833,0.9721654946127684,1.2909944487358058,0.4119574028552047,0.9577449182413366,1.255060256797583,0.08616984681688267,True,True,true,
6,49,3809157518,haar,identified_unknot,false,0_1,0_1,1,"{""2"": ""1"", ""3"": ""1"", ""4"": ""1""}",0,0,"1-a,2-c,2+c,1+a",----,2,0,0.4682724137814918,1.04327483196543,1.0954920465388964,1.3533401126946023,2.890070123426289,0.4682724137814918,1.0578311092200352,1.0954451150103321,0.2845932964184331,1.3533401126946023,2.890070123426289,0.33111859922748577,0.7479995506795742,0.7745966692414833,0.9569559709381197,1.2909944487358058,0.4274722734758602,0.9656632675842073,1.2354248461656956,0.21927245632965645,True,True,true,
6,50,2151606635,haar,identified_unknot,false,0_1,0_1,1,"{""2"": ""1"", ""3"": ""1"", ""4"": ""1""}",0,0,"1+a,2+c,3+a,1-a,2-c,3-a",----,3,0,0.4235347762002268,1.1449824671581121,1.1910838165378086,1.4008831714593606,3.307598927359605,0.4235347762002268,1.0584523010911357,1.0954451150103324,0.2822742041258463,1.4008831714593606,3.307598927359605,0.2994843123195071,0.7484387996640474,0.7745966692414834,0.9905739901890308,1.2909944487358056,0.3866325846879439,0.9662303355847751,1.278825522396115,0.03364083218139901,True,True,true,
6,51,2223925501,haar,identified_unknot,false,0_1,0_1,1,"{""2"": ""1"", ""3"": ""1"", ""4"": ""1""}",0,0,----,----,0,0,0.5089784615549175,1.0932305701653002,1.137881180585683,1.3769816070427945,2.7053828620491074,0.26944708959640823,1.0408375467531217,1.0954451150103321,0.3415511693274431,1.4058879842247753,5.217677379000779,0.1905278642245995,0.7359832874227025,0.7745966692414833,0.9941129272340246,1.2909944487358058,0.24597041504344727,0.9501503384250378,1.2833942704756278,0.1049746627428198,True,True,true,
6,52,4118586050,haar,identified_unknot,false,0_1,0_1,1,"{""2"": ""1"", ""3"": ""1"", ""4"": ""1""}",0,0,"1+c,1-c",----,1,0,0.6957576034485874,1.0467268873669777,1.0749266654011398,1.3016949650061689,1.870902967576921,0.622627323168116,1.0606583944190224,1.0954451150103321,0.2738681623490791,1.373928507195577,2.206662727560065,0.44026400236420277,0.7499987432161265,0.7745966692414833,0.9715141643035026,1.2909944487358058,0.5683783830303935,0.9682442140508501,1.2542193929840275,0.23634722807522998,True,True,true,
6,53,3521128603,haar,identified_unknot,false,0_1,0_1,1,"{""2"": ""1"", ""3"": ""1"", ""4"": ""1""}",0,0,"1+c,2-c,3-a,4-c,5-c,6-a,4+c,1-c,2+c,3+a,6+a,5+c",----,6,0,0.6831440972528265,1.130071106484679,1.1542862913070364,1.3779977546381812,2.01714068844277,0.6831440972528265,1.0778415882351837,1.095445115010332,0.1955952726183753,1.3795570808772182,2.019423261395252,0.4830558236950359,0.7621490960859768,0.7745966692414831,0.9754941669221993,1.290994448735806,0.6236223868197937,0.9839302521560086,1.2593575542707192,0.1277251366393249,True,True,true,
6,54,1366345116,haar,identified_unknot,false,0_1,0_1,1,"{""2"": ""1"", ""3"": ""1"", ""4"": ""1""}",0,0,"1-a,2-c,3-c,3+c,4+c,5+a,6+c,1+a,2+c,4-c,5-a,6-c",----,6,0,0.9360233599656095,1.1777037855166383,1.1910346605814082,1.361169357226781,1.4542044733550152,0.6309470646862049,1.0682524617278386,1.0954451150103321,0.242562730056396,1.361169357226781,2.1573431963008574,0.44614694800936266,0.7553685597069775,0.7745966692414833,0.9624920828383908,1.2909944487358058,0.5759732332005094,0.9751766173312693,1.242571935896526,0.08172443305477974,True,True,true,
6,55,3116945418,haar,identified_unknot,false,0_1,0_1,1,"{""2"": ""1"", ""3"": ""1"", ""4"": ""1""}",0,0,"1-a,2-c,2+c,1+a",----,2,0,0.5350519309461941,0.9474930582571357,0.9833712144522925,1.2951231566269448,2.420555990400089,0.5350519309461941,1.0684065908945513,1.0954451150103324,0.2418829397313561,1.3697782676580372,2.560084710348957,0.3783388486590102,0.7554775454859386,0.7745966692414834,0.9685795017829598,1.2909944487358056,0.4884333533598782,0.975317317366899,1.2504307599610933,0.494441541242024,True,True,true,
6,56,2358256497,haar,identified_unknot,false,0_1,0_1,1,"{""2"": ""1"", ""3"": ""1"", ""4"": ""1""}",0,0,----,----,0,0,0.5833134533730078,0.9503065682556874,0.9890922889974555,1.2680252965083239,2.1738317351948124,0.5833134533730078,1.0639350541665835,1.0954451150103321,0.2608489994528423,1.3840298768998156,2.372703507688136,0.41246489843739675,0.7523156915432679,0.7745966692414833,0.9786569113206421,1.2909944487358058,0.5324898941810572,0.971235381479198,1.2634406397318787,0.33296994443763844,True,True,true,
6,57,1700838971,haar,identified_unknot,false,0_1,0_1,1,"{""2"": ""1"", ""3"": ""1"", ""4"": ""1""}",0,0,"1-a,1+a",----,1,0,0.40854037804280524,1.0417875055648007,1.0916105525199808,1.3730586964889102,3.360888593354771,0.40854037804280524,1.049411426720229,1.0954451150103321,0.31422230581073235,1.4141145098934702,3.4613824872539403,0.2888816717025833,0.7420459360885235,0.7745966692414833,0.9999299593199639,1.2909944487358058,0.3729446345095545,0.9579771841972484,1.2909040266066936,0.2877598327951035,True,True,true,
6,58,1080462049,haar,identified_unknot,false,0_1,0_1,1,"{""2"": ""1"", ""3"": ""1"", ""4"": ""1""}",0,0,"1+a,2+c,2-c,1-a",----,2,0,0.6402830942539394,1.0632641463925465,1.1040623842549664,1.4111417981980408,2.2039341829606003,0.6402830942539394,1.0627545388820085,1.0954451150103321,0.2656177518271119,1.4111417981980408,2.2039341829606003,0.45274851782606584,0.7514809411802506,0.7745966692414833,0.9978279347216131,1.2909944487358058,0.584495823186815,0.9701577233944624,1.2881903245191166,0.009167397147319602,True,True,true,
6,59,1300344720,haar,identified_unknot,false,0_1,0_1,1,"{""2"": ""1"", ""3"": ""1"", ""4"": ""1""}",0,0,"1-a,2-c,3-a,1+a,2+c,3+a",----,3,0,0.6413776384033306,0.9862807480266595,1.0133141016973113,1.3387608058807872,2.0873206761831424,0.5431810539570894,1.0601601437465573,1.0954451150103324,0.2757906264021301,1.3832298503855005,2.546535524957345,0.38408700666511386,0.7496464267868956,0.7745966692414834,0.978091207147241,1.2909944487358056,0.4958541934362143,0.9677893754965147,1.2627103187843909,0.1496220059765831,True,True,true,
6,60,1575461543,haar,identified_unknot,false,0_1,0_1,1,"{""2"": ""1"", ""3"": ""1"", ""4"": ""1""}",0,0,"1+a,1-a",----,1,0,0.6849481456537428,1.079546366052884,1.1087084693285238,1.4058341316567704,2.0524679723236336,0.19996498005168722,1.052612272370969,1.0954451150103321,0.3033272227381266,1.4058341316567704,7.030401679801075,0.14139659339438074,0.7443092757536933,0.7745966692414833,0.9940748477180039,1.2909944487358058,0.18254221714229943,0.9608991431405861,1.2833451100318345,0.0064575459356393874,True,True,true,
6,61,2442309918,haar,identified_unknot,false,0_1,0_1,1,"{""2"": ""1"", ""3"": ""1"", ""4"": ""1""}",0,0,"1-c,1+c",----,1,0,0.13907568761534714,1.050059097771493,1.1282564773109018,1.3593844075800083,9.77442161810314,0.13907568761534714,1.0471191880591852,1.0954451150103324,0.32177850456217977,1.3729150811851911,9.871711617794572,0.0983413618109939,0.7404250785872015,0.7745966692414834,0.970797563899328,1.2909944487358056,0.12695815217911247,0.95588466616085,1.253294265840276,0.027646792811386274,True,True,true,
6,62,1719825477,haar,identified_unknot,false,0_1,0_1,1,"{""2"": ""1"", ""3"": ""1"", ""4"": ""1""}",0,0,"1-a,2+a,3+c,1+a,2-a,3-c",----,3,0,0.7669678592758453,1.063675871466559,1.0835601676522757,1.3242162607253138,1.7265603045942637,0.3651345194822727,1.0643445653750583,1.0954451150103321,0.25917300429747375,1.4002274805059423,3.8348263606830066,0.25818909477120655,0.7526052596957523,0.7745966692414833,0.990110346669506,1.2909944487358058,0.33332068807375054,0.9716092123565857,1.2782269611862165,0.17123045197670717,True,True,true,
6,63,428127414,haar,identified_unknot,false,0_1,0_1,1,"{""2"": ""1"", ""3"": ""1"", ""4"": ""1""}",0,0,"1-a,2-c,2+c,3+a,3-a,1+a",----,3,0,0.7445909966599279,1.003108166874468,1.0186906424375954,1.2211080367223706,1.6399715309478542,0.7445909966599279,1.0770248886227143,1.0954451150103324,0.20004346849429988,1.4065880666169486,1.889074771151672,0.5265053429486849,0.7615716022518073,0.7745966692414834,0.9946079602409195,1.2909944487358056,0.6797154749764938,0.9831847108219163,1.2840333553394698,0.46989837387588124,True,True,true,
6,64,1930347466,haar,identified_unknot,false,0_1,0_1,1,"{""2"": ""1"", ""3"": ""1"", ""4"": ""1""}",0,0,"1+c,2-c,2+c,1-c",----,2,0,0.6243323949164731,1.151247460864612,1.1799703644167696,1.3767974882140912,2.205231539200024,0.6243323949164731,1.0696348019810908,1.0954451150103324,0.23639244994473296,1.3767974882140912,2.205231539200024,0.44146967015987565,0.7563460218739593,0.7745966692414834,0.9735428402367896,1.2909944487358056,0.5699348934616266,0.9764385155626913,1.2568384023521846,0.18211657419929625,True,True,true,
6,65,2210307459,haar,identified_unknot,false,0_1,0_1,1,"{""2"": ""1"", ""3"": ""1"", ""4"": ""1""}",0,0,----,----,0,0,0.7898338170388628,1.0630600928946838,1.0829599409650694,1.32336270604518,1.675495119981759,0.652615959704548,1.0713404591294398,1.0954451150103324,0.22853800697547277,1.3499809228005917,2.068568662359643,0.4614691706176525,0.7575521036099361,0.7745966692414834,0.9545806649847715,1.2909944487358056,0.5957541375301056,0.9779955603885594,1.2323583393658737,0.3808436921144481,True,True,true,
6,66,680353591,haar,identified_unknot,false,0_1,0_1,1,"{""2"": ""1"", ""3"": ""1"", ""4"": ""1""}",0,0,----,----,0,0,0.450459019079757,0.9311119798315936,0.9733734347589389,1.3024313689193396,2.8913426388488737,0.450459019079757,1.0638229087551327,1.0954451150103321,0.2613059869344143,1.4082661260770153,3.1262913304610107,0.31852262703793655,0.7522363927623521,0.7745966692414833,0.9957945274643669,1.2909944487358058,0.41121094330272157,0.9711330071932437,1.2855652070379926,0.40095357507903834,True,True,true,
6,67,2898129677,haar,identified_unknot,false,0_1,0_1,1,"{""2"": ""1"", ""3"": ""1"", ""4"": ""1""}",0,0,"1-c,1+c",----,1,0,0.6239256180351707,1.0093679289858513,1.0501280855118218,1.4141606809613085,2.266553319952944,0.4020954426660239,1.0600197741536996,1.0954451150103324,0.276329655308907,1.4141606809613085,3.5169776398980357,0.2843244141933521,0.7495471704959136,0.7745966692414834,0.999962607195127,1.2909944487358056,0.36706124036367743,0.9676612361758552,1.290946174832292,0.12178703424331686,True,True,true,
6,68,4019944268,haar,identified_unknot,false,0_1,0_1,1,"{""2"": ""1"", ""3"": ""1"", ""4"": ""1""}",0,0,"1-a,2-c,2+c,1+a",----,2,0,0.6653066270783309,1.0902378902055667,1.1300806001084012,1.4118393862838743,2.1220882655023505,0.6653066270783309,1.0724836023971627,1.0954451150103321,0.2231119059781531,1.4118393862838743,2.1220882655023505,0.47044282757543726,0.7583604279664107,0.7745966692414833,0.998321203987581,1.2909944487358058,0.6073390788474654,0.9790391026455462,1.288827132403213,0.019169025261191568,True,True,true,
6,69,1063293144,haar,identified_unknot,false,0_1,0_1,1,"{""2"": ""1"", ""3"": ""1"", ""4"": ""1""}",0,0,"1-a,1+a",----,1,0,0.6632323205153411,1.0817343184052346,1.1068800269692762,1.3053819425201545,1.968212196754606,0.6632323205153411,1.0723181027341164,1.0954451150103324,0.22390597702764584,1.3338971741259187,2.011206530299159,0.4689760713384874,0.7582434020323866,0.7745966692414834,0.94320773723001,1.2909944487358056,0.6054455046879144,0.9788880228143629,1.2176759527686032,0.022147418240536915,True,True,true,
6,70,1345059309,haar,identified_unknot,false,0_1,0_1,1,"{""2"": ""1"", ""3"": ""1"", ""4"": ""1""}",0,0,"1+c,1-c",----,1,0,0.3231452120207677,0.9611183695362208,1.0268405342715996,1.3810453813431498,4.273760928428652,0.3231452120207677,1.0565773830789347,1.0954451150103324,0.28921312827406376,1.4067258376817509,4.35323125750458,0.22849817072784948,0.7471130324234512,0.7745966692414834,0.9947053790950925,1.2909944487358056,0.29498986995594,0.9645187774368492,1.2841591225394093,0.2594146082257365,True,True,true,
6,71,299362293,haar,identified_unknot,false,0_1,0_1,1,"{""2"": ""1"", ""3"": ""1"", ""4"": ""1""}",0,0,----,----,0,0,0.786376389017061,1.0448808005687942,1.0742209919485937,1.4019540962877852,1.7828028865924774,0.24887326431043652,1.0528038190365125,1.0954451150103324,0.3026617230872358,1.4121119090955045,5.674020120273271,0.17597997284994163,0.7444447196998129,0.7745966692414834,0.9985139067157127,1.2909944487358056,0.22718916803795242,0.961074000523141,1.2890759105554872,0.24229917384430524,True,True,true,
6,72,2900157729,haar,identified_unknot,false,0_1,0_1,1,"{""2"": ""1"", ""3"": ""1"", ""4"": ""1""}",0,0,"1-c,2+c,3+c,3-c,4+a,1+c,2-c,4-a",----,4,0,0.8090527128678446,1.0968711868274452,1.1174132432034252,1.3604690565094324,1.681557993529229,0.490800559904405,1.0701038456882563,1.0954451150103321,0.2342600252779039,1.3913832091309342,2.834925879876622,0.3470484041185591,0.7566776858599689,0.7745966692414833,0.9838565024055836,1.2909944487358058,0.44803756315968035,0.9768666919274758,1.2701532829582345,0.19059620630557023,True,True,true,
6,73,1334269842,haar,identified_unknot,false,0_1,0_1,1,"{""2"": ""1"", ""3"": ""1"", ""4"": ""1""}",0,0,"1+c,2+a,2-a,1-c",----,2,0,0.7040692622591125,1.0589365415804444,1.0950454998851678,1.3886812115678104,1.9723644902662236,0.6268826548372556,1.0661257717969965,1.0954451150103321,0.25174558329841357,1.3886812115678104,2.215217155638681,0.44327297624364925,0.7538647628353978,0.7745966692414833,0.9819459016059494,1.2909944487358058,0.57226295160515,0.9732352239180333,1.2676867079321563,0.059345588588146994,True,True,true,
6,74,655199439,haar,identified_unknot,false,0_1,0_1,1,"{""2"": ""1"", ""3"": ""1"", ""4"": ""1""}",0,0,"1+a,1-a",----,1,0,0.8298188802628591,1.0627435969035384,1.0751768407795634,1.2436510288978473,1.4987017751438723,0.3200369249117793,1.06108254173399,1.0954451150103321,0.2722202042966967,1.3974036389858704,4.3663825334250905,0.22630027983520906,0.750298660658762,0.7745966692414833,0.988113589181667,1.2909944487358058,0.2921524050146143,0.9686314058043718,1.2756491583539447,0.04023136949314141,True,True,true,
6,75,167747809,haar,identified_unknot,false,0_1,0_1,1,"{""2"": ""1"", ""3"": ""1"", ""4"": ""1""}",0,0,"1-c,2+c,3+a,1+c,2-c,3-a",----,3,0,0.7423853445228522,1.0961436877641968,1.1206370008147166,1.4115616954364196,1.901386801141208,0.44948512490784664,1.0591348187752088,1.0954451150103321,0.2797024055277421,1.4115616954364196,3.140396905739245,0.3178339798648207,0.7489214125467352,0.7745966692414833,0.9981248469062723,1.2909944487358058,0.41032190362509136,0.9668533861372133,1.2885736365012737,0.05364890036524765,True,True,true,
6,76,2525262146,haar,identified_unknot,false,0_1,0_1,1,"{""2"": ""1"", ""3"": ""1"", ""4"": ""1""}",0,0,"1+c,2+a,3+c,4-c,5+a,5-a,6-a,1-c,2-a,3-c,4+c,6+a",----,6,0,0.33306021257102086,1.0720272534856659,1.1248120518936102,1.317821295641365,3.9567058624883225,0.33306021257102086,1.0414740687094624,1.0954451150103321,0.33960530650412024,1.4025874384964974,4.211212824460122,0.23550913485240185,0.7364333764144051,0.7745966692414833,0.9917790889679429,1.2909944487358058,0.30404098572102306,0.9507314008147633,1.280381298229869,0.05625310097776147,True,True,true,
6,77,565117996,haar,identified_unknot,false,0_1,0_1,1,"{""2"": ""1"", ""3"": ""1"", ""4"": ""1""}",0,0,----,----,0,0,0.5000030201402857,1.124845850416575,1.162940843551877,1.3552658387042418,2.710515305135547,0.4707048994020278,1.0508622181449863,1.0954451150103321,0.3093357374688531,1.3919711588662027,2.957205588118011,0.3328386263049055,0.7430718005430568,0.7745966692414833,0.984272245650389,1.2909944487358058,0.42969281888448435,0.9593015695132062,1.2706900051793775,0.1610702130612908,True,True,true,
6,78,2883333506,haar,identified_unknot,false,0_1,0_1,1,"{""2"": ""1"", ""3"": ""1"", ""4"": ""1""}",0,0,"1-a,2-c,2+c,1+a",----,2,0,0.4924598627117616,0.965526158208217,1.0128200121470965,1.4037069213036406,2.85039863670115,0.4924598627117616,1.059598608029333,1.0954451150103321,0.27794026311835446,1.4037069213036406,2.85039863670115,0.34822170838568284,0.7492493610733678,0.7745966692414833,0.9925706828522957,1.2909944487358058,0.44955229245521516,0.9672767658645671,1.2814032415402217,0.17141966270576717,True,True,true,
6,79,1643586811,haar,identified_unknot,false,0_1,0_1,1,"{""2"": ""1"", ""3"": ""1"", ""4"": ""1""}",0,0,"1-a,2-c,2+c,1+a,3+c,3-c",----,3,0,0.9570810014194469,1.0848819614628507,1.0888474486967856,1.2054032883132002,1.2594579628322646,0.3651111214735123,1.0672425033971276,1.0954451150103321,0.24696849787499597,1.384082815026031,3.7908536158530626,0.25817254988054583,0.7546544113226158,0.7745966692414833,0.9786943442286723,1.2909944487358058,0.3332993287117526,0.9742546557314847,1.2634889654083459,0.2763677604319521,True,True,true,
6,80,2446635684,haar,identified_unknot,false,0_1,0_1,1,"{""2"": ""1"", ""3"": ""1"", ""4"": ""1""}",0,0,----,----,0,0,0.43759525481727135,1.0414641631756496,1.0842050903501963,1.343350538693779,3.069847133636602,0.43759525481727135,1.0632013105078384,1.0954451150103321,0.26382375430278243,1.364650659920562,3.118522527147616,0.3094265720963478,0.7517968564265166,0.7745966692414833,0.9649537355805263,1.2909944487358058,0.39946798686773455,0.9705655682236626,1.245749915921338,0.2009776547491272,True,True,true,
6,81,1872259369,haar,identified_unknot,false,0_1,0_1,1,"{""2"": ""1"", ""3"": ""1"", ""4"": ""1""}",0,0,"1+a,1-a",----,1,0,0.3444637204008859,0.972386341294524,1.033438395949452,1.375528595153964,3.9932466430808087,0.3444637204008859,1.0559100827867065,1.0954451150103324,0.2916400128058071,1.375528595153964,3.9932466430808087,0.2435726325682133,0.746641179861729,0.7745966692414834,0.9726455973493731,1.2909944487358056,0.31445091650952944,0.963909618399044,1.2556800667653623,0.09519122607423437,True,True,true,
6,82,4101575454,haar,identified_unknot,false,0_1,0_1,1,"{""2"": ""1"", ""3"": ""1"", ""4"": ""1""}",0,0,"1+c,2+a,3+c,1-c,2-a,3-c",----,3,0,0.3974424505197643,1.0641090603415322,1.1097901474502636,1.36911100245327,3.444803142348746,0.20446482666982282,1.034759291503353,1.0954451150103324,0.3595458366432285,1.3943779081136376,6.819646835224766,0.14457846545236377,0.7316853119178083,0.7745966692414834,0.9859740743638657,1.2909944487358056,0.18664999630574305,0.944601675907417,1.272887056601175,0.20129980963531352,True,True,true,
6,83,3293383120,haar,identified_unknot,false,0_1,0_1,1,"{""2"": ""1"", ""3"": ""1"", ""4"": ""1""}",0,0,"1+c,2+a,2-a,1-c",----,2,0,0.6125304100124227,0.9845910387894771,1.0190843139683192,1.294700551429814,2.1136918759732373,0.5661753410224096,1.0570561788370563,1.0954451150103321,0.28745823137005644,1.3962738678974882,2.4661509725521986,0.4003464229775519,0.7474515921508224,0.7745966692414833,0.9873147203838835,1.2909944487358058,0.5168450096352564,0.9649558561654514,1.274617823170738,0.17045063946981137,True,True,true,
6,84,4207195002,haar,identified_unknot,false,0_1,0_1,1,"{""2"": ""1"", ""3"": ""1"", ""4"": ""1""}",0,0,"1-c,1+c",----,1,0,0.47387514085607724,0.9714988376486692,1.0069625164683902,1.259363632373059,2.6575853506431266,0.47387514085607724,1.0556717540978755,1.0954451150103321,0.2925015343548033,1.3844255532472696,2.9214985845137207,0.33508032553506256,0.7464726560297053,0.7745966692414833,0.978936696749082,1.2909944487358058,0.43258684014635246,0.9636920550674222,1.2638018411668317,0.410313967679113,True,True,true,
6,85,763003222,haar,identified_unknot,false,0_1,0_1,1,"{""2"": ""1"", ""3"": ""1"", ""4"": ""1""}",0,0,----,----,0,0,0.9735934253902745,1.1388009901338245,1.148119161780608,1.3812127327974417,1.4186750822025826,0.5791908204044371,1.0672872640857798,1.0954451150103321,0.24677499046761403,1.3920518469384484,2.4034425234267474,0.40954975670897725,0.7546860619090924,0.7745966692414833,0.9843293007334347,1.2909944487358058,0.5287264623923895,0.974295516462925,1.2707636629748618,0.3387067912353922,True,True,true,
6,86,2838761823,haar,identified_unknot,false,0_1,0_1,1,"{""2"": ""1"", ""3"": ""1"", ""4"": ""1""}",0,0,"1+c,2+a,3-a,4-c,5-a,1-c,2-a,3+a,4+c,5+a",----,5,0,0.9501793856574173,1.1963897775056112,1.2048428123782509,1.3536933409111631,1.424671342427156,0.5711960592618084,1.0716393089706309,1.0954451150103324,0.22713254163362165,1.3960801587159435,2.444134787134532,0.4038966068910578,0.7577634223591988,0.7745966692414834,0.9871777473080351,1.2909944487358056,0.5214282773595834,0.9782683717207711,1.274440991690191,0.15453268926474115,True,True,true,
6,87,1541904096,haar,identified_unknot,false,0_1,0_1,1,"{""2"": ""1"", ""3"": ""1"", ""4"": ""1""}",0,0,"1-c,1+c",----,1,0,0.3403978548286621,0.9801198095267983,1.0285486599316926,1.37219657097475,4.0311551659614295,0.3403978548286621,1.0631555301299318,1.0954451150103321,0.26400817933189835,1.37219657097475,4.0311551659614295,0.24069763145070092,0.7517644848108536,0.7745966692414833,0.9702895004571732,1.2909944487358058,0.3107393060267118,0.9705237766475447,1.2526383587568488,0.33896146271476735,True,True,true,
6,88,3220448823,haar,identified_unknot,false,0_1,0_1,1,"{""2"": ""1"", ""3"": ""1"", ""4"": ""1""}",0,0,"1-c,2-a,3+a,1+c,2+a,3-a",----,3,0,0.7474069796748268,1.0492834665246158,1.0703182074246793,1.306964568138279,1.7486651900239119,0.46191991784648434,1.0569990884845277,1.0954451150103321,0.2876680846789886,1.3661176972308062,2.9574773558147913,0.326626706274382,0.7474112231754091,0.7745966692414833,0.9659910876108538,1.2909944487358058,0.4216732646090877,0.9649037400422915,1.2470891316338757,0.13624598388113457,True,True,true,
6,89,327403396,haar,identified_unknot,false,0_1,0_1,1,"{""2"": ""1"", ""3"": ""1"", ""4"": ""1""}",0,0,----,----,0,0,0.8721986237255756,1.006658812678215,1.0122170102488364,1.1758067723925976,1.3480951934665606,0.7147411941438889,1.076236195677846,1.0954451150103321,0.20424409688624404,1.409746105704006,1.9723868125337145,0.5053983451725145,0.7610139121222169,0.7745966692414833,0.99684103109463,1.2909944487358058,0.6524664580179789,0.9824647359605002,1.286916237415244,0.6059595956842415,True,True,true,
6,90,2950578439,haar,identified_unknot,false,0_1,0_1,1,"{""2"": ""1"", ""3"": ""1"", ""4"": ""1""}",0,0,"1-c,2-c,3-a,4-c,2+c,3+a,4+c,1+c",----,4,0,0.7071553339026272,1.0528131554179878,1.0725393783850556,1.3340705468615346,1.8865311239315794,0.5348292458614573,1.0690335981798913,1.0954451150103321,0.23909656200488325,1.3667029982561358,2.5554006420399977,0.3781813865255237,0.7559209065892559,0.7745966692414833,0.9664049579348998,1.2909944487358058,0.48823007061966117,0.975889694090067,1.2476234359247156,0.4122276284313161,True,True,true,
6,91,3451950595,haar,identified_unknot,false,0_1,0_1,1,"{""2"": ""1"", ""3"": ""1"", ""4"": ""1""}",0,0,"1+a,1-a",----,1,0,0.23640601973213843,1.0632070417831472,1.1292434012670107,1.401178716865306,5.927001006374211,0.23640601973213843,1.0497446855629706,1.0954451150103321,0.3131071623778345,1.4104956336789365,5.966411664462305,0.16716429966591584,0.7422815856761166,0.7745966692414833,0.9973710274083923,1.2909944487358058,0.21580818289550605,0.958281406506678,1.2876004597141617,0.17099214587570435,True,True,true,
6,92,1573504906,haar,identified_unknot,false,0_1,0_1,1,"{""2"": ""1"", ""3"": ""1"", ""4"": ""1""}",0,0,"1-a,2-c,3-a,1+a,2+c,3+a",----,3,0,0.6262666740402846,1.0641965597314484,1.1107492695221222,1.4025116234871613,2.2394798919109413,0.6069296161672023,1.058789641878366,1.0954451150103324,0.28100621745983023,1.4025116234871613,2.31083075553984,0.4291640472947772,0.7486773356222687,0.7745966692414834,0.9917254796607257,1.2909944487358056,0.554048402654548,0.9665382841826625,1.2803120889118509,0.07754673304931876,True,True,true,
6,93,1581143566,haar,identified_unknot,false,0_1,0_1,1,"{""2"": ""1"", ""3"": ""1"", ""4"": ""1""}",0,0,"1+c,1-c",----,1,0,0.785834539430151,1.0838718468644997,1.100134732915265,1.3093451105401837,1.6661842217951595,0.4015322779782722,1.0550988572669453,1.0954451150103324,0.29456137118431974,1.3818767745401068,3.441508566877613,0.28392619662371804,0.7460675567956342,0.7745966692414834,0.9771344380415034,1.2909944487358056,0.36654714369189084,0.9631690742050492,1.2614751351801616,0.22218871490798522,True,True,true,
6,94,2816909622,haar,identified_unknot,false,0_1,0_1,1,"{""2"": ""1"", ""3"": ""1"", ""4"": ""1""}",0,0,"1-a,2-c,3-a,3+a,2+c,1+a",----,3,0,0.6214053333905751,1.0408355074895181,1.0747887484146412,1.3585773802228183,2.1862982295469044,0.6214053333905751,1.0624822249248829,1.0954451150103321,0.26670493381013916,1.3689291111798514,2.202956810348828,0.439399925105963,0.7512883861345553,0.7745966692414833,0.9679790574789461,1.2909944487358058,0.5672628640867271,0.9699091358993933,1.249655589697837,0.14950597982330757,True,True,true,
6,95,3582110309,haar,identified_unknot,false,0_1,0_1,1,"{""2"": ""1"", ""3"": ""1"", ""4"": ""1""}",0,0,----,----,0,0,0.4514352355250572,0.9987339677751708,1.0406038379891291,1.3463487366983227,2.982374061104038,0.4514352355250572,1.064828746533955,1.0954451150103321,0.2571764774525977,1.401999863117521,3.105650052962474,0.31921291630631415,0.7529476274765309,0.7745966692414833,0.9913636104330105,1.2909944487358058,0.41210210291621896,0.9720512072609968,1.2798449177477025,0.1666996332983139,True,True,true,
6,96,1532983646,haar,identified_unknot,false,0_1,0_1,1,"{""2"": ""1"", ""3"": ""1"", ""4"": ""1""}",0,0,"1+c,2+a,2-a,1-c",----,2,0,0.2648432925455751,1.0453649370544535,1.1039584885194726,1.2889749025369956,4.866934292153858,0.2648432925455751,1.0460102281537356,1.0954451150103324,0.325365337117786,1.3942593503152885,5.264469176901506,0.18727248811074876,0.7396409255179941,0.7745966692414834,0.9858902413406905,1.2909944487358056,0.24176774255191877,0.9548723289015437,1.272778828633635,0.02304229380385653,True,True,true,
6,97,3092505713,haar,identified_unknot,false,0_1,0_1,1,"{""2"": ""1"", ""3"": ""1"", ""4"": ""1""}",0,0,"1-a,1+a",----,1,0,0.7118118725572565,1.0096101834187292,1.0414060566676853,1.4119607555156408,1.9836150673393915,0.5257637647840233,1.059157174812646,1.0954451150103321,0.2796177373538621,1.4119607555156408,2.685542158074844,0.3717711233809518,0.7489372206524075,0.7745966692414833,0.9984070249943905,1.2909944487358058,0.4799544564850831,0.9668737943138815,1.288937926846589,0.3139234804629892,True,True,true,
6,98,92208040,haar,identified_unknot,false,0_1,0_1,1,"{""2"": ""1"", ""3"": ""1"", ""4"": ""1""}",0,0,"1-c,1+c,2+a,3+c,3-c,2-a",----,3,0,0.5131929233743034,0.9720299007184213,1.0213553504729973,1.3727369410425614,2.6748945250777343,0.5131929233743034,1.0642013982248821,1.0954451150103321,0.2597602433325882,1.3727369410425614,2.6748945250777343,0.36288219617491824,0.7525040252330196,0.7745966692414833,0.970671599796473,1.2909944487358058,0.4684789008068771,0.9714785192271772,1.2531316468827502,0.39487395405515147,True,True,true,
6,99,430467241,haar,identified_unknot,false,0_1,0_1,1,"{""2"": ""1"", ""3"": ""1"", ""4"": ""1""}",0,0,"1-a,1+a",----,1,0,0.7466020125610756,1.0024366794154407,1.030147787922909,1.3153678615283855,1.7618059413157316,0.7466020125610756,1.0643095349015204,1.0954451150103324,0.25931682150934554,1.4069776172135602,1.8845082032222122,0.5279273459294604,0.7525804894103655,0.7745966692414834,0.9948834141093988,1.2909944487358056,0.6815512729307607,0.9715772340556573,1.2843889647545594,0.487990814908572,True,True,true,
6,100,428255344,haar,identified_unknot,false,0_1,0_1,1,"{""2"": ""1"", ""3"": ""1"", ""4"": ""1""}",0,0,"1+c,2+a,2-a,1-c",----,2,0,0.3886854268902279,0.9800787745874678,1.0234991142967393,1.3335591422278188,3.4309471103593525,0.3886854268902279,1.0591013775218012,1.0954451150103321,0.27982900516462417,1.3632294023260532,3.5072820023969022,0.27484210110246815,0.7488977660096793,0.7745966692414833,0.9639487546976364,1.2909944487358058,0.3548196268021715,0.9668228585891424,1.2444524911804415,0.2999970375262764,True,True,true,
6,101,191431927,haar,identified_unknot,false,0_1,0_1,1,"{""2"": ""1"", ""3"": ""1"", ""4"": ""1""}",0,0,----,----,0,0,0.29269962610129535,0.9793353438460963,1.0360353681312653,1.3465977975329313,4.600613316352207,0.29269962610129535,1.0521276832896962,1.0954451150103321,0.30500383285371474,1.4123471992955554,4.825244289197625,0.2069698904669929,0.7439666195282363,0.7745966692414833,0.9986802820117154,1.2909944487358058,0.2671969796483456,0.9604567758556963,1.2892907001390337,0.26476311032310884,True,True,true,
6,102,2490114929,haar,identified_unknot,false,0_1,0_1,1,"{""2"": ""1"", ""3"": ""1"", ""4"": ""1""}",0,0,"1+a,1-a",----,1,0,0.30972982683248457,1.0535811075652168,1.1207581887261713,1.4075142644057221,4.544329097394186,0.30972982683248457,1.0525699275575346,1.0954451150103324,0.30347413003669044,1.4075142644057221,4.544329097394186,0.2190120608889849,0.7442793334489658,0.7745966692414834,0.9952628809780812,1.2909944487358056,0.28274335481386775,0.9608604877914005,1.2848788543755076,0.18462777107469333,True,True,true,
6,103,1990041301,haar,identified_unknot,false,0_1,0_1,1,"{""2"": ""1"", ""3"": ""1"", ""4"": ""1""}",0,0,"1+a,1-a",----,1,0,0.7952948087719449,1.1138417139229115,1.1282714460732914,1.3460862856872085,1.692562645751163,0.4674142377573154,1.0660043715099368,1.0954451150103321,0.25225915230513374,1.4071279304465125,3.0104515797336555,0.3305117771413389,0.7537789198691799,0.7745966692414833,0.9949897016157215,1.2909944487358058,0.42668886953127433,0.973124401125183,1.2845261813351923,0.19456502421998495,True,True,true,
6,104,3244930095,haar,identified_unknot,false,0_1,0_1,1,"{""2"": ""1"", ""3"": ""1"", ""4"": ""1""}",0,0,"1-a,2-c,2+c,1+a",----,2,0,0.5701430246563048,1.0306499860406821,1.0557362202560128,1.309933584673332,2.2975525929883815,0.5701430246563048,1.05799924597436,1.0954451150103324,0.28396759589376735,1.4015040110827088,2.458162163656334,0.4031519989806821,0.748118441318724,0.7745966692414834,0.9910129900967296,1.2909944487358056,0.5204669926808038,0.9658167547393561,1.2793922688399497,0.1421919277331164,True,True,true,
6,105,411676024,haar,identified_unknot,false,0_1,0_1,1,"{""2"": ""1"", ""3"": ""1"", ""4"": ""1""}",0,0,----,----,0,0,0.7732733308654305,1.0842924275978993,1.100401243842485,1.326136398167,1.7149646124260065,0.47977728409004355,1.0649304514315527,1.0954451150103321,0.25675500698874243,1.4119705656855601,2.9429708585798,0.33925377103933446,0.7530195436993022,0.7745966692414833,0.998413961832065,1.2909944487358058,0.4379747351244689,0.9721440507053686,1.2889468822655186,0.06465111270807161,True,True,true,
6,106,1363830081,haar,identified_unknot,false,0_1,0_1,1,"{""2"": ""1"", ""3"": ""1"", ""4"": ""1""}",0,0,"1+a,1-a",----,1,0,0.5201196052192376,1.0508295875544842,1.0828554656519138,1.3189386629573148,2.535837237670293,0.5201196052192376,1.0562019897973047,1.0954451150103324,0.29058106742906414,1.356716360374663,2.6084699495278367,0.3677800998785929,0.7468475892883988,0.7745966692414834,0.959343338567656,1.2909944487358056,0.47480206729876356,0.9641760918230416,1.2385069245225182,0.10537049717929628,True,True,true,
6,107,832698226,haar,identified_unknot,false,0_1,0_1,1,"{""2"": ""1"", ""3"": ""1"", ""4"": ""1""}",0,0,"1+c,1-c",----,1,0,0.6747010499913372,1.1477947380853741,1.1699375070050215,1.3198230249873222,1.9561597317867936,0.2633411936201638,1.0551315573380207,1.0954451150103321,0.294444216634396,1.4108430532817933,5.357471931705281,0.18621034377457737,0.7460906792376368,0.7745966692414833,0.9976166901654895,1.2909944487358058,0.2403965201101654,0.963198925149316,1.2879176089698354,0.11162694661371514,True,True,true,
6,108,3143794910,haar,identified_unknot,false,0_1,0_1,1,"{""2"": ""1"", ""3"": ""1"", ""4"": ""1""}",0,0,"1+c,1-c",----,1,0,0.5947918558465587,1.014445753042116,1.0448197668784762,1.3421285928221793,2.256467669537854,0.5947918558465587,1.0671023280711958,1.0954451150103321,0.24757346672257505,1.4010712867129962,2.3555656872921897,0.42058135466363306,0.7545552923990945,0.7745966692414833,0.9907070077605211,1.2909944487358058,0.5429681941125354,0.9741266937514539,1.2789972473424938,0.28707224576130175,True,True,true,
6,109,1624814959,haar,identified_unknot,false,0_1,0_1,1,"{""2"": ""1"", ""3"": ""1"", ""4"": ""1""}",0,0,"1+c,2-c,3-a,1-c,2+c,3+a",----,3,0,0.5331919438419193,1.0674643031070772,1.0965983017617165,1.2825385657490842,2.4053974943952476,0.5331919438419193,1.0614194282178682,1.095445115010332,0.2709036681214432,1.3592304909574497,2.5492329857114915,0.3770236391646579,0.7505368753760024,0.7745966692414831,0.961121097351533,1.290994448735806,0.486735425203745,0.968938939681937,1.2408020012436953,0.15070726732357634,True,True,true,
6,110,1517567606,haar,identified_unknot,false,0_1,0_1,1,"{""2"": ""1"", ""3"": ""1"", ""4"": ""1""}",0,0,"1+a,1-a,2-c,2+c",----,2,0,0.5455750444502354,1.057834815461659,1.1013588825019283,1.4056261645608559,2.5764121340580672,0.3004238356248778,1.0495918190819231,1.0954451150103324,0.31361921707111634,1.4056261645608559,4.678810393446882,0.21243173140042376,0.7421734927507517,0.7745966692414834,0.993927792774219,1.2909944487358056,0.27424818597328277,0.9581418591400841,1.283155262915749,0.18609901931338274,True,True,true,
6,111,1456292562,haar,identified_unknot,false,0_1,0_1,1,"{""2"": ""1"", ""3"": ""1"", ""4"": ""1""}",0,0,"1+c,1-c",----,1,0,0.6525864780521696,1.0202180211435148,1.0448492926304724,1.3502798502214715,2.0691201789098765,0.6525864780521696,1.0666311569558038,1.0954451150103321,0.24959562298070057,1.4014338433086473,2.147506714346313,0.46144832394133517,0.7542221241083016,0.7745966692414833,0.9909633739878699,1.2909944487358058,0.5957272245867056,0.9736965753375452,1.2793282147188443,0.4472288506395616,True,True,true,
6,112,3434349491,haar,identified_unknot,false,0_1,0_1,1,"{""2"": ""1"", ""3"": ""1"", ""4"": ""1""}",0,0,----,----,0,0,0.5156832668336926,0.9799401125847096,1.0276726081298684,1.2755570072161033,2.473528014682449,0.5148915441533816,1.0573902862069993,1.0954451150103321,0.286226802789466,1.3550351341215487,2.6316904006446373,0.36408330244646875,0.7476878417377535,0.7745966692414833,0.95815453208337,1.2909944487358058,0.47002952233579054,0.9652608530706954,1.2369721819506843,0.49145841277144886,True,True,true,
6,113,696382662,haar,identified_unknot,false,0_1,0_1,1,"{""2"": ""1"", ""3"": ""1"", ""4"": ""1""}",0,0,"1+c,1-c",----,1,0,0.7117079907678902,1.008421514682226,1.026309177811332,1.2207010121560635,1.7151711488288905,0.47607403557705297,1.0607971164982335,1.0954451150103321,0.2733303452400277,1.414065529865713,2.9702639173583862,0.3366351789033798,0.7500968345390369,0.7745966692414833,0.999895325210194,1.2909944487358058,0.4345941472134482,0.9683708494041972,1.2908593141632436,0.30648637047615435,True,True,true,
6,114,3572421942,haar,identified_unknot,false,0_1,0_1,1,"{""2"": ""1"", ""3"": ""1"", ""4"": ""1""}",0,0,----,----,0,0,0.6002368248797053,1.0260493134006838,1.0572581282127769,1.3787214609329508,2.2969624717864705,0.6002368248797053,1.0687820097545015,1.0954451150103321,0.2402186829227248,1.381617410635102,2.3017871502835483,0.4244315291903218,0.7557430067075948,0.7745966692414833,0.9769510400654794,1.2909944487358058,0.5479387480531546,0.9756600263304115,1.2612383694112057,0.268168287614378,True,True,true,
6,115,1290600611,haar,identified_unknot,false,0_1,0_1,1,"{""2"": ""1"", ""3"": ""1"", ""4"": ""1""}",0,0,"1-c,2-a,3+c,4+a,2+a,1+c,4-a,3-c",----,4,0,0.5436602773965689,1.1504290444207552,1.1845637307948174,1.3763364695242477,2.531611240966736,0.41531034729564503,1.0494285699109174,1.0954451150103321,0.31416504683800606,1.4016438094113375,3.3749311052285336,0.29366876286969074,0.7420580581549104,0.7745966692414833,0.9911118424429015,1.2909944487358058,0.37912474263188245,0.9579928337176613,1.2795198866701023,0.13372032283113763,True,True,true,
6,116,3215056028,haar,identified_unknot,false,0_1,0_1,1,"{""2"": ""1"", ""3"": ""1"", ""4"": ""1""}",0,0,"1+c,2+a,2-a,1-c",----,2,0,0.4938422545710348,0.9872725398994667,1.0539927779637182,1.394320602152193,2.8234129203126592,0.4938422545710348,1.0565627827092656,1.0954451150103321,0.28926646226905234,1.394320602152193,2.8234129203126592,0.349199207043632,0.7471027084030504,0.7745966692414833,0.9859335529299259,1.2909944487358058,0.4508142377962742,0.9645054491838235,1.2728347436549041,0.17779680116210017,True,True,true,
6,117,94233698,haar,identified_unknot,false,0_1,0_1,1,"{""2"": ""1"", ""3"": ""1"", ""4"": ""1""}",0,0,"1-c,1+c",----,1,0,0.49135600276021735,1.110490122384222,1.147598030615603,1.3228729623318043,2.69229022317932,0.32476547417984375,1.0447433597857063,1.0954451150103324,0.32941055262950264,1.387058717354863,4.270954974070792,0.2296438690878321,0.7387451143040898,0.7745966692414834,0.9807986249455383,1.2909944487358056,0.2964689601786033,0.9537158415972783,1.2662055801324013,0.12304142946100748,True,True,true,
6,118,1576842599,haar,identified_unknot,false,0_1,0_1,1,"{""2"": ""1"", ""3"": ""1"", ""4"": ""1""}",0,0,"1+a,1-a",----,1,0,0.8441964407188067,1.1180811690290755,1.134770259969037,1.3570873064906832,1.607549192383666,0.38329969952013976,1.0644496682303586,1.0954451150103321,0.2587409975328217,1.3570873064906832,3.540538404255591,0.27103381675745686,0.7526795786374573,0.7745966692414833,0.9596056370817486,1.2909944487358058,0.34990315285355444,0.9717051576977626,1.2388455504481237,0.15233624591922307,True,True,true,
6,119,1668548434,haar,identified_unknot,false,0_1,0_1,1,"{""2"": ""1"", ""3"": ""1"", ""4"": ""1""}",0,0,"1+a,2-a,3-c,1-a,2+a,3+c",----,3,0,0.6520292705577969,1.0385336015118238,1.0628851243417134,1.304103629658221,2.0000691511020485,0.23685121611666055,1.0523471047304027,1.0954451150103321,0.3042459057498359,1.4092811869793598,5.950069457465743,0.16747910104837116,0.7441217739168976,0.7745966692414833,0.9965122839117321,1.2909944487358058,0.21621458973271024,0.9606570793101555,1.2864918266270853,0.01745020389876564,True,True,true,
6,120,3097075218,haar,identified_unknot,false,0_1,0_1,1,"{""2"": ""1"", ""3"": ""1"", ""4"": ""1""}",0,0,"1+a,2+c,3+a,3-a,2-c,1-a",----,3,0,0.6373240374040203,0.9972633754424095,1.017813372550483,1.2631523747337587,1.9819625506028193,0.6373240374040203,1.07334348726012,1.0954451150103324,0.21893779563219498,1.4047003274354628,2.204059858085939,0.4506561486615716,0.7589684583840475,0.7745966692414834,0.9932731270645794,1.2909944487358056,0.5817945862107469,0.9798240665393777,1.2823100931188265,0.538882076961848,True,True,true,
6,121,4041243934,haar,identified_unknot,false,0_1,0_1,1,"{""2"": ""1"", ""3"": ""1"", ""4"": ""1""}",0,0,"1+c,1-c",----,1,0,0.5549205019732512,1.1133518573850443,1.1629101166649451,1.4102607992597052,2.5413744748030305,0.5549205019732512,1.0555276583003717,1.0954451150103321,0.29302109576433905,1.4102607992597052,2.5413744748030305,0.3923880499647288,0.7463707649141498,0.7745966692414833,0.9972049743980979,1.2909944487358058,0.5065707942547328,0.9635605142028644,1.2873860861996758,0.013131102289838187,True,True,true,
6,122,3240063779,haar,identified_unknot,false,0_1,0_1,1,"{""2"": ""1"", ""3"": ""1"", ""4"": ""1""}",0,0,"1-a,2+a,2-a,1+a",----,2,0,0.3671527089972459,1.0316441353881347,1.0930267839406738,1.4088324006916524,3.8371837280988723,0.3671527089972459,1.0608411706168108,1.0954451150103324,0.2731593138158664,1.4088324006916524,3.8371837280988723,0.2596161702629637,0.7501279855050221,0.7745966692414834,0.9961949440843906,1.2909944487358056,0.33516303461153585,0.9684110651283564,1.2860821426716245,0.36715270899724584,True,True,true,
6,123,3766271502,haar,identified_unknot,false,0_1,0_1,1,"{""2"": ""1"", ""3"": ""1"", ""4"": ""1""}",0,0,"1-a,2-c,3-a,4+a,5+c,1+a,2+c,3+a,4-a,5-c",----,5,0,0.6111423412830159,1.082001715522698,1.1274754084207126,1.3917420082500471,2.277279635589086,0.6111423412830159,1.0580718900315236,1.0954451150103321,0.28369680210590886,1.3917420082500471,2.277279635589086,0.4321428937914439,0.7481698084241573,0.7745966692414833,0.9841102116957923,1.2909944487358058,0.557894076945381,0.9658830693873185,1.2704808202434865,0.013330884668663818,True,True,true,
6,124,1461177086,haar,identified_unknot,false,0_1,0_1,1,"{""2"": ""1"", ""3"": ""1"", ""4"": ""1""}",0,0,"1+c,1-c",----,1,0,1.0284623435976434,1.1390322009871707,1.1443835572400007,1.3402268469274627,1.3031365273319022,0.6564812472283532,1.0733130108106246,1.0954451150103321,0.21908715349064217,1.3875952236796376,2.1136860032758418,0.46420234163697094,0.7589469082799428,0.7745966692414833,0.9811779922059359,1.2909944487358058,0.5992826461434915,0.9797962454746088,1.266695341159607,0.1299458606071019,True,True,true,
6,125,1840498809,haar,identified_unknot,false,0_1,0_1,1,"{""2"": ""1"", ""3"": ""1"", ""4"": ""1""}",0,0,"1-c,1+c",----,1,0,1.014175632780965,1.1714942531043828,1.1791829443921495,1.38994410610527,1.3705161721287984,0.36376110821716645,1.0609543827317556,1.0954451150103321,0.27271926547693537,1.38994410610527,3.821035494744175,0.25721794635229195,0.750208038559212,0.7745966692414833,0.9828389028973105,1.2909944487358058,0.3320669408560332,0.96851441317692,1.2688395676420174,0.0880276905158654,True,True,true,
6,126,498662229,haar,identified_unknot,false,0_1,0_1,1,"{""2"": ""1"", ""3"": ""1"", ""4"": ""1""}",0,0,"1-a,1+a",----,1,0,0.7998632091497184,1.123006342425403,1.1338719776451627,1.263018763332217,1.5790434525359012,0.19379587280316776,1.0522561038706926,1.0954451150103324,0.3045604896680963,1.3855011635206356,7.14928106300718,0.13703437582508554,0.7440574265919028,0.7745966692414834,0.979697268067293,1.2909944487358056,0.1769106184761615,0.9605740072707956,1.2647837345165096,0.016347751006696682,True,True,true,
6,127,2046408099,haar,identified_unknot,false,0_1,0_1,1,"{""2"": ""1"", ""3"": ""1"", ""4"": ""1""}",0,0,----,----,0,0,0.8030943768806774,1.0239694175920924,1.0354180765287098,1.2340958253633525,1.5366759634860607,0.49866868076082627,1.0638031375311936,1.0954451150103321,0.26138646594417986,1.3900319331582673,2.7874859336212467,0.3526120057313299,0.7522224123958324,0.7745966692414833,0.9829010060020565,1.2909944487358058,0.455220141956745,0.9711149586176758,1.2689197424054939,0.41748085480893016,True,True,true,
6,128,1243364268,haar,identified_unknot,false,0_1,0_1,1,"{""2"": ""1"", ""3"": ""1"", ""4"": ""1""}",0,0,----,----,0,0,0.5492630751005818,1.04286481904387,1.0878587989982944,1.3725120465124596,2.4988245318714046,0.4183319648817293,1.0550300681072124,1.0954451150103321,0.29480765829552297,1.3970606131555883,3.3395980475710596,0.2958053691549634,0.746018915514315,0.7745966692414833,0.9878710332909524,1.2909944487358058,0.38188308948530353,0.9631062785808868,1.275336020045524,0.23745956420204195,True,True,true,
6,129,225429632,haar,identified_unknot,false,0_1,0_1,1,"{""2"": ""1"", ""3"": ""1"", ""4"": ""1""}",0,0,"1-a,1+a",----,1,0,0.38208962063581053,0.9618416998572633,1.0355186150074092,1.378386548422145,3.6074953989288203,0.38208962063581053,1.0501569587141573,1.0954451150103321,0.31172160987687686,1.378386548422145,3.6074953989288203,0.27017816177257703,0.7425731068170218,0.7745966692414833,0.974666475485618,1.2909944487358058,0.34879850701804144,0.9586577586812758,1.2582890092208263,0.2496217132619999,True,True,true,
6,130,3068704076,haar,identified_unknot,false,0_1,0_1,1,"{""2"": ""1"", ""3"": ""1"", ""4"": ""1""}",0,0,"1+a,2+c,3+a,4+c,5+a,1-a,6-c,7+c,2-c,5-a,4-c,3-a,7-c,6+c",----,7,0,0.817303773212157,1.1952040384072091,1.2111960607791563,1.4082064802513048,1.722990308385326,0.6027682403444613,1.0634466727566494,1.0954451150103321,0.2628329777687947,1.4082064802513048,2.3362320474060865,0.4262215102314513,0.751970353736498,0.7745966692414833,0.9957523514965375,1.2909944487358058,0.550249603640595,0.970789552287719,1.2855107580976548,0.061113640647971035,True,True,true,
6,131,3100941872,haar,identified_unknot,false,0_1,0_1,1,"{""2"": ""1"", ""3"": ""1"", ""4"": ""1""}",0,0,"1-a,1+a",----,1,0,0.41332283102998085,0.9474419335629701,0.9898049673907773,1.1970862030684477,2.896249887975861,0.41332283102998085,1.0671078557068763,1.0954451150103321,0.24754964004957125,1.3847050987720015,3.3501781049001873,0.292263376640521,0.7545592010277681,0.7745966692414833,0.9791343652852703,1.2909944487358058,0.3773103968116946,0.9741317397693734,1.2640570301497407,0.03379398273286116,True,True,true,
6,132,155736029,haar,identified_unknot,false,0_1,0_1,1,"{""2"": ""1"", ""3"": ""1"", ""4"": ""1""}",0,0,"1-c,2-a,3-c,4+c,5+a,3+c,2+a,1+c,4-c,5-a",----,5,0,1.0116593345454623,1.1827103622337456,1.1897351918462316,1.3778751289057085,1.3619951715512877,0.5187491660638224,1.0654599333985373,1.095445115010332,0.25454887609727156,1.3778751289057085,2.656149096799101,0.36681105305859524,0.753393943988673,0.7745966692414831,0.9743048472775148,1.290994448735806,0.47355103323358166,0.9726273994005515,1.2578221492116588,0.0752628074572779,True,True,true,
6,133,3337626167,haar,identified_unknot,false,0_1,0_1,1,"{""2"": ""1"", ""3"": ""1"", ""4"": ""1""}",0,0,----,----,0,0,1.023791758669807,1.096305285404101,1.0994727074444943,1.2345071138712853,1.2058185694669554,0.3018976379531981,1.049691024536275,1.095445115010332,0.31328701378765283,1.379161094465518,4.568307005698811,0.21347386702090757,0.7422436416002546,0.7745966692414831,0.9752141622452283,1.290994448735806,0.27559357727415734,0.958232420915378,1.2589960697871294,0.26835877746629233,True,True,true,
6,134,2904405489,haar,identified_unknot,false,0_1,0_1,1,"{""2"": ""1"", ""3"": ""1"", ""4"": ""1""}",0,0,"1+c,2+a,2-a,1-c",----,2,0,0.7637436746774386,1.0581383554935109,1.0790692987258041,1.3443962006126287,1.7602714695875212,0.5935333586249983,1.0680455296097286,1.0954451150103324,0.24347227086605683,1.4133863499913917,2.381309035882491,0.4196914627441633,0.7552222366030166,0.7745966692414834,0.999415072515416,1.2909944487358056,0.541819348584525,0.9749877150163334,1.2902393106002945,0.32439893254111807,True,True,true,
6,135,208079615,haar,identified_unknot,false,0_1,0_1,1,"{""2"": ""1"", ""3"": ""1"", ""4"": ""1""}",0,0,"1+a,2+c,3+c,4+a,5+a,1-a,2-c,6-a,4-a,3-c,6+a,5-a",----,6,0,0.5320904540167989,1.09196090961095,1.1249103393597972,1.3065186964728184,2.4554447211179804,0.382102444155092,1.0615591138166038,1.095445115010332,0.2703557801729172,1.3674865938904528,3.578848067602002,0.2701872293700196,0.7506356480101025,0.7745966692414831,0.9669590437216335,1.290994448735806,0.34881021323600325,0.969066454604247,1.2483387575995124,0.02794256870342365,True,True,true,
6,136,2493306360,haar,identified_unknot,false,0_1,0_1,1,"{""2"": ""1"", ""3"": ""1"", ""4"": ""1""}",0,0,"1+c,2+a,3+c,3-c,2-a,1-c",----,3,0,0.6014642520143335,1.0165036452824103,1.0441618723507267,1.2813883274841293,2.130448024454814,0.5379998268227176,1.067453343827285,1.0954451150103321,0.24605560093594284,1.378757405475456,2.5627469317565152,0.38042332582353183,0.7548034980205285,0.7745966692414833,0.9749287110228653,1.2909944487358058,0.4911244018077923,0.9744471258308701,1.2586275538436738,0.3074642690219659,True,True,true,
6,137,1692117368,haar,identified_unknot,false,0_1,0_1,1,"{""2"": ""1"", ""3"": ""1"", ""4"": ""1""}",0,0,"1-c,1+c",----,1,0,0.41387858102181185,1.009753324106958,1.0572058577659789,1.4046331531614291,3.3938290541481377,0.41387858102181185,1.0554283299654181,1.095445115010332,0.293378663686384,1.4046331531614291,3.3938290541481377,0.29265635122838907,0.7463005291749402,0.7745966692414831,0.9932256276798889,1.290994448735806,0.3778177248231266,0.9634698402534422,1.2822487716768731,0.29875499223000607,True,True,true,
6,138,1255701591,haar,identified_unknot,false,0_1,0_1,1,"{""2"": ""1"", ""3"": ""1"", ""4"": ""1""}",0,0,"1+c,2-c,2+c,1-c",----,2,0,0.4292711380622444,1.0200261625887077,1.0776297415782732,1.40321087763079,3.268821854562522,0.4292711380622444,1.0665526861094135,1.0954451150103324,0.2499307259077913,1.40321087763079,3.268821854562522,0.3035405326914796,0.7541666368406935,0.7745966692414834,0.9922199270074583,1.2909944487358056,0.39186914267100953,0.9736249415830874,1.2809504176916748,0.3287675307904021,True,True,true,
6,139,316284350,haar,identified_unknot,false,0_1,0_1,1,"{""2"": ""1"", ""3"": ""1"", ""4"": ""1""}",0,0,"1+c,2+a,3+c,4+a,2-a,1-c,5+c,3-c,4-a,5-c",----,5,0,0.8571699826064516,1.125938630961339,1.1363291386982708,1.349262762057414,1.5740900748234607,0.49408504675189946,1.0700983902944792,1.0954451150103321,0.23428494422212556,1.3714704655961167,2.775778126887513,0.34937088704114044,0.756673828314035,0.7745966692414833,0.9697760664200857,1.2909944487358058,0.4510358757200166,0.9768617118570894,1.2519755182651768,0.0558222450812203,True,True,true,
6,140,1427269364,haar,identified_unknot,false,0_1,0_1,1,"{""2"": ""1"", ""3"": ""1"", ""4"": ""1""}",0,0,----,----,0,0,0.43434195262956854,1.0233396562479438,1.0900353149138373,1.4087414802492344,3.243392612020348,0.43434195262956854,1.0493640826464707,1.0954451150103321,0.314380377968363,1.4087414802492344,3.243392612020348,0.30712614005817407,0.7420124587729201,0.7745966692414833,0.9961306536230083,1.2909944487358058,0.39649814187675836,0.9579339651686457,1.2859991440428735,0.19661932854124609,True,True,true,
6,141,3390573067,haar,identified_unknot,false,0_1,0_1,1,"{""2"": ""1"", ""3"": ""1"", ""4"": ""1""}",0,0,"1+c,2+a,2-a,1-c",----,2,0,0.9613583604908051,1.1178614621557357,1.1272519424149074,1.309045291687707,1.3616621496061012,0.749953709835055,1.0773016673462872,1.0954451150103321,0.1985475195838746,1.3857910677264316,1.8478354724469896,0.5302973538003758,0.7617673143641338,0.7745966692414833,0.9799022612971059,1.2909944487358058,0.6846109399355728,0.9834373740724802,1.2650483796382268,0.21009475474134617,True,True,true,
6,142,716626948,haar,identified_unknot,false,0_1,0_1,1,"{""2"": ""1"", ""3"": ""1"", ""4"": ""1""}",0,0,"1-c,1+c",----,1,0,0.5061845224736133,1.031951565548082,1.080091399222733,1.4048586507209089,2.77538839760582,0.4607926331455895,1.0489750521770957,1.0954451150103321,0.3156760046472635,1.4048586507209089,3.0487871325777847,0.3258295956180514,0.7417373726899369,0.7745966692414833,0.993385078533338,1.2909944487358058,0.4206441991767368,0.9575788305625902,1.282454621843522,0.1323562888767708,True,True,true,
6,143,696023607,haar,identified_nontrivial,true,3_1,3_1,3,"{""2"": ""3"", ""3"": ""2"", ""4"": ""1""}",1,1,"1-c,2+c,3-c,4+c,2-c,1+c,5+a,3+c,4-c,5-a","2+c,3-c,4+c,2-c,3+c,4-c",5,3,0.6390262677903344,1.168156673689859,1.1931066075413856,1.3627601699412286,2.132557358954065,0.21250749480941358,1.0473575352157656,1.0954451150103324,0.32100185891479904,1.3656879153878723,6.426539998566561,0.1502654906327014,0.740593615477896,0.7745966692414834,0.9656871859552844,1.2909944487358056,0.19399191424337967,0.9561022463511438,1.2466967962835738,0.013231717572103832,True,True,true,
6,144,3590219306,haar,identified_unknot,false,0_1,0_1,1,"{""2"": ""1"", ""3"": ""1"", ""4"": ""1""}",0,0,"1+c,2+a,2-a,1-c,3+c,3-c",----,3,0,0.46013370455635044,1.0044530254012958,1.0498462118185798,1.3943338361539583,3.0302797259729988,0.46013370455635044,1.0654016037446057,1.095445115010332,0.2547929016641191,1.3943338361539583,3.0302797259729988,0.3253636627442828,0.7533526986948337,0.7745966692414831,0.9859429107823163,1.290994448735806,0.4200426824232181,0.9725741519551688,1.2728468245903926,0.11821822779448417,True,True,true,
6,145,1957528083,haar,identified_unknot,false,0_1,0_1,1,"{""2"": ""1"", ""3"": ""1"", ""4"": ""1""}",0,0,"1-c,1+c,2-c,2+c",----,2,0,0.5629150855158183,1.0915564083961344,1.1358047231042696,1.3972540571145289,2.4821755413326283,0.5629150855158183,1.0735657242919046,1.0954451150103321,0.21784543976314527,1.3972540571145289,2.4821755413326283,0.3980410742004404,0.7591256036962531,0.7745966692414833,0.9880078188260989,1.2909944487358058,0.5138688171616055,0.9800269402650801,1.2755126094120655,0.1047417155598507,True,True,true,
6,146,400408355,haar,identified_unknot,false,0_1,0_1,1,"{""2"": ""1"", ""3"": ""1"", ""4"": ""1""}",0,0,"1+c,2+c,3-c,1-c,4-a,3+c,2-c,4+a",----,4,0,0.6786326600310871,1.1500534161587725,1.1764841847016716,1.4021838979738428,2.0661898263334555,0.6349274620160938,1.0645615089601461,1.0954451150103321,0.2582804553978024,1.4021838979738428,2.208415892929673,0.448961513953144,0.7527586619759028,0.7745966692414833,0.9914937427278903,1.2909944487358058,0.579606822209532,0.9718072538486837,1.2800129178179935,0.08177484289379677,True,True,true,
6,147,1044536202,haar,identified_unknot,false,0_1,0_1,1,"{""2"": ""1"", ""3"": ""1"", ""4"": ""1""}",0,0,"1-a,2-c,2+c,1+a",----,2,0,0.6015594826664578,1.0757687750653742,1.1087216049582773,1.399622487700129,2.326656844467312,0.37889587325152735,1.046403154079215,1.0954451150103321,0.3240994278505764,1.399622487700129,3.693950202437279,0.26791984133975355,0.7399187661044045,0.7745966692414833,0.9896825521539464,1.2909944487358058,0.3458830278757997,0.9552310195562332,1.2776746808414294,0.03501664789985905,True,True,true,
6,148,1907452739,haar,identified_unknot,false,0_1,0_1,1,"{""2"": ""1"", ""3"": ""1"", ""4"": ""1""}",0,0,"1-c,2-a,3-c,4+c,5+a,3+c,2+a,1+c,4-c,5-a",----,5,0,0.46925026760830446,1.0829979655541748,1.1329320013822024,1.393497596824555,2.969625577257516,0.46925026760830446,1.068691021505009,1.0954451150103324,0.24062315049591793,1.393497596824555,2.969625577257516,0.33181004629943417,0.7556786682993702,0.7745966692414834,0.9853516002818005,1.2909944487358056,0.42836492780734015,0.9755769658025533,1.2720834460167467,0.0035486071778398766,True,True,true,
6,149,3290277224,haar,identified_unknot,false,0_1,0_1,1,"{""2"": ""1"", ""3"": ""1"", ""4"": ""1""}",0,0,"1+a,2+c,3+a,1-a,2-c,3-a",----,3,0,0.36441368999347823,0.9777108341528619,1.0293294959950523,1.3457420033076972,3.692896398408582,0.36441368999347823,1.0533238049732943,1.0954451150103324,0.3008470739039713,1.4104814426674264,3.8705500956692083,0.25767939135160073,0.7448124052818328,0.7745966692414834,0.9973609928479217,1.2909944487358056,0.3326626637885377,0.9615486805684093,1.2875875051522983,0.19845338421318381,True,True,true,
6,150,2163691810,haar,identified_unknot,false,0_1,0_1,1,"{""2"": ""1"", ""3"": ""1"", ""4"": ""1""}",0,0,"1-a,1+a,2+c,2-c",----,2,0,0.6558949622092504,0.9755108073968325,1.0039346715597837,1.3001626002886784,1.982272582044756,0.6499740338746629,1.0689857768171216,1.0954451150103321,0.23931027759520693,1.3654287891822514,2.1007435959288685,0.45960104694794884,0.7558870917793559,0.7745966692414833,0.9655039560581067,1.2909944487358058,0.5933424002429665,0.975846039358201,1.2464602475034752,0.21615613188624164,True,True,true,
6,151,1342691358,haar,identified_unknot,false,0_1,0_1,1,"{""2"": ""1"", ""3"": ""1"", ""4"": ""1""}",0,0,"1-a,2-c,3+c,1+a,2+c,3-c",----,3,0,0.8450361200906099,1.103819492927208,1.1155999961082503,1.309748505268594,1.5499319782072212,0.5479565101816783,1.0689237422027038,1.0954451150103324,0.2395872145073019,1.3207324337143742,2.410286964701774,0.38746376414478023,0.7558432266828328,0.7745966692414834,0.9338988600124464,1.2909944487358056,0.5002135685971907,0.9757894097620962,1.2056582439567654,0.013987095428190908,True,True,true,
6,152,1316771497,haar,identified_unknot,false,0_1,0_1,1,"{""2"": ""1"", ""3"": ""1"", ""4"": ""1""}",0,0,"1-a,2+a,3+c,4+a,5+c,1+a,6+a,6-a,2-a,3-c,4-a,5-c",----,6,0,0.6742617098698972,1.1483392223426268,1.170606425274861,1.3946024303522082,2.068339948625149,0.36168043046531956,1.0495360430283556,1.0954451150103321,0.3138058227381732,1.3946024303522082,3.855896843956926,0.25574668500449704,0.7421340531250463,0.7745966692414833,0.9861328355612862,1.2909944487358058,0.3301675506233904,0.9580909428022383,1.2730920164257198,0.033971465416915085,True,True,true,
6,153,45312813,haar,identified_unknot,false,0_1,0_1,1,"{""2"": ""1"", ""3"": ""1"", ""4"": ""1""}",0,0,"1+a,1-a",----,1,0,0.760565213365302,0.9897034141395425,1.0085135437312527,1.3501830003847948,1.775236333003699,0.5238734504395769,1.0613974996844737,1.0954451150103321,0.2709895711342931,1.3650313826741907,2.6056510050830153,0.37043446928941953,0.7505213695613377,0.7745966692414833,0.9652229472213693,1.2909944487358058,0.47822884347303496,0.968918921761281,1.2460974666552014,0.41805176670702626,True,True,true,
6,154,2953587286,haar,identified_unknot,false,0_1,0_1,1,"{""2"": ""1"", ""3"": ""1"", ""4"": ""1""}",0,0,"1-a,2+a,3+c,1+a,4+a,4-a,2-a,3-c",----,4,0,0.6873059499225338,1.0745632925352737,1.0895035119246075,1.2310625754737148,1.7911420315981081,0.509101145472751,1.0658470195684075,1.0954451150103321,0.25292317188652885,1.3521633888478692,2.6559818237930917,0.3599888722736212,0.7536676552442917,0.7745966692414833,0.9561239015265108,1.2909944487358058,0.464743635711908,0.9729807591121118,1.2343506491743457,0.21341226196156465,True,True,true,
6,155,3910128184,haar,identified_unknot,false,0_1,0_1,1,"{""2"": ""1"", ""3"": ""1"", ""4"": ""1""}",0,0,"1+c,1-c",----,1,0,0.6629434764163725,1.070833617701021,1.1008544607225668,1.3952445505769917,2.1046206806637096,0.6357623659864353,1.0653379851423,1.0954451150103324,0.2550587724681207,1.409659903547502,2.2172748482214795,0.44955188021221204,0.7533077135497337,0.7745966692414834,0.9967800769652131,1.2909944487358056,0.5803689817727096,0.9725160763825687,1.286837545972539,0.25399894266520373,True,True,true,
6,156,24861438,haar,identified_unknot,false,0_1,0_1,1,"{""2"": ""1"", ""3"": ""1"", ""4"": ""1""}",0,0,"1+a,2+c,3+a,1-a,2-c,3-a",----,3,0,0.36634826153380773,1.0304867647076785,1.0803454723389418,1.356096689820019,3.701659956409741,0.36634826153380773,1.0647645388253384,1.0954451150103321,0.25744218158659254,1.356096689820019,3.701659956409741,0.25904734000645824,0.7529022257703637,0.7745966692414833,0.9589051653163656,1.2909944487358058,0.3344286779081144,0.971992593910372,1.237941245287518,0.2058380411439916,True,True,true,
6,157,3118524124,haar,identified_unknot,false,0_1,0_1,1,"{""2"": ""1"", ""3"": ""1"", ""4"": ""1""}",0,0,"1-c,1+c",----,1,0,0.44070481847400766,1.0038641262093027,1.0517916454657563,1.4076914179496807,3.194182044171829,0.44070481847400766,1.063724609454974,1.0954451150103321,0.26170585633467053,1.4076914179496807,3.194182044171829,0.3116253656445573,0.752166884660624,0.7745966692414833,0.9953881474503256,1.2909944487358058,0.40230661713238913,0.9710432726197706,1.285040572695788,0.3442881782182758,True,True,true,
6,158,1507435812,haar,identified_unknot,false,0_1,0_1,1,"{""2"": ""1"", ""3"": ""1"", ""4"": ""1""}",0,0,----,----,0,0,0.23618762015292838,1.01306858547722,1.0877785740842039,1.4027688620992171,5.939214177233095,0.23618762015292838,1.0486294606763487,1.0954451150103321,0.3168221176017073,1.4027688620992171,5.939214177233095,0.16700986784244812,0.7414930025962382,0.7745966692414833,0.9919073748276933,1.2909944487358058,0.2156088122687011,0.9572633501281879,1.2805469145626582,0.17399985657422207,True,True,true,
6,159,814886853,haar,identified_unknot,false,0_1,0_1,1,"{""2"": ""1"", ""3"": ""1"", ""4"": ""1""}",0,0,"1-c,2+c,3+a,1+c,2-c,3-a",----,3,0,0.6827362252337327,1.0658448638365285,1.0895492769770072,1.3494823698398493,1.976579416710836,0.5376587864690436,1.0698500299977318,1.0954451150103321,0.23541646780514686,1.4113244151993496,2.6249443898572062,0.3801821738767907,0.7564982110640274,0.7745966692414833,0.9979570644415986,1.2909944487358058,0.4908130759832477,0.9766349909622274,1.2883570302707845,0.23973764977114387,True,True,true,
6,160,3372636001,haar,identified_unknot,false,0_1,0_1,1,"{""2"": ""1"", ""3"": ""1"", ""4"": ""1""}",0,0,----,----,0,0,0.4910416825904534,1.0057393860823045,1.0436693364123162,1.334064634617277,2.71680527726184,0.3048571787158915,1.0481548994619476,1.095445115010332,0.31838860961710624,1.3985888742416173,4.587685552076232,0.2155665783634061,0.7411574371434471,0.7745966692414831,0.988951677068307,1.290994448735806,0.2782952560001294,0.9568301369914474,1.27673112516315,0.11292592099746888,True,True,true,
6,161,465365099,haar,identified_unknot,false,0_1,0_1,1,"{""2"": ""1"", ""3"": ""1"", ""4"": ""1""}",0,0,"1-c,1+c",----,1,0,0.7729160788609559,1.0345638681433396,1.0622203984259664,1.3324273434624048,1.7238965262904078,0.6699464406013736,1.0731873537820034,1.0954451150103321,0.21970185179552149,1.3996453056369609,2.0891898528195436,0.4737236711810218,0.758858055342901,0.7745966692414833,0.9896986868718128,1.2909944487358058,0.6115746297294454,0.9796815368261341,1.2776955106726269,0.17586632698716245,True,True,true,
6,162,2437231158,haar,identified_unknot,false,0_1,0_1,1,"{""2"": ""1"", ""3"": ""1"", ""4"": ""1""}",0,0,----,----,0,0,0.5123449956862924,1.0401825357094607,1.0846691722831758,1.3881513911292562,2.7094075336284105,0.4983530654532468,1.0503158191447093,1.0954451150103321,0.31118592521895777,1.398048182208817,2.805336776522699,0.35238883200709414,0.7426854381047273,0.7745966692414833,0.9885693500653805,1.2909944487358058,0.454932025917653,0.9588027777501229,1.2762375431247697,0.1969295062087701,True,True,true,
6,163,4131833986,haar,identified_unknot,false,0_1,0_1,1,"{""2"": ""1"", ""3"": ""1"", ""4"": ""1""}",0,0,"1-c,2-a,2+a,1+c",----,2,0,0.6921255357466115,1.0694783665613625,1.098174614346071,1.3810397569245827,1.995360213714444,0.37371833734790433,1.0556194363820484,1.0954451150103321,0.2926902894399572,1.3810397569245827,3.695402710836038,0.26425877059246494,0.7464356618180676,0.7745966692414833,0.9765425772095936,1.2909944487358058,0.34115660586462104,0.9636442957455629,1.2607110461317423,0.1251544519681297,True,True,true,
6,164,2273019909,haar,identified_unknot,false,0_1,0_1,1,"{""2"": ""1"", ""3"": ""1"", ""4"": ""1""}",0,0,"1+a,1-a,2-c,2+c",----,2,0,0.2518239586554992,0.9437906717395643,1.0218450471318261,1.3179300358313968,5.233537121995427,0.2518239586554992,1.0551158185098923,1.0954451150103321,0.2945006104071774,1.4028300324607383,5.570677388881179,0.17806642883054427,0.7460795502055394,0.7745966692414833,0.9919506288051326,1.2909944487358058,0.2298827711264421,0.963184557630658,1.2806027552074182,0.03060079692899398,True,True,true,
6,165,1292947891,haar,identified_unknot,false,0_1,0_1,1,"{""2"": ""1"", ""3"": ""1"", ""4"": ""1""}",0,0,"1+a,2-a,3-c,1-a,2+a,3+c",----,3,0,0.8493460415474581,1.1637398482084604,1.177583742093429,1.377837571276232,1.6222334641907483,0.2510039151696772,1.04955296570946,1.0954451150103321,0.3137492185973975,1.377837571276232,5.489307090468378,0.17748657052085165,0.7421460192676111,0.7745966692414833,0.9742782900230267,1.2909944487358058,0.2291341772675756,0.958106391025862,1.257787863943541,0.06306535195915834,True,True,true,
6,166,513725712,haar,identified_unknot,false,0_1,0_1,1,"{""2"": ""1"", ""3"": ""1"", ""4"": ""1""}",0,0,----,----,0,0,0.4200238630247034,0.9212721734789916,0.9962024382942439,1.36710963800242,3.254838018386623,0.4200238630247034,1.057365925423606,1.095445115010332,0.28631678217156625,1.36710963800242,3.254838018386623,0.29700172180493734,0.7476706160626211,0.7745966692414831,0.9666924956569972,1.290994448735806,0.3834275741151503,0.9652386148197242,1.2479946455277457,0.07348961689651998,True,True,true,
6,167,876646260,haar,identified_unknot,false,0_1,0_1,1,"{""2"": ""1"", ""3"": ""1"", ""4"": ""1""}",0,0,----,----,0,0,0.49921048263047785,1.0186393860390517,1.0654213331301792,1.3110916807336652,2.6263304284500624,0.23425280590484843,1.0431329600454533,1.0954451150103321,0.33447515254023064,1.4101421771702365,6.0197450857558765,0.16564174756729444,0.7376063897273359,0.7745966692414833,0.997121095914236,1.2909944487358058,0.21384257658827477,0.95224575449005,1.2872777995426417,0.12027542930599153,True,True,true,
6,168,2580132886,haar,identified_unknot,false,0_1,0_1,1,"{""2"": ""1"", ""3"": ""1"", ""4"": ""1""}",0,0,"1+a,2+c,2-c,1-a",----,2,0,0.7165032360626036,1.0397586762835027,1.0649436993162045,1.349894197501077,1.8840029319604241,0.5294395957074609,1.063728198766615,1.095445115010332,0.2616912668560653,1.4073434544987828,2.6581756746361735,0.3743703283534097,0.7521694226872251,0.7745966692414831,0.9951421001345907,1.290994448735806,0.4833100156756529,0.9710465491980237,1.2847229269770482,0.25228402258625193,True,True,true,
6,169,4018094782,haar,identified_unknot,false,0_1,0_1,1,"{""2"": ""1"", ""3"": ""1"", ""4"": ""1""}",0,0,"1-a,2-a,3-c,4-a,5-c,1+a,6-a,3+c,4+a,5+c,2+a,6+a",----,6,0,0.9302564347966645,1.185333314363683,1.1928747967224194,1.3449810217418592,1.4458174879874335,0.23639285714984898,1.0558715335531839,1.0954451150103321,0.29177954800165107,1.3632954445271839,5.767075456357776,0.16715499231472103,0.7466139214372955,0.7745966692414833,0.9639954535859003,1.2909944487358058,0.21579616715678115,0.9638744279244196,1.2445127791859525,0.042607165197241254,True,True,true,
6,170,3155033056,haar,identified_unknot,false,0_1,0_1,1,"{""2"": ""1"", ""3"": ""1"", ""4"": ""1""}",0,0,"1-a,1+a",----,1,0,0.9069212824902828,1.064276411123758,1.0718705672413895,1.202589012229732,1.3260125607898248,0.46366760098807536,1.0729239725425301,1.095445115010332,0.22098449978121898,1.3972796164894354,3.013537313178306,0.3278625048751664,0.7586718166824321,0.7745966692414831,0.9880258920334182,1.290994448735806,0.42326867374245597,0.9794411037493289,1.2755359418223857,0.1292873512814119,True,True,true,
6,171,2917221176,haar,identified_unknot,false,0_1,0_1,1,"{""2"": ""1"", ""3"": ""1"", ""4"": ""1""}",0,0,"1+a,1-a,2-c,2+c",----,2,0,0.5828872539384347,1.1374539421500558,1.1797912774324584,1.410953204990531,2.4206279953062033,0.5828872539384347,1.0597597149987645,1.095445115010332,0.277325344073954,1.4125480315107521,2.423364075928048,0.4121635299270722,0.7493632809039493,0.7745966692414831,0.9988222918329618,1.290994448735806,0.5321008291072046,0.9674238357334489,1.2894740340299289,0.0933258077913288,True,True,true,
6,172,1957856323,haar,identified_unknot,false,0_1,0_1,1,"{""2"": ""1"", ""3"": ""1"", ""4"": ""1""}",0,0,"1+c,2+a,3-a,1-c,2-a,3+a",----,3,0,0.9259445505265979,1.1455608226328962,1.1522942176688171,1.3522538301120592,1.4604047611090893,0.19015609152729482,1.0409772792505363,1.0954451150103321,0.341125056371048,1.4058864834362241,7.3933286709062624,0.13446066180287994,0.7360820932191765,0.7745966692414833,0.9941118660162629,1.2909944487358058,0.17358796796086062,0.9502778961597891,1.2833929004493885,0.1191298922300631,True,True,true,
6,173,1940927090,haar,identified_unknot,false,0_1,0_1,1,"{""2"": ""1"", ""3"": ""1"", ""4"": ""1""}",0,0,"1-a,2+a,3+c,1+a,2-a,3-c",----,3,0,0.5560741809299605,1.0884713798966554,1.1267165219442088,1.3882036303422733,2.496436047472455,0.5560741809299605,1.0642362381237482,1.0954451150103321,0.2596174675637454,1.3914618997003225,2.502295462402672,0.3932038241783302,0.7525286607617637,0.7745966692414833,0.9839121450408136,1.2909944487358058,0.5076239542359141,0.9715103235580271,1.2702251172914294,0.2732950423326437,True,True,true,
6,174,1629713794,haar,identified_unknot,false,0_1,0_1,1,"{""2"": ""1"", ""3"": ""1"", ""4"": ""1""}",0,0,"1+c,1-c",----,1,0,0.7270584308028428,1.0464316173904302,1.0714862960978984,1.3735985922058707,1.8892547476398782,0.5372474599030305,1.067386936621546,1.095445115010332,0.24634351529860052,1.401808837527126,2.6092423736729122,0.3798913220726806,0.7547565410350308,0.7745966692414831,0.9912285349426619,1.290994448735806,0.4904375879187369,0.9743865046232634,1.2796705360395026,0.1999023035667817,True,True,true,
6,175,2128285376,haar,identified_unknot,false,0_1,0_1,1,"{""2"": ""1"", ""3"": ""1"", ""4"": ""1""}",0,0,----,----,0,0,0.37714439091593466,0.9151084603462412,0.9658166623627592,1.3830190406397305,3.6670810277223636,0.37714439091593466,1.0634532983285143,1.0954451150103321,0.2628061686380355,1.3830190406397305,3.6670810277223636,0.26668135630312756,0.751975038723293,0.7745966692414833,0.9779421421464667,1.2909944487358058,0.3442841505686731,0.9707956005796642,1.2625178766958909,0.376211067181025,True,True,true,
6,176,3597902925,haar,identified_unknot,false,0_1,0_1,1,"{""2"": ""1"", ""3"": ""1"", ""4"": ""1""}",0,0,"1+c,2-c,3-a,1-c,2+c,3+a",----,3,0,0.584799003607806,1.0277514547035036,1.062724166181062,1.3694873842997877,2.341808682728589,0.584799003607806,1.0698167380643924,1.0954451150103321,0.23556771204319088,1.3694873842997877,2.341808682728589,0.4135153410822159,0.7564746701122043,0.7745966692414833,0.9683738161878073,1.2909944487358058,0.533846009804234,0.9766045997241056,1.2501652209995666,0.09578070185266485,True,True,true,
6,177,3051594621,haar,identified_unknot,false,0_1,0_1,1,"{""2"": ""1"", ""3"": ""1"", ""4"": ""1""}",0,0,----,----,0,0,0.5320361129149876,0.9623594328496052,1.0123418231813468,1.3439205288122358,2.525994939420544,0.5320361129149876,1.0609333969980483,1.0954451150103321,0.2728008928397803,1.3798114109348396,2.593454424315207,0.3762063432783194,0.7501931994045995,0.7745966692414833,0.975674005430603,1.2909944487358058,0.4856803007515073,0.9684952559106913,1.259589724786737,0.29419366271899317,True,True,true,
6,178,2160127706,haar,identified_unknot,false,0_1,0_1,1,"{""2"": ""1"", ""3"": ""1"", ""4"": ""1""}",0,0,"1-a,1+a",----,1,0,0.7235009774987051,1.074638183270728,1.1062854786599194,1.393985993464481,1.926723027083921,0.6179153957779214,1.0681551181527171,1.0954451150103321,0.24299103597489924,1.4034777988423166,2.271310617006743,0.4369321665541376,0.7552997274049041,0.7745966692414833,0.9924086688061713,1.2909944487358058,0.5640770014955001,0.9750877552113985,1.281194082306058,0.22106934478844797,True,True,true,
6,179,4114820435,haar,identified_unknot,false,0_1,0_1,1,"{""2"": ""1"", ""3"": ""1"", ""4"": ""1""}",0,0,"1-c,2-c,3-a,4-c,5-a,6-c,2+c,3+a,4+c,5+a,6+c,1+c",----,6,0,0.4876826036150693,1.071138604283657,1.1039591792366936,1.2707630235682568,2.605717354173407,0.37592050051063414,1.0572712939947604,1.0954451150103321,0.2866660267535119,1.3663622820302834,3.634710743825559,0.26581593509811036,0.7476037015375709,0.7745966692414833,0.9661640351811392,1.2909944487358058,0.34316689659717775,0.9651522285393441,1.2473124059870366,0.0025491455277501596,True,True,true,
6,180,3111273418,haar,identified_unknot,false,0_1,0_1,1,"{""2"": ""1"", ""3"": ""1"", ""4"": ""1""}",0,0,"1-a,2-c,2+c,1+a",----,2,0,0.5906265511676547,1.084580528293209,1.1218041849048568,1.390481338054805,2.3542479343433786,0.5534818421840179,1.0552572656146546,1.0954451150103324,0.2939933729992593,1.390481338054805,2.512243820986104,0.39137076387194153,0.746179568412496,0.7745966692414834,0.9832187832518967,1.2909944487358056,0.5052574835561683,0.9633136805806117,1.2693299910709719,0.2568344795218316,True,True,true,
6,181,2076946377,haar,identified_unknot,false,0_1,0_1,1,"{""2"": ""1"", ""3"": ""1"", ""4"": ""1""}",0,0,"1-a,2-c,3+c,1+a,2+c,3-c",----,3,0,0.8157635661496947,1.075082714752759,1.099514332542988,1.3907678060180244,1.7048662918133008,0.5132637561101491,1.0684411903580353,1.095445115010332,0.24173006173478745,1.4049536559823947,2.737293719373562,0.36293228248276466,0.7555020110011936,0.7745966692414831,0.9934522573979832,1.290994448735806,0.4685435619522646,0.9753489022112788,1.2825413493848512,0.2536696566263822,True,True,true,
6,182,1565930160,haar,identified_unknot,false,0_1,0_1,1,"{""2"": ""1"", ""3"": ""1"", ""4"": ""1""}",0,0,"1-a,1+a",----,1,0,0.6274786490297657,1.0711714441800335,1.0971644977971071,1.2748695717738336,2.0317337868708227,0.2732558457309751,1.0553938332009354,1.0954451150103321,0.2935027373661723,1.387496765649444,5.077647147631225,0.1932210615152376,0.7462761362788454,0.7745966692414833,0.9811083718651237,1.2909944487358058,0.24944731779501136,0.9634383491599953,1.2666054616860993,0.036459893682726494,True,True,true,
6,183,3396605330,haar,identified_unknot,false,0_1,0_1,1,"{""2"": ""1"", ""3"": ""1"", ""4"": ""1""}",0,0,"1-a,1+a",----,1,0,0.5030332111204284,1.0109249927946615,1.04936986815683,1.3515151788377813,2.6867315098887623,0.5030332111204284,1.0591373149851842,1.0954451150103324,0.2796929530860137,1.4063593385862645,2.7957584260765156,0.3556981947452991,0.7489231776337361,0.7745966692414834,0.9944462250993754,1.2909944487358056,0.45920439484152864,0.9668556648547327,1.283824556169571,0.37818053862874346,True,True,true,
6,184,4194134683,haar,identified_unknot,false,0_1,0_1,1,"{""2"": ""1"", ""3"": ""1"", ""4"": ""1""}",0,0,"1-c,1+c",----,1,0,0.5965719130609026,1.0484443106246377,1.0831867732438591,1.3906627119064912,2.3310898174391954,0.38350604944694616,1.0447390193754464,1.0954451150103321,0.3294243181588616,1.3906627119064912,3.6261819439666336,0.271179728189999,0.738742045170562,0.7745966692414833,0.9833470339323539,1.2909944487358058,0.3500915237029734,0.9537118793629314,1.269495561987489,0.20504460278605052,True,True,true,
6,185,13384019,haar,identified_unknot,false,0_1,0_1,1,"{""2"": ""1"", ""3"": ""1"", ""4"": ""1""}",0,0,----,----,0,0,0.7621485627918503,1.0866143758402889,1.1070284152089205,1.3801341720992188,1.8108466504792795,0.4512105260621758,1.0639489225355427,1.0954451150103321,0.2607924274887156,1.3801341720992188,3.0587366481539915,0.31905402272131395,0.752325497961003,0.7745966692414833,0.9759022320386392,1.2909944487358058,0.41189697218004395,0.9712480415100562,1.2598843640707655,0.3199015235547907,True,True,true,
6,186,2500891596,haar,identified_unknot,false,0_1,0_1,1,"{""2"": ""1"", ""3"": ""1"", ""4"": ""1""}",0,0,----,----,0,0,0.38333968574252386,0.9720843060137817,1.047970876978944,1.358738546527167,3.5444766014645954,0.18977055240837648,1.032209802501824,1.0954451150103324,0.366800931867881,1.4055745663512416,7.406705352928084,0.13418804447748012,0.7298825509562666,0.7745966692414834,0.9938913073303037,1.2909944487358056,0.17323602050714018,0.9422743215136689,1.2831081604101946,0.13684619468964956,True,True,true,
6,187,2752116192,haar,identified_unknot,false,0_1,0_1,1,"{""2"": ""1"", ""3"": ""1"", ""4"": ""1""}",0,0,"1-c,1+c",----,1,0,0.47439904860301424,1.0623142770216836,1.101577235277508,1.367529541578338,2.882656585432387,0.47439904860301424,1.0663421159225634,1.0954451150103324,0.2508276137306066,1.3858049618626977,2.921179892631624,0.3354507842556379,0.7540177412336562,0.7745966692414834,0.9799120859350784,1.2909944487358056,0.43306510029810086,0.9734327181809612,1.2650610631913097,0.21218250691425536,True,True,true,
6,188,494218904,haar,identified_unknot,false,0_1,0_1,1,"{""2"": ""1"", ""3"": ""1"", ""4"": ""1""}",0,0,"1+a,2+c,2-c,3+c,3-c,1-a",----,3,0,0.443029101859141,1.0349533669361364,1.0874192740116781,1.3700561335427635,3.092474349412753,0.443029101859141,1.0658252591673278,1.0954451150103324,0.2530148551387816,1.3700561335427635,3.092474349412753,0.3132688821875843,0.753652268317127,0.7745966692414834,0.9687759826343101,1.2909944487358056,0.4044283878658424,0.9729608946745589,1.2506844156494694,0.11412570888273676,True,True,true,
6,189,1227758331,haar,identified_unknot,false,0_1,0_1,1,"{""2"": ""1"", ""3"": ""1"", ""4"": ""1""}",0,0,"1-c,2+c,3+a,1+c,2-c,3-a",----,3,0,0.4848421127865192,0.986234855882846,1.01758330012257,1.2891263178112333,2.6588579742016933,0.4848421127865192,1.068961241288338,1.0954451150103321,0.23941985010290096,1.3938926964066818,2.874941469905744,0.3428351457561606,0.755869742540573,0.7745966692414833,0.9856309778755662,1.2909944487358058,0.44259827000273416,0.9758236415872424,1.2724441209393997,0.3210170542217009,True,True,true,
6,190,4103874783,haar,identified_unknot,false,0_1,0_1,1,"{""2"": ""1"", ""3"": ""1"", ""4"": ""1""}",0,0,"1+c,2+a,3+c,4+a,5+a,5-a,6-a,1-c,2-a,3-c,4-a,6+a",----,6,0,0.49205626279483283,1.0682259231353604,1.1055809379635544,1.3459346888100423,2.7353268123552805,0.4599499133901811,1.047322490288623,1.0954451150103321,0.3211161804326237,1.406799695216812,3.0585932386585903,0.32523370276436225,0.7405688349722672,0.7745966692414833,0.994757604258976,1.2909944487358058,0.41987490481058276,0.9560702548559402,1.2842265449360675,0.018054845489923182,True,True,true,
6,191,3338800775,haar,identified_unknot,false,0_1,0_1,1,"{""2"": ""1"", ""3"": ""1"", ""4"": ""1""}",0,0,----,----,0,0,0.2580476962771471,0.946723850490592,1.017405322998516,1.4111910419779967,5.468721722136037,0.2580476962771471,1.0393680793203819,1.0954451150103321,0.3459971035859405,1.4111910419779967,5.468721722136037,0.1824672759071373,0.7349442170362794,0.7745966692414833,0.9978627553323512,1.2909944487358058,0.2355642402720589,0.9488089043243197,1.2882352777342811,0.2453841207673367,True,True,true,
6,192,2429911854,haar,identified_unknot,false,0_1,0_1,1,"{""2"": ""1"", ""3"": ""1"", ""4"": ""1""}",0,0,"1-a,1+a",----,1,0,0.7133067199478643,1.0215390470280419,1.0440439565740953,1.290979501868571,1.8098518712440126,0.4101813814013451,1.0556495851758976,1.095445115010332,0.2925815327698507,1.401770075010187,3.4174395488678075,0.2900420363053567,0.746456980234643,0.7745966692414831,0.9912011257040785,1.290994448735806,0.37444265877024463,0.9636718177030174,1.2796351508646473,0.1712075520755059,True,True,true,
6,193,701944473,haar,identified_unknot,false,0_1,0_1,1,"{""2"": ""1"", ""3"": ""1"", ""4"": ""1""}",0,0,"1-c,1+c",----,1,0,0.7456646012693883,1.0818953793478585,1.1115011811044055,1.4022992558018637,1.880603227529707,0.38164620565020724,1.0537869847791648,1.0954451150103321,0.2992206388437076,1.4022992558018637,3.674343502021143,0.26986462002937717,0.7451399228634725,0.7745966692414833,0.9915753130303467,1.2909944487358058,0.3483937263681235,0.9619715039481692,1.2801182246256466,0.11846317347709372,True,True,true,
6,194,3604347312,haar,identified_unknot,false,0_1,0_1,1,"{""2"": ""1"", ""3"": ""1"", ""4"": ""1""}",0,0,----,----,0,0,0.7320243332590356,1.0743409197733265,1.1005817065182932,1.4071344628472584,1.9222509401874308,0.12957111547879863,1.035899569578598,1.0954451150103321,0.3562472199847669,1.4091101885711212,10.87518760152752,0.09162061440096374,0.7324916102772524,0.7745966692414833,0.9963913697776945,1.2909944487358058,0.118281704581408,0.9456426026134843,1.2863357271512692,0.08521914500775073,True,True,true,
6,195,1478412834,haar,identified_unknot,false,0_1,0_1,1,"{""2"": ""1"", ""3"": ""1"", ""4"": ""1""}",0,0,----,----,0,0,0.855255246889784,1.006625931910962,1.01358285537349,1.1467853125807963,1.3408690759293074,0.5175051137830955,1.0669382458404113,1.0954451150103321,0.24827963984786583,1.4032634692080936,2.711593435183426,0.3659313752547427,0.7544392687410345,0.7745966692414833,0.992257114868403,1.2909944487358058,0.4724153740721318,0.9739769078529762,1.2809984270137151,0.43983549273799444,True,True,true,
6,196,1352126329,haar,identified_unknot,false,0_1,0_1,1,"{""2"": ""1"", ""3"": ""1"", ""4"": ""1""}",0,0,"1+a,1-a,2-c,3-a,3+a,2+c",----,3,0,0.5662259635571893,1.0404974079404037,1.086041547031971,1.3519366670643433,2.3876274739701095,0.5662259635571893,1.0658385221754183,1.0954451150103324,0.25295897818998303,1.3519366670643433,2.3876274739701095,0.40038221851517547,0.7536616466800866,0.7745966692414834,0.9559635850159369,1.2909944487358056,0.5168912214756178,0.9729730020890778,1.2341436814491538,0.31590857041706943,True,True,true,
6,197,48090574,haar,identified_unknot,false,0_1,0_1,1,"{""2"": ""1"", ""3"": ""1"", ""4"": ""1""}",0,0,"1-a,2-c,3-a,4-c,5-c,6-a,2+c,3+a,4+c,1+a,6+a,5+c",----,6,0,0.52595273002397,1.105039007556315,1.1440042195061706,1.3938171748134536,2.6500806921373545,0.52595273002397,1.0559898431726997,1.0954451150103321,0.2913510787968649,1.4061318717650366,2.6734947676779868,0.37190474198352663,0.7466975789715348,0.7745966692414833,0.9942853817675902,1.2909944487358058,0.4801269573592551,0.9639824293367172,1.2836169083211204,0.07091515911164203,True,True,true,
6,198,3439305972,haar,identified_unknot,false,0_1,0_1,1,"{""2"": ""1"", ""3"": ""1"", ""4"": ""1""}",0,0,"1-c,1+c",----,1,0,0.7017361423670981,0.994453031030987,1.0076032776315131,1.2399859768199437,1.76702595456637,0.6739339492802962,1.0723506635664504,1.0954451150103321,0.2237499817845656,1.3809163159357376,2.0490380658378142,0.47654326560792815,0.758266426017731,0.7745966692414833,0.9764552912493049,1.2909944487358058,0.615214710482268,0.9789177466516303,1.2605983604415572,0.5920088039288279,True,True,true,
6,199,12325831,haar,identified_unknot,false,0_1,0_1,1,"{""2"": ""1"", ""3"": ""1"", ""4"": ""1""}",0,0,"1-a,2+a,2-a,1+a",----,2,0,0.8706854588087383,1.1222836711271775,1.1397201673007766,1.3960126304847034,1.603348966450768,0.36789783554668004,1.060117299623402,1.0954451150103324,0.27595526999712483,1.3960126304847034,3.7945660332855446,0.2601430542989107,0.7496161314168786,0.7745966692414834,0.9871299976378037,1.2909944487358056,0.33584323897707097,0.9677502643420003,1.2743793471309934,0.10862105554638378,True,True,true,
6,200,4126954750,haar,identified_unknot,false,0_1,0_1,1,"{""2"": ""1"", ""3"": ""1"", ""4"": ""1""}",0,0,"1+a,2-a,2+a,3+c,3-c,1-a",----,3,0,0.5224716089198566,0.9954366123533265,1.0400508452257626,1.3650986685875317,2.612771000915627,0.46237113421161863,1.0511645465228985,1.095445115010332,0.30830682141871135,1.3650986685875317,2.9523873087690453,0.3269457644259508,0.7432855789892235,0.7745966692414831,0.9652705255469711,1.290994448735806,0.42208516691158704,0.9595775563004675,1.2461588900094338,0.02198565533078585,True,True,true,
6,201,3228034798,haar,identified_unknot,false,0_1,0_1,1,"{""2"": ""1"", ""3"": ""1"", ""4"": ""1""}",0,0,"1+a,2-a,3-c,1-a,2+a,3+c",----,3,0,0.8315859731676898,1.090552893857237,1.1131047591562302,1.4116033514035569,1.6974833594492416,0.6808101997148552,1.0712366968252254,1.0954451150103321,0.22902388385271094,1.4116033514035569,2.0734168671309283,0.4814055089193418,0.7574787325809945,0.7745966692414833,0.998154302123112,1.2909944487358058,0.6214918396057058,0.9779008387974979,1.2886116630226998,0.05562528175383941,True,True,true,
6,202,1637162422,haar,identified_unknot,false,0_1,0_1,1,"{""2"": ""1"", ""3"": ""1"", ""4"": ""1""}",0,0,"1-a,1+a",----,1,0,0.7503091810484369,1.0616519528864463,1.086727247807842,1.3953121549000589,1.8596495819900987,0.49318279826002887,1.06860160578218,1.0954451150103321,0.2410199330340666,1.3953121549000589,2.8291987470422386,0.34873290101422344,0.7556154418354133,0.7745966692414833,0.986634686601846,1.2909944487358058,0.4502122393008957,0.9754953407885721,1.2737399033331747,0.16811597188139427,True,True,true,
6,203,201841757,haar,identified_unknot,false,0_1,0_1,1,"{""2"": ""1"", ""3"": ""1"", ""4"": ""1""}",0,0,----,----,0,0,0.3879734479850975,1.0791057284778773,1.1249267084987777,1.3144832633699215,3.388075318547089,0.3879734479850975,1.0581494765899455,1.0954451150103321,0.2834072779454054,1.392932150087602,3.5902770081861535,0.27433865599058865,0.7482246704057464,0.7745966692414833,0.984951769059701,1.2909944487358058,0.3541696819574919,0.9659538959009966,1.2715672661285855,0.10450810829626686,True,True,true,
6,204,607676161,haar,identified_unknot,false,0_1,0_1,1,"{""2"": ""1"", ""3"": ""1"", ""4"": ""1""}",0,0,"1-c,2-a,2+a,1+c",----,2,0,0.27135154446063875,0.9688472629817745,1.0307406636016776,1.3221364853642927,4.872411867020263,0.27135154446063875,1.0554811659645742,1.0954451150103321,0.29318852005844787,1.3820358317708614,5.093156313216911,0.1918745171735606,0.7463378898682341,0.7745966692414833,0.9772469084879667,1.2909944487358058,0.24770893652492976,0.9635180727010856,1.261620333902193,0.27135154446063875,True,True,true,
6,205,153922247,haar,identified_unknot,false,0_1,0_1,1,"{""2"": ""1"", ""3"": ""1"", ""4"": ""1""}",0,0,"1-c,2-a,2+a,1+c",----,2,0,0.3286305221801402,1.06844653129993,1.1249806359653862,1.4116890112540013,4.295672239720259,0.3286305221801402,1.0538485786608243,1.0954451150103321,0.2990036341828657,1.4116890112540013,4.295672239720259,0.23237687073845326,0.7451834763148736,0.7745966692414833,0.9982148727842366,1.2909944487358058,0.29999725013794104,0.9620277312121515,1.288689859409968,0.0071548904188950034,True,True,true,
6,206,3293213245,haar,identified_unknot,false,0_1,0_1,1,"{""2"": ""1"", ""3"": ""1"", ""4"": ""1""}",0,0,----,----,0,0,0.3164507175563575,1.064190801006179,1.123213950970583,1.3939606584082236,4.404984982092731,0.3164507175563575,1.0604404895206054,1.0954451150103321,0.27471069907322254,1.3978489480021394,4.4172721705179665,0.22376444829544923,0.7498446611848021,0.7745966692414833,0.9884284702067944,1.2909944487358058,0.2888786605738552,0.9680452950037606,1.2760556680093964,0.19234022583545626,True,True,true,
6,207,3342222185,haar,identified_unknot,false,0_1,0_1,1,"{""2"": ""1"", ""3"": ""1"", ""4"": ""1""}",0,0,"1-c,1+c,2+a,3+c,3-c,2-a",----,3,0,0.5989298383416394,0.9883005761475809,1.0252055548192736,1.3275631005586392,2.216558627692507,0.5989298383416394,1.0653222267105853,1.0954451150103321,0.2551245838338607,1.4130319741791426,2.3592612752299145,0.42350735014633584,0.7532965706558074,0.7745966692414833,0.9991644909754862,1.2909944487358058,0.5467456380377307,0.9725016909683669,1.2899158112232898,0.47162990320875103,True,True,true,
6,208,2457312120,haar,identified_unknot,false,0_1,0_1,1,"{""2"": ""1"", ""3"": ""1"", ""4"": ""1""}",0,0,"1-c,2-a,2+a,1+c",----,2,0,0.7066567806355901,1.0914401418107669,1.1080130131704753,1.2888189125221032,1.8238258626244237,0.32362431215530274,1.0619211883139152,1.0954451150103324,0.26893008349748054,1.3769615828181285,4.254815015743762,0.2288369456818466,0.7508916733424461,0.7745966692414834,0.9736588726440605,1.2909944487358056,0.295427226540921,0.9693969818870378,1.2569881995458447,0.02841398798936661,True,True,true,
6,209,215160509,haar,identified_unknot,false,0_1,0_1,1,"{""2"": ""1"", ""3"": ""1"", ""4"": ""1""}",0,0,"1-a,1+a",----,1,0,0.5682206975255311,0.948588471403149,0.9930351349592129,1.3353910495778587,2.3501274335714557,0.5682206975255311,1.064785190821115,1.0954451150103321,0.2573567512385124,1.405416266629447,2.4733633828364714,0.4017927084308531,0.7529168289366224,0.7745966692414833,0.9937793725235629,1.2909944487358058,0.5187121561267555,0.9720114465169457,1.282963653196072,0.5682206975255311,True,True,true,
6,210,1739174680,haar,identified_unknot,false,0_1,0_1,1,"{""2"": ""1"", ""3"": ""1"", ""4"": ""1""}",0,0,"1-c,2+c,3+a,4+c,5+a,1+c,2-c,3-a,4-c,5-a",----,5,0,0.777537457111602,1.0851610401680387,1.1040038226017195,1.380202832464512,1.775094974320199,0.3672259665506666,1.057534312028357,1.0954451150103321,0.28569420519623656,1.380202832464512,3.758456531352294,0.25966797117576057,0.7477896833727014,0.7745966692414833,0.9759507822485367,1.2909944487358058,0.33522990930239616,0.9653923300560636,1.259947042122228,0.16421854046619444,True,True,true,
6,211,3911915947,haar,identified_unknot,false,0_1,0_1,1,"{""2"": ""1"", ""3"": ""1"", ""4"": ""1""}",0,0,"1-a,1+a",----,1,0,0.542492620129394,0.9166157684336133,0.9628350325732806,1.3069582521297087,2.4091724083140083,0.542492620129394,1.064250836278802,1.0954451150103324,0.2595576188052874,1.353025849837692,2.4940907942949924,0.38360021043715226,0.752538983216195,0.7745966692414834,0.9567337535409233,1.2909944487358056,0.4952257422082504,0.9715236497893954,1.2351379647395022,0.5159933401228929,True,True,true,
6,212,1419392032,haar,identified_unknot,false,0_1,0_1,1,"{""2"": ""1"", ""3"": ""1"", ""4"": ""1""}",0,0,----,----,0,0,0.3450482237420029,0.9542607976990243,1.0297324106736798,1.3697115001723634,3.9696233915306713,0.3450482237420029,1.0475514786349915,1.095445115010332,0.3203683811015723,1.3697115001723634,3.9696233915306713,0.2439859388443433,0.7407307541847973,0.7745966692414831,0.9685322900410771,1.290994448735806,0.3149844926176411,0.9562792916604603,1.250369809864408,0.3249260078461661,True,True,true,
6,213,3940744156,haar,identified_unknot,false,0_1,0_1,1,"{""2"": ""1"", ""3"": ""1"", ""4"": ""1""}",0,0,"1+a,2-a,2+a,1-a",----,2,0,0.4760880017906377,1.017295736367216,1.0551383615234475,1.3353763227471387,2.804893880384698,0.4760880017906377,1.0663619341422939,1.0954451150103321,0.25074334569895573,1.392528568319602,2.924939429437615,0.3366450545077131,0.7540317548312185,0.7745966692414833,0.984666393654785,1.2909944487358058,0.43460689656382034,0.9734508096576211,1.2711988480650331,0.010143699612681668,True,True,true,
6,214,2282086211,haar,identified_unknot,false,0_1,0_1,1,"{""2"": ""1"", ""3"": ""1"", ""4"": ""1""}",0,0,"1+a,2+c,3-c,1-a,4-c,5-a,2-c,3+c,5+a,4+c",----,5,0,0.7587798255685996,1.123088642919573,1.1490771339426458,1.3870863306003125,1.828048511385875,0.5139400121733655,1.0576893308804471,1.0954451150103324,0.2851197631551913,1.409236371982922,2.7420250196584215,0.3634104677308835,0.7478992982542262,0.7745966692414834,0.996480594923852,1.2909944487358056,0.4691608964530532,0.9655338422596106,1.2864509163196458,0.016127958672224385,True,True,true,
6,215,3827513282,haar,identified_unknot,false,0_1,0_1,1,"{""2"": ""1"", ""3"": ""1"", ""4"": ""1""}",0,0,"1-c,2-a,3-c,4+c,2+a,1+c,5+a,3+c,4-c,5-a",----,5,0,0.6590038387424291,1.1004834545028108,1.1259753077138641,1.3557364637538434,2.057251238992754,0.5017090376519264,1.0536887877029426,1.0954451150103324,0.2995662508846801,1.394242079417703,2.7789853775466455,0.35476186270625404,0.7450704870449831,0.7745966692414834,0.9858780289718907,1.2909944487358056,0.45799559537694795,0.9618818626919562,1.2727630625333086,0.09453041017600824,True,True,true,
6,216,774270564,haar,identified_unknot,false,0_1,0_1,1,"{""2"": ""1"", ""3"": ""1"", ""4"": ""1""}",0,0,"1-c,2-a,2+a,1+c",----,2,0,0.41556677197324804,1.0875155902342664,1.1330860189031942,1.4048811205097738,3.3806387210385833,0.41556677197324804,1.048306792727787,1.0954451150103321,0.3178881380624021,1.4048811205097738,3.3806387210385833,0.29385008249808736,0.7412648419017386,0.7745966692414833,0.9934009670734162,1.2909944487358058,0.37935882526558934,0.9569687959381692,1.2824751338605613,0.0903999083310801,True,True,true,
6,217,113746783,haar,identified_unknot,false,0_1,0_1,1,"{""2"": ""1"", ""3"": ""1"", ""4"": ""1""}",0,0,----,----,0,0,0.570079166685311,0.977804237300523,1.011046007724981,1.3312642155641115,2.3352269182272742,0.5631739879008444,1.0655659898778045,1.0954451150103324,0.254104547806084,1.3801668161787253,2.4506934727633856,0.3982241458325577,0.7534689372443516,0.7745966692414834,0.9759253148886238,1.2909944487358056,0.5141051616223898,0.9727242152773249,1.2599141639019562,0.4758615595623846,True,True,true,
6,218,1282731004,haar,identified_unknot,false,0_1,0_1,1,"{""2"": ""1"", ""3"": ""1"", ""4"": ""1""}",0,0,"1+c,2+a,3+c,1-c,2-a,3-c",----,3,0,0.7353109146461797,1.107405309877766,1.1268852232656492,1.3148996721606625,1.7882227041242438,0.5340530576659506,1.0634490291421435,1.0954451150103321,0.2628234434304374,1.3489531408596427,2.5258785086919415,0.3776325385890039,0.7519720199526599,0.7745966692414833,0.9538539134047453,1.2909944487358058,0.487521510980414,0.9707917033635347,1.2314201071104502,0.2681318543373873,True,True,true,
6,219,2142950467,haar,identified_unknot,false,0_1,0_1,1,"{""2"": ""1"", ""3"": ""1"", ""4"": ""1""}",0,0,----,----,0,0,0.7899160252946538,1.0348427041304584,1.0514945600677756,1.2504456748838708,1.58301089589546,0.2818352788990294,1.055019526839927,1.0954451150103321,0.2948453797949984,1.4057740085472339,4.987927749992108,0.19928763688710555,0.746011461712735,0.7745966692414833,0.9940323342595446,1.2909944487358058,0.25727923292293026,0.9630966557644249,1.283290225392967,0.22649172112781674,True,True,true,
6,220,767942313,haar,identified_unknot,false,0_1,0_1,1,"{""2"": ""1"", ""3"": ""1"", ""4"": ""1""}",0,0,"1-c,1+c",----,1,0,0.22495253149861866,0.9113392195451251,0.9931883905556693,1.4135084474547848,6.283585421502423,0.22495253149861866,1.047870553641221,1.0954451150103321,0.31932319491643757,1.4135084474547848,6.283585421502423,0.15906546046775366,0.7409563742854092,0.7745966692414833,0.9995014084597469,1.2909944487358058,0.20535262644947477,0.9565705659578735,1.2903507698251524,0.21735198902008337,True,True,true,
6,221,3672660392,haar,identified_unknot,false,0_1,0_1,1,"{""2"": ""1"", ""3"": ""1"", ""4"": ""1""}",0,0,"1-a,1+a,2+c,2-c",----,2,0,0.6818303776741228,1.0981494156601455,1.1231175756573637,1.3986863535808678,2.0513699585402785,0.5882655572476323,1.067995083800997,1.0954451150103324,0.2436934569841824,1.3986863535808678,2.3776444776488694,0.41596656466828397,0.75518656602958,0.7745966692414834,0.9890206053701166,1.2909944487358056,0.537010525846458,0.9749416645040436,1.2768201112181465,0.1776698597071922,True,True,true,
6,222,3586492296,haar,identified_unknot,false,0_1,0_1,1,"{""2"": ""1"", ""3"": ""1"", ""4"": ""1""}",0,0,"1-a,1+a",----,1,0,0.6928410750625285,0.9719032425671693,0.9970255106184669,1.3180358718829603,1.9023639321095511,0.6928410750625285,1.0701320249232897,1.0954451150103321,0.2341312649638637,1.4081047705969845,2.032363295536287,0.48991262246129164,0.7566976115881496,0.7745966692414833,0.9956804319102556,1.2909944487358058,0.6324744759631281,0.9768924159319441,1.2854179103110093,0.44029831563528843,True,True,true,
6,223,2152682950,haar,identified_unknot,false,0_1,0_1,1,"{""2"": ""1"", ""3"": ""1"", ""4"": ""1""}",0,0,"1-a,2-c,3-a,4-c,5-c,5+c,6+c,1+a,2+c,3+a,4+c,6-c",----,6,0,0.8179788291900056,1.0731049580795886,1.08327708505856,1.2684725643530386,1.5507400914142597,0.4381124730827752,1.0525076924360977,1.0954451150103321,0.30368990329420026,1.373866665867229,3.135876630491769,0.30979230063923907,0.7442353265725697,0.7745966692414833,0.9714704358808702,1.2909944487358058,0.39994014038635145,0.9608036751582673,1.254162939833157,0.31834812219181213,True,True,true,
6,224,2617696550,haar,identified_unknot,false,0_1,0_1,1,"{""2"": ""1"", ""3"": ""1"", ""4"": ""1""}",0,0,"1-a,1+a",----,1,0,0.8358795956605014,1.0090328488097107,1.0206968733328643,1.1989506509444785,1.4343580788056958,0.2777888206250043,1.0531482809814656,1.0954451150103321,0.30146093986747885,1.409690045076717,5.074682422082424,0.19642635880175402,0.7446882910769498,0.7745966692414833,0.9968013902449163,1.2909944487358058,0.253585338798452,0.9613884498188963,1.2868650612983206,0.02619069632982822,True,True,true,
6,225,1828292265,haar,identified_unknot,false,0_1,0_1,1,"{""2"": ""1"", ""3"": ""1"", ""4"": ""1""}",0,0,"1-c,2-a,3-c,3+c,2+a,1+c",----,3,0,0.81026594825813,1.1336712318484692,1.1519800409996348,1.3898103062260108,1.7152520221462555,0.5043480602073823,1.0644572438766138,1.095445115010332,0.25870982965206996,1.3898103062260108,2.7556570866051042,0.35662793345092114,0.7526849354282962,0.7745966692414831,0.9827442920953643,1.290994448735806,0.4604046823492617,0.971712073284999,1.268717425621915,0.13112105683562209,True,True,true,
6,226,788647120,haar,identified_unknot,false,0_1,0_1,1,"{""2"": ""1"", ""3"": ""1"", ""4"": ""1""}",0,0,"1-a,2-c,3-a,3+a,2+c,1+a",----,3,0,0.6067672724654583,1.048390686807112,1.0786004529586584,1.2997480728984934,2.142086648176109,0.6067672724654583,1.0716670084056126,1.0954451150103321,0.22700181297726232,1.3733867452817643,2.2634489492179193,0.42904925296239105,0.7577830088175094,0.7745966692414833,0.9711310807804571,1.2909944487358058,0.5539002038086913,0.9782936577297209,1.2537248342823735,0.3678332960747909,True,True,true,
6,227,1127810681,haar,identified_unknot,false,0_1,0_1,1,"{""2"": ""1"", ""3"": ""1"", ""4"": ""1""}",0,0,"1-a,1+a",----,1,0,0.7444377918514035,1.1029580129356757,1.1251359750083125,1.3948471688557724,1.873692045357897,0.5425975140458102,1.069131525743963,1.0954451150103321,0.23865829267047386,1.3948471688557724,2.57068477600509,0.3836743816367554,0.7559901518338762,0.7745966692414833,0.9863058918167739,1.2909944487358058,0.49532149681519416,0.975979089316473,1.2733154310908734,0.15753575580276483,True,True,true,
6,228,1250416864,haar,identified_unknot,false,0_1,0_1,1,"{""2"": ""1"", ""3"": ""1"", ""4"": ""1""}",0,0,"1-a,1+a",----,1,0,0.19150429608250424,0.9829833521121448,1.0738737093591832,1.3900480785590175,7.258573864892067,0.19150429608250424,1.054394419909199,1.0954451150103321,0.2970730672146898,1.3900480785590175,7.258573864892067,0.13541398638629512,0.7455694443630506,0.7745966692414833,0.9829124225244119,1.2909944487358058,0.174818704705893,0.9625260138197376,1.2689344810724785,0.060542620729971186,True,True,true,
6,229,56075072,haar,identified_unknot,false,0_1,0_1,1,"{""2"": ""1"", ""3"": ""1"", ""4"": ""1""}",0,0,"1-c,2-a,3-c,3+c,2+a,1+c",----,3,0,0.6456502907044493,1.0845649976829783,1.1109655684279254,1.3681334640677107,2.1190007714160277,0.5991329932004146,1.067370416870168,1.0954451150103321,0.2464150831227739,1.3681334640677107,2.283522155505897,0.4236510023246068,0.7547448598068079,0.7745966692414833,0.96741645001052,1.2909944487358058,0.5469310922024273,0.9743714242224729,1.2489292665792815,0.40778061778088054,True,True,true,
6,230,3063938804,haar,identified_unknot,false,0_1,0_1,1,"{""2"": ""1"", ""3"": ""1"", ""4"": ""1""}",0,0,"1+a,2+c,3+a,3-a,2-c,1-a",----,3,0,0.30229553481674754,1.0447062330465793,1.1155861602201118,1.397702126992796,4.623628092423155,0.30229553481674754,1.0495740839594945,1.095445115010332,0.31367856522336385,1.397702126992796,4.623628092423155,0.21375522259133625,0.7421609521254172,0.7745966692414831,0.988324652075467,1.290994448735806,0.27595680575370163,0.958125669262394,1.275921639378175,0.1670640190674126,True,True,true,
6,231,1136945152,haar,identified_unknot,false,0_1,0_1,1,"{""2"": ""1"", ""3"": ""1"", ""4"": ""1""}",0,0,"1+a,2+c,2-c,1-a",----,2,0,0.5428156813153059,1.0647936747779092,1.0933028885380505,1.3341237317819337,2.4577840650240534,0.4613610988157548,1.0641842546169218,1.0954451150103321,0.2598304682392473,1.3867634053047186,3.00580913489311,0.3262315615482971,0.7524919028715769,0.7745966692414833,0.9805898077923151,1.2909944487358058,0.42116313496126484,0.9714628693258488,1.2659359983467897,0.011020492271401835,True,True,true,
6,232,3678849320,haar,identified_unknot,false,0_1,0_1,1,"{""2"": ""1"", ""3"": ""1"", ""4"": ""1""}",0,0,"1-c,2-a,2+a,1+c",----,2,0,0.4664077692374752,1.0908982566130947,1.1326001735415256,1.3532729781070296,2.90148035123746,0.4664077692374752,1.0519676110326937,1.0954451150103321,0.3055554701493124,1.3532729781070296,2.90148035123746,0.3298000964259091,0.74385343134983,0.7745966692414833,0.9569084996159949,1.2909944487358058,0.4257700936783821,0.9603106505457113,1.2353635609523583,0.20165337072590045,True,True,true,
6,233,716804241,haar,identified_unknot,false,0_1,0_1,1,"{""2"": ""1"", ""3"": ""1"", ""4"": ""1""}",0,0,"1+a,1-a",----,1,0,0.5455829457740996,1.0545561315677838,1.1049166740240302,1.373360316950132,2.517234689221346,0.3672538783792883,1.051157365790647,1.0954451150103324,0.3083313028936052,1.387538851642545,3.7781462179945677,0.2596877078190543,0.7432805014447547,0.7745966692414834,0.9811381311562385,1.2909944487358056,0.33525538919932496,0.9595710012187443,1.2666438807657265,0.053588169831630984,True,True,true,
6,234,3717026721,haar,identified_unknot,false,0_1,0_1,1,"{""2"": ""1"", ""3"": ""1"", ""4"": ""1""}",0,0,----,----,0,0,0.4891485086901556,1.0441174969389995,1.0893961662355396,1.400631793873009,2.863408083617853,0.4891485086901556,1.0684777916626649,1.0954451150103324,0.2415682278853643,1.400631793873009,2.863408083617853,0.34588022750209585,0.7555278920318974,0.7745966692414834,0.9903962393930833,1.2909944487358056,0.44652945363268326,0.9753823144782447,1.2785960471052884,0.37264297563206406,True,True,true,
6,235,897524206,haar,identified_unknot,false,0_1,0_1,1,"{""2"": ""1"", ""3"": ""1"", ""4"": ""1""}",0,0,"1-c,2-a,3+a,4+c,5+c,5-c,6+a,1+c,2+a,3-a,4-c,6-a",----,6,0,0.7774806539117711,1.177629926362548,1.1942896771685485,1.3664075393029245,1.7574810799832263,0.3828642000000836,1.0533288334463462,1.0954451150103321,0.30082946768985236,1.3805399955028217,3.6058215824371156,0.27072587209362164,0.7448159609492269,0.7745966692414833,0.9761891925192909,1.2909944487358058,0.34950559800202535,0.9615532709152764,1.2602548284582935,0.005450299764486261,True,True,true,
6,236,2394196404,haar,identified_unknot,false,0_1,0_1,1,"{""2"": ""1"", ""3"": ""1"", ""4"": ""1""}",0,0,"1+c,1-c",----,1,0,0.3895847279688651,0.9272586794964913,0.9653586149580179,1.1827888078591666,3.036024574232522,0.3895847279688651,1.0654508759627295,1.095445115010332,0.25458678463394785,1.399492659674647,3.5922677641164924,0.27547800299350095,0.7533875394143931,0.7745966692414831,0.98959074987674,1.290994448735806,0.35564057261343546,0.9726191311307097,1.277556164611175,0.3429168846175307,True,True,true,
6,237,2104111084,haar,identified_unknot,false,0_1,0_1,1,"{""2"": ""1"", ""3"": ""1"", ""4"": ""1""}",0,0,"1+c,2+a,2-a,1-c",----,2,0,0.3397554706717132,0.9932751200966834,1.0503568638322849,1.3129798441341844,3.864484776472794,0.3397554706717132,1.0573690332608048,1.0954451150103324,0.28630530470305887,1.4078024671514318,4.143575567357716,0.24024339725719554,0.7476728136353791,0.7745966692414834,0.9954666710939292,1.2909944487358056,0.3101528922044703,0.9652414518739548,1.2851419462837745,0.31980694396375114,True,True,true,
6,238,4287491376,haar,identified_unknot,false,0_1,0_1,1,"{""2"": ""1"", ""3"": ""1"", ""4"": ""1""}",0,0,"1-a,2-c,2+c,1+a",----,2,0,0.37887132384560007,0.9728766295161652,1.0219629079047192,1.379028751694797,3.6398340674016993,0.37887132384560007,1.0576699176395337,1.0954451150103324,0.28519176937699814,1.379028751694797,3.6398340674016993,0.2679024822883483,0.7478855710199315,0.7745966692414834,0.9751205817746106,1.2909944487358056,0.34586061743680013,0.9655161204763393,1.2588752579190514,0.01843487367052001,True,True,true,
6,239,496529646,haar,identified_unknot,false,0_1,0_1,1,"{""2"": ""1"", ""3"": ""1"", ""4"": ""1""}",0,0,"1-a,2-c,3-a,3+a,2+c,1+a",----,3,0,0.6821594165878613,1.0822319763776043,1.1097499504432256,1.3531372920465528,1.9836086098684975,0.5593263110608114,1.0637995579611144,1.0954451150103321,0.2614010338191824,1.3818989523708336,2.470648930764478,0.395503427447156,0.7522198812575556,0.7745966692414833,0.9771501201360022,1.2909944487358058,0.5105927292902629,0.9711116909322115,1.2614953806771045,0.30673144778665973,True,True,true,
6,240,1513986660,haar,identified_unknot,false,0_1,0_1,1,"{""2"": ""1"", ""3"": ""1"", ""4"": ""1""}",0,0,"1-c,2-a,2+a,3+c,3-c,1+c",----,3,0,0.7469626934499051,1.0433128156112268,1.064407224615182,1.3450005492824615,1.8006261371240273,0.3936352564602401,1.0597993698714707,1.095445115010332,0.2771737643068579,1.3822884662170747,3.5115972045982,0.2783421591571415,0.7493913211333469,0.7745966692414831,0.9774255480180454,1.290994448735806,0.3593381823210079,0.9674600355139424,1.2618509565438496,0.23169670192357028,True,True,true,
6,241,61625863,haar,identified_unknot,false,0_1,0_1,1,"{""2"": ""1"", ""3"": ""1"", ""4"": ""1""}",0,0,"1-a,2-c,2+c,1+a",----,2,0,0.8028724060830983,1.061241965024572,1.0833295937000473,1.330815026935897,1.6575672757623157,0.5009123735141661,1.0694909254890772,1.0954451150103324,0.2370425284553747,1.3530760838954943,2.7012231189318556,0.35419853609211555,0.756244285830803,0.7745966692414834,0.9567692743838419,1.2909944487358056,0.45726834384527004,0.9763071748957407,1.2351838219505245,0.33714753816360155,True,True,true,
6,242,197963676,haar,identified_unknot,false,0_1,0_1,1,"{""2"": ""1"", ""3"": ""1"", ""4"": ""1""}",0,0,"1-c,2+a,3-a,4-c,2-a,3+a,4+c,1+c",----,4,0,0.6477059334672427,1.1223802961908915,1.1519709354314247,1.4019460793620269,2.1644792905589916,0.6477059334672427,1.0706573607204484,1.0954451150103321,0.23171710324256106,1.4019460793620269,2.1644792905589916,0.45799725776945005,0.7570690800927206,0.7745966692414833,0.9913255795747828,1.2909944487358058,0.5912719173165819,0.9773719797092254,1.27979582012085,0.09047881111859796,True,True,true,
6,243,2883920220,haar,identified_unknot,false,0_1,0_1,1,"{""2"": ""1"", ""3"": ""1"", ""4"": ""1""}",0,0,"1+a,1-a",----,1,0,0.9370404103415626,1.0407614343789382,1.0457549380845153,1.2288456326783028,1.311411566797182,0.6783772353916108,1.0770492271787542,1.0954451150103321,0.1999123863937591,1.4122181668935259,2.0817593710648126,0.47968514334799073,0.7615888122098274,0.7745966692414833,0.9985890423252476,1.2909944487358058,0.6192708572032952,0.9832069287821833,1.2891729102102993,0.5855780497617993,True,True,true,
6,244,1199114370,haar,identified_unknot,false,0_1,0_1,1,"{""2"": ""1"", ""3"": ""1"", ""4"": ""1""}",0,0,"1+c,2+a,2-a,1-c",----,2,0,0.9442946551164524,1.1042169308744387,1.115255911343514,1.3048365048407302,1.3818107491880436,0.28573728434750395,1.0362907190195705,1.0954451150103321,0.3551077944426194,1.4131771806134383,4.945722025183036,0.20204677139994878,0.7327681946994213,0.7745966692414833,0.9992671674298487,1.2909944487358058,0.26084126026232624,0.9459996715671112,1.2900483659558877,0.16328018689865778,True,True,true,
6,245,1959343286,haar,identified_unknot,false,0_1,0_1,1,"{""2"": ""1"", ""3"": ""1"", ""4"": ""1""}",0,0,"1+c,2+a,2-a,1-c",----,2,0,0.33329816467953,0.9686464184879123,1.0189215061330836,1.2855628082850885,3.857095371410676,0.33329816467953,1.0527468646596645,1.0954451150103321,0.3028597677956676,1.3869976488765718,4.161432002513983,0.23567739240192628,0.7444044468737253,0.7745966692414833,0.980755443010422,1.2909944487358058,0.304258205283417,0.9610220085282276,1.2661498324938807,0.32939114859297297,True,True,true,
6,246,421884736,haar,identified_unknot,false,0_1,0_1,1,"{""2"": ""1"", ""3"": ""1"", ""4"": ""1""}",0,0,"1-a,2-c,2+c,1+a",----,2,0,0.7201578311404222,1.1328829762405188,1.1670157199929563,1.413754409570202,1.9631174562545812,0.7201578311404222,1.0706076770129718,1.0954451150103324,0.23194654970680093,1.413754409570202,1.9631174562545812,0.5092284859239892,0.7570339484062493,0.7745966692414834,0.9996753299394734,1.2909944487358056,0.6574111484660092,0.9773266248970156,1.290575301489995,0.04325254006770805,True,True,true,
6,247,330609953,haar,identified_unknot,false,0_1,0_1,1,"{""2"": ""1"", ""3"": ""1"", ""4"": ""1""}",0,0,"1+c,1-c",----,1,0,0.496431596484283,1.0188053215939357,1.0773507778395268,1.3686582083527048,2.756992540453731,0.496431596484283,1.0585269416705703,1.0954451150103321,0.28199417326879234,1.3686582083527048,2.756992540453731,0.3510301482693003,0.7484915785239172,0.7745966692414833,0.9677875002528281,1.2909944487358058,0.45317797275457355,0.9662984727998775,1.2494082903823034,0.43841556965244394,True,True,true,
6,248,4161363268,haar,identified_unknot,false,0_1,0_1,1,"{""2"": ""1"", ""3"": ""1"", ""4"": ""1""}",0,0,----,----,0,0,0.6830672670663941,1.008550774706645,1.052533915317471,1.397796797918539,2.046353068449221,0.3388919168295166,1.0458054294804835,1.0954451150103321,0.32602301095036434,1.4043695464536972,4.144004258325763,0.23963277247945863,0.7394961109873596,0.7745966692414833,0.9930392295892854,1.2909944487358058,0.30936457900615144,0.9546853741463985,1.2820081327766488,0.24039610799083608,True,True,true,
6,249,4269496413,haar,identified_unknot,false,0_1,0_1,1,"{""2"": ""1"", ""3"": ""1"", ""4"": ""1""}",0,0,"1-c,2+c,3+a,1+c,2-c,3-a",----,3,0,0.6093452144952721,1.0680603636783288,1.097115408011798,1.3616873765806938,2.23467312811933,0.605688461545223,1.0715417571011596,1.0954451150103321,0.2275923170683919,1.3676792601678507,2.25805731329048,0.4282864184450746,0.7576944427707782,0.7745966692414833,0.9670952793528875,1.2909944487358058,0.5529153886815318,0.9781793194550445,1.2485146370431812,0.07843283223828428,True,True,true,
6,250,2335076622,haar,identified_unknot,false,0_1,0_1,1,"{""2"": ""1"", ""3"": ""1"", ""4"": ""1""}",0,0,"1+a,1-a",----,1,0,0.605022198900697,1.049122271824667,1.076817798117825,1.3614710578018197,2.2502828165240256,0.605022198900697,1.069642701240589,1.0954451150103324,0.2363567043321105,1.3614710578018197,2.2502828165240256,0.42781529961107895,0.7563516074939167,0.7745966692414834,0.9627054173608887,1.2909944487358056,0.5523071768821484,0.9764457265670493,1.242847349580794,0.4150715975083835,True,True,true,
6,251,4172008042,haar,identified_unknot,false,0_1,0_1,1,"{""2"": ""1"", ""3"": ""1"", ""4"": ""1""}",0,0,"1+a,1-a",----,1,0,0.708777656930086,1.1057020359887264,1.137675283839197,1.352700297987312,1.9084973753916492,0.5995402556948377,1.0609182738636025,1.0954451150103324,0.2728597005464056,1.367162967017578,2.2803522432919925,0.4239389803961363,0.7501825057336801,0.7745966692414834,0.9667302049652495,1.2909944487358056,0.5473028702941295,0.9684814504408975,1.2480433280353647,0.0055077846267925935,True,True,true,
6,252,4120159790,haar,identified_unknot,false,0_1,0_1,1,"{""2"": ""1"", ""3"": ""1"", ""4"": ""1""}",0,0,"1+c,1-c",----,1,0,0.49874082451954155,1.0182947282879684,1.0625993050599916,1.3142870108254086,2.6352104063097657,0.49874082451954155,1.0588404188735103,1.0954451150103324,0.2808148275283365,1.379012494576713,2.7649881998434256,0.3526630190723377,0.7487132403798635,0.7745966692414834,0.9751090862561708,1.2909944487358056,0.4552859998967975,0.9665846370254005,1.2588604172685602,0.383097102184757,True,True,true,
6,253,3070484542,haar,identified_unknot,false,0_1,0_1,1,"{""2"": ""1"", ""3"": ""1"", ""4"": ""1""}",0,0,"1-a,2-c,2+c,1+a",----,2,0,0.8979346594242655,1.1841375108570065,1.1951840726767857,1.3181738978646653,1.4680064791238232,0.3801648008735853,1.0512281201816687,1.0954451150103321,0.3080899857822627,1.414179055773346,3.719910555958066,0.26881710866614567,0.7433305323544448,0.7745966692414833,0.9999756001493217,1.2909944487358058,0.3470413950132039,0.9596355908454196,1.2909629486640302,0.17158631785987297,True,True,true,
6,254,2448106418,haar,identified_unknot,false,0_1,0_1,1,"{""2"": ""1"", ""3"": ""1"", ""4"": ""1""}",0,0,"1-c,1+c",----,1,0,0.7555206093170731,1.0741388399902594,1.0978803440034253,1.4044987651776315,1.8589814068039519,0.20327834432217934,1.053992541054791,1.0954451150103321,0.2984957678106404,1.4044987651776315,6.909239495534346,0.1437394957385869,0.7452852730998832,0.7745966692414833,0.9931306010252356,1.2909944487358058,0.18556689106259974,0.9621591502964986,1.2821260927932336,0.14588270170286624,True,True,true,
6,255,2879920915,haar,identified_unknot,false,0_1,0_1,1,"{""2"": ""1"", ""3"": ""1"", ""4"": ""1""}",0,0,----,----,0,0,0.5473955253014845,0.9354276986517317,0.980053785593097,1.3366755891703845,2.441882564593846,0.5473955253014845,1.0631378352248277,1.0954451150103324,0.2640794261457483,1.3963878562452654,2.5509668817190065,0.387067087931852,0.751751972623462,0.7745966692414834,0.987395322317573,1.2909944487358056,0.49970146180835484,0.9705076234830806,1.2747218798196882,0.4642396779776889,True,True,true,
6,256,2195221757,haar,identified_unknot,false,0_1,0_1,1,"{""2"": ""1"", ""3"": ""1"", ""4"": ""1""}",0,0,----,----,0,0,0.4614005587682202,0.9372822911212623,0.9802175086508116,1.2906675404468553,2.7972821357054505,0.4614005587682202,1.068153178338476,1.0954451150103321,0.2429995629737069,1.3720466561498934,2.9736562517669745,0.32625946394827066,0.7552983557490999,0.7745966692414833,0.9701834946679169,1.2909944487358058,0.4211991568047372,0.9750859844113696,1.2525015058713849,0.3387686850181753,True,True,true,
6,257,2940920860,haar,identified_unknot,false,0_1,0_1,1,"{""2"": ""1"", ""3"": ""1"", ""4"": ""1""}",0,0,"1-c,2+c,2-c,1+c",----,2,0,0.998594997005175,1.1229492697198775,1.1287007118139216,1.3302809161773088,1.3321525945622328,0.1984118067357494,1.0525247508948963,1.0954451150103321,0.30363077701978175,1.4047855413317538,7.08015094687731,0.1402983340103231,0.7442473887244628,0.7745966692414833,0.9933333823884981,1.2909944487358058,0.18112437037420903,0.9608192473294009,1.2823878824075126,0.02156832789045436,True,True,true,
6,258,3192479591,haar,identified_unknot,false,0_1,0_1,1,"{""2"": ""1"", ""3"": ""1"", ""4"": ""1""}",0,0,"1-c,1+c",----,1,0,0.5547954314267496,1.000004806439282,1.0395395813189574,1.3704189854406756,2.470133868832361,0.5547954314267496,1.073225967356283,1.0954451150103321,0.21951314992995344,1.3704189854406756,2.470133868832361,0.39229961173317085,0.75888535926312,0.7745966692414833,0.9690325576718902,1.2909944487358058,0.5064566209887356,0.9797167860355657,1.2510156525986698,0.3746214718571816,True,True,true,
6,259,3619752487,haar,identified_unknot,false,0_1,0_1,1,"{""2"": ""1"", ""3"": ""1"", ""4"": ""1""}",0,0,"1+a,2-a,2+a,1-a",----,2,0,0.6101852680549544,1.0709503120857187,1.094900404210514,1.317420094486473,2.159049330518782,0.5838717776495782,1.0653313931986437,1.0954451150103321,0.25508630434705126,1.3598432501370212,2.3290100706891113,0.4128596933194608,0.753303052341673,0.7745966692414833,0.9615543835226422,1.2909944487358058,0.5329995721821912,0.9725100587888382,1.241361371285311,0.25570617407283686,True,True,true,
6,260,1500187786,haar,identified_unknot,false,0_1,0_1,1,"{""2"": ""1"", ""3"": ""1"", ""4"": ""1""}",0,0,"1+a,2+c,2-c,1-a",----,2,0,0.8432643893759589,1.1480522710927559,1.1644867255773867,1.3915822142005498,1.6502323965445318,0.28203214844445007,1.0610903456786902,1.0954451150103324,0.27218978362068896,1.3915822142005498,4.934126204674997,0.19942684467768163,0.7503041788809797,0.7745966692414834,0.9839972202397994,1.2909944487358056,0.2574589494077847,0.9686385297986215,1.270334948901045,0.25609025226687593,True,True,true,
6,261,3367429073,haar,identified_unknot,false,0_1,0_1,1,"{""2"": ""1"", ""3"": ""1"", ""4"": ""1""}",0,0,"1+a,1-a",----,1,0,0.8937308966318904,1.083776029227426,1.095541895089265,1.3557614026210467,1.5169682593836267,0.08432492978481539,1.0460066642509924,1.0954451150103321,0.32537679441304956,1.4078717958986893,16.695795650128233,0.059626729673922435,0.7396384054581969,0.7745966692414833,0.9955156939212461,1.2909944487358058,0.0769777770053044,0.9548690755183353,1.2852052344817022,0.07015360903475153,True,True,true,
6,262,3983516036,haar,identified_unknot,false,0_1,0_1,1,"{""2"": ""1"", ""3"": ""1"", ""4"": ""1""}",0,0,"1-a,2-c,2+c,3-c,3+c,1+a",----,3,0,0.40526600951581,0.9263811210656395,0.9966441406027028,1.3447588314950452,3.3182127292187436,0.40526600951581,1.0573684104822754,1.0954451150103321,0.2863076047089674,1.3550687179712846,3.343652529829106,0.2865663435130411,0.7476723732644578,0.7745966692414833,0.9581782794512566,1.2909944487358058,0.3699555586698541,0.9652408833575404,1.237002839670798,0.33326349975648106,True,True,true,
6,263,3268463243,haar,identified_unknot,false,0_1,0_1,1,"{""2"": ""1"", ""3"": ""1"", ""4"": ""1""}",0,0,----,----,0,0,0.5670327484523263,1.020532187122397,1.055232453697741,1.3595292838028423,2.3976203976112074,0.3693013076682986,1.0541445433082175,1.0954451150103324,0.29795852364634545,1.3595292838028423,3.6813551849752804,0.26113545895331347,0.7453927549240368,0.7745966692414834,0.96133237579868,1.2909944487358056,0.3371244278768045,0.9622979087348202,1.2410747605460992,0.0714960131823173,True,True,true,
6,264,1645503541,haar,identified_unknot,false,0_1,0_1,1,"{""2"": ""1"", ""3"": ""1"", ""4"": ""1""}",0,0,"1+a,2-a,3-c,3+c,2+a,1-a",----,3,0,0.967315967392453,1.143253463795702,1.1583983895168601,1.4130387446514197,1.4607830246620244,0.7090965882832521,1.0789362623265732,1.0954451150103321,0.189463827251441,1.4130387446514197,1.9927309875688959,0.5014070060913328,0.7629231475591877,0.7745966692414833,0.9991692784223452,1.2909944487358058,0.6473136614211511,0.9849295483109594,1.2899219917906084,0.1379337805395634,True,True,true,
6,265,2485279349,haar,identified_nontrivial,true,3_1,3_1,3,"{""2"": ""3"", ""3"": ""2"", ""4"": ""1""}",1,-1,"1+c,2+a,3-a,4+a,5-a,6+a,7+c,3+a,2-a,1-c,4-a,7-c,6-a,5+a","3-a,4+a,5-a,3+a,4-a,5+a",7,3,1.1539980084689023,1.2762083213632724,1.278051221735429,1.3426838622005328,1.1635062212819367,0.7431611727122095,1.0764197562082933,1.0954451150103321,0.20327446579557917,1.3426838622005328,1.806719607404045,0.5254943047393503,0.7611437090180545,0.7745966692414833,0.9494208639517406,1.2909944487358058,0.6784102302607832,0.9826323030324898,1.2256970648756498,0.04158835904847004,True,True,true,
6,266,1398631340,haar,identified_unknot,false,0_1,0_1,1,"{""2"": ""1"", ""3"": ""1"", ""4"": ""1""}",0,0,"1-a,2+a,2-a,1+a",----,2,0,0.8570410139009961,1.135938246745959,1.1526685739569484,1.4047052590017854,1.639017545505768,0.7902545259980492,1.0786812039805567,1.0954451150103321,0.19091060782224065,1.4047052590017854,1.7775352279415517,0.5587943341965814,0.7627427940731211,0.7745966692414833,0.993276614208568,1.2909944487358058,0.7214003834328072,0.984696712961637,1.282314595002358,0.18952703602702953,True,True,true,
6,267,1741885942,haar,identified_unknot,false,0_1,0_1,1,"{""2"": ""1"", ""3"": ""1"", ""4"": ""1""}",0,0,"1-a,2-c,2+c,1+a",----,2,0,0.48965572930925455,1.0655022116689252,1.1212235815815967,1.4017487570973346,2.8627230790799643,0.48965572930925455,1.0513368223123505,1.0954451150103321,0.30771884253351944,1.4017487570973346,2.8627230790799643,0.3462388866414184,0.7434073963681793,0.7745966692414833,0.9911860516633398,1.2909944487358058,0.4469924805905371,0.9597348218604587,1.2796156903617333,0.1345256008878395,True,True,true,
6,268,3851410284,haar,identified_unknot,false,0_1,0_1,1,"{""2"": ""1"", ""3"": ""1"", ""4"": ""1""}",0,0,"1+a,2-a,3-c,1-a,2+a,3+c",----,3,0,0.8367518290114373,1.049358586384743,1.0583596281949161,1.27606781885703,1.5250254312137128,0.6694276810994207,1.07400294229196,1.0954451150103321,0.21567957703086424,1.3658583673804399,2.040337449352633,0.473356852819386,0.7594347635089491,0.7745966692414833,0.9658077137150957,1.2909944487358058,0.6111010692608791,0.9804260638670431,1.2468523969524088,0.22746698195197404,True,True,true,
6,269,1037596292,haar,identified_unknot,false,0_1,0_1,1,"{""2"": ""1"", ""3"": ""1"", ""4"": ""1""}",0,0,"1-c,1+c",----,1,0,0.4689940737196526,1.0886998528400063,1.1293322389042024,1.3887201826389437,2.9610612595268515,0.2540778203748123,1.0399551957833537,1.095445115010332,0.3442283991236144,1.3934035408658945,5.484160478117939,0.17966014973612732,0.7353593710685931,0.7745966692414831,0.9852850926756205,1.290994448735806,0.23194025596838405,0.9493448658754073,1.2719975850663703,0.20971955283844168,True,True,true,
6,270,1787301608,haar,identified_unknot,false,0_1,0_1,1,"{""2"": ""1"", ""3"": ""1"", ""4"": ""1""}",0,0,"1+c,1-c,2+c,2-c",----,2,0,0.8113699313528339,1.1457753026399191,1.1568287629405025,1.3160635728430952,1.6220265528558135,0.54039990434334,1.0556591856923123,1.095445115010332,0.29254689139254925,1.361616244165822,2.5196456054528222,0.38212043691373726,0.7464637688249027,0.7745966692414831,0.9628080796234104,1.290994448735806,0.4933153628041356,0.9636805817353573,1.2429798859918049,0.02629687214358927,True,True,true,
6,271,4215584570,haar,identified_unknot,false,0_1,0_1,1,"{""2"": ""1"", ""3"": ""1"", ""4"": ""1""}",0,0,"1-a,2-c,3-a,3+a,2+c,1+a",----,3,0,0.8119094337985621,1.140631012903305,1.1553383394501275,1.3109561793380595,1.6146581438334573,0.6999709256402878,1.0727535474979921,1.0954451150103321,0.22181033864649452,1.402168014158445,2.0031803647784843,0.4949541881536721,0.7585513079777553,0.7745966692414833,0.9914825111743113,1.2909944487358058,0.6389831092849282,0.9792855276805669,1.2799984179446724,0.033057410833853634,True,True,true,
6,272,2923168491,haar,identified_unknot,false,0_1,0_1,1,"{""2"": ""1"", ""3"": ""1"", ""4"": ""1""}",0,0,"1+a,2+c,2-c,1-a",----,2,0,0.48629089244255347,1.025366961588489,1.0598635858154783,1.2883462246845145,2.649332415446603,0.48629089244255347,1.0649751531639604,1.0954451150103321,0.25656952886771067,1.4028117811778107,2.88471736357581,0.34385958767538755,0.7530511525974184,0.7745966692414833,0.9919377231992091,1.2909944487358058,0.4439208188335084,0.9721848576173673,1.2805860941418132,0.2813308829774304,True,True,true,
6,273,598269522,haar,identified_unknot,false,0_1,0_1,1,"{""2"": ""1"", ""3"": ""1"", ""4"": ""1""}",0,0,"1+a,1-a",----,1,0,0.28496232285378365,0.9581292359384533,1.0283600786254785,1.2986207569452135,4.557166519208737,0.28496232285378365,1.0519326864360303,1.0954451150103324,0.30567568304900533,1.4032184955035616,4.92422465345906,0.20149879087258069,0.7438287359306992,0.7745966692414834,0.9922253136569533,1.2909944487358056,0.26013382044347866,0.9602787688967044,1.2809573718262701,0.2540602157138986,True,True,true,
6,274,1526757805,haar,identified_unknot,false,0_1,0_1,1,"{""2"": ""1"", ""3"": ""1"", ""4"": ""1""}",0,0,----,----,0,0,0.3376576755806835,1.0535856942998605,1.115410428838254,1.3930223773738621,4.125546309522583,0.3376576755806835,1.0591240475118178,1.0954451150103324,0.2797431893401249,1.3930223773738621,4.125546309522583,0.2387600321227886,0.7489137961133494,0.7745966692414834,0.9850155693856637,1.2909944487358056,0.3082378760505027,0.9668435533639932,1.2716496319952306,0.0940504276382097,True,True,true,
6,275,244933641,haar,identified_unknot,false,0_1,0_1,1,"{""2"": ""1"", ""3"": ""1"", ""4"": ""1""}",0,0,"1-c,2+c,3+a,3-a,2-c,1+c",----,3,0,0.3955550024263166,1.0211156583507381,1.0672290858488827,1.4068952403966852,3.556762603852443,0.3955550024263166,1.0621793903829089,1.0954451150103321,0.2679084594517164,1.4068952403966852,3.556762603852443,0.2796996245479097,0.751074249776348,0.7745966692414833,0.994825164903574,1.2909944487358058,0.3610906626048405,0.9696326870496753,1.2843137653531966,0.10594043318749864,True,True,true,
6,276,2015854981,haar,identified_unknot,false,0_1,0_1,1,"{""2"": ""1"", ""3"": ""1"", ""4"": ""1""}",0,0,"1+c,2+a,2-a,1-c",----,2,0,0.7617967773116285,1.03188608274269,1.057516164154646,1.3386044950087355,1.7571674426513777,0.548062977589608,1.0679485609940624,1.0954451150103321,0.2438972551520645,1.4024930863015397,2.558999866164528,0.3875390479709026,0.7551536694373168,0.7745966692414833,0.9917123718910684,1.2909944487358058,0.5003107595987945,0.9748991951860497,1.2802951668539884,0.18657618996051986,True,True,true,
6,277,659919239,haar,identified_unknot,false,0_1,0_1,1,"{""2"": ""1"", ""3"": ""1"", ""4"": ""1""}",0,0,"1-c,1+c",----,1,0,0.5889452542806838,1.1275300612822377,1.1546153591199009,1.3294590904552919,2.257355977983123,0.5889452542806838,1.0706224765338097,1.0954451150103324,0.23187822825917034,1.3294590904552919,2.257355977983123,0.416447183049507,0.7570444132477921,0.7745966692414834,0.9400695381710364,1.2909944487358056,0.5376310015085775,0.9773401349493549,1.2136245552044407,0.11188044977945406,True,True,true,
6,278,3632361953,haar,identified_unknot,false,0_1,0_1,1,"{""2"": ""1"", ""3"": ""1"", ""4"": ""1""}",0,0,"1+a,2-a,3+c,4+a,2+a,5+c,6+a,1-a,4-a,3-c,5-c,6-a",----,6,0,0.5623182364131846,1.0875372371942433,1.1202677562932115,1.3422656744986488,2.387021418797395,0.5623182364131846,1.0697277340977962,1.0954451150103321,0.2359715552815527,1.3678129317548604,2.4324534457207396,0.39761903815262295,0.7564117348038716,0.7745966692414833,0.967189799438514,1.2909944487358058,0.5133239709667068,0.9765233505904187,1.248636661949019,0.050020413858311026,True,True,true,
6,279,1935108731,haar,identified_unknot,false,0_1,0_1,1,"{""2"": ""1"", ""3"": ""1"", ""4"": ""1""}",0,0,"1-a,2-c,3-a,1+a,2+c,3+a",----,3,0,0.6019882464442621,1.0161413938132355,1.0481983446888405,1.277001262263424,2.1213059720122978,0.5619311375263637,1.0589051857795395,1.0954451150103321,0.28057050366921826,1.3915790385938944,2.476422724534653,0.3973453179047622,0.7487590374983133,0.7745966692414833,0.983994974746799,1.2909944487358058,0.5129705996462119,0.9666437608510873,1.270332049982047,0.3099334130177928,True,True,true,
6,280,733293637,haar,identified_unknot,false,0_1,0_1,1,"{""2"": ""1"", ""3"": ""1"", ""4"": ""1""}",0,0,"1-a,2-c,3+c,3-c,2+c,1+a",----,3,0,0.6363957357550002,1.0900286028828876,1.127600522017281,1.3708091656465684,2.154020036008385,0.6363957357550002,1.070200490618323,1.0954451150103321,0.2338181128148558,1.3708091656465684,2.154020036008385,0.44999974027056283,0.7567460241453862,0.7745966692414833,0.9693084567413618,1.2909944487358058,0.580947166621851,0.9769549162745856,1.251371836765769,0.271152987879706,True,True,true,
6,281,2470983486,haar,identified_unknot,false,0_1,0_1,1,"{""2"": ""1"", ""3"": ""1"", ""4"": ""1""}",0,0,"1+c,1-c",----,1,0,0.467787005905127,1.0189008093199983,1.055387015664459,1.324461976487112,2.8313355432445024,0.467787005905127,1.0572925568323706,1.0954451150103324,0.286587594405042,1.387022085403784,2.9650718551277784,0.33077536402646684,0.7476187366342324,0.7745966692414834,0.9807727222445223,1.2909944487358056,0.42702915873673397,0.9651716387656701,1.2661721398891823,0.3492741067102163,True,True,true,
6,282,3799409529,haar,identified_unknot,false,0_1,0_1,1,"{""2"": ""1"", ""3"": ""1"", ""4"": ""1""}",0,0,"1-c,2-a,3+a,1+c,2+a,3-a",----,3,0,0.7271604256563876,1.0982069420820808,1.1214024248360943,1.3508387503063572,1.8576901363780798,0.2112048437688065,1.0443891896887698,1.0954451150103324,0.3305317238348464,1.39541189263107,6.6069123592569925,0.1493443772483684,0.7384946782268526,0.7745966692414834,0.986705211827784,1.2909944487358056,0.19280276197754953,0.9533925300118018,1.2738309510083563,0.07820324413617198,True,True,true,
6,283,2321100702,haar,identified_unknot,false,0_1,0_1,1,"{""2"": ""1"", ""3"": ""1"", ""4"": ""1""}",0,0,"1+a,1-a",----,1,0,0.6437033431429855,1.027609910868655,1.0663704970769459,1.3419653894056514,2.0847575264302476,0.6437033431429855,1.067067781714648,1.0954451150103324,0.2477223228265493,1.3852423363668105,2.151988724500235,0.45516699900885615,0.7545308644361142,0.7745966692414834,0.9795142496316681,1.2909944487358056,0.5876180689681691,0.9740951573868519,1.2645474587321015,0.2062485174243191,True,True,true,
6,284,2597811462,haar,identified_unknot,false,0_1,0_1,1,"{""2"": ""1"", ""3"": ""1"", ""4"": ""1""}",0,0,"1-a,1+a",----,1,0,0.5472886151506273,1.0133606177110588,1.045876738174631,1.3340112382504663,2.437491300423477,0.49078363721375506,1.0620089498607734,1.0954451150103324,0.2685833025629428,1.393202354766346,2.8387302451152276,0.3470364379692446,0.750953730127357,0.7745966692414834,0.9851428326203493,1.2909944487358056,0.4480221149273425,0.9694770968518642,1.2718139281247378,0.2670743768766074,True,True,true,
6,285,2592647858,haar,identified_unknot,false,0_1,0_1,1,"{""2"": ""1"", ""3"": ""1"", ""4"": ""1""}",0,0,----,----,0,0,0.32353071361374425,0.9270073459548764,0.9959942645124766,1.4035150932657905,4.338120104854757,0.32353071361374425,1.049538506887431,1.0954451150103321,0.31379758214572234,1.4035150932657905,4.338120104854757,0.22877076151840142,0.7421357953365064,0.7745966692414833,0.9924350399459101,1.2909944487358058,0.2953417831533191,0.9580931919875619,1.2812281273010677,0.10088067825941431,True,True,true,
6,286,2756064517,haar,identified_unknot,false,0_1,0_1,1,"{""2"": ""1"", ""3"": ""1"", ""4"": ""1""}",0,0,----,----,0,0,0.44572526654782907,0.9611624944941616,1.004902049038491,1.405734923875937,3.1538147585023495,0.44572526654782907,1.068250316898252,1.0954451150103321,0.2425721757473098,1.405734923875937,3.1538147585023495,0.31517535852215134,0.7553670430834323,0.7745966692414833,0.9940046972234301,1.2909944487358058,0.4068896382304147,0.9751746593786915,1.2832545461327638,0.39598841651406697,True,True,true,
6,287,2585607489,haar,identified_unknot,false,0_1,0_1,1,"{""2"": ""1"", ""3"": ""1"", ""4"": ""1""}",0,0,"1+c,1-c",----,1,0,0.5581902746044616,0.9985149735788275,1.030415446990381,1.3711985397678468,2.4565073992725686,0.3989792496642536,1.0472522692256956,1.0954451150103321,0.3213451175942011,1.3711985397678468,3.4367665509465186,0.28212093299031427,0.7405191811824893,0.7745966692414833,0.9695837858229363,1.2909944487358058,0.364216558362662,0.956006152088978,1.2517272850816572,0.3263067139528887,True,True,true,
6,288,4249431099,haar,identified_unknot,false,0_1,0_1,1,"{""2"": ""1"", ""3"": ""1"", ""4"": ""1""}",0,0,"1-a,1+a,2-a,2+a",----,2,0,0.614216681749536,1.1255480075874524,1.15273370460632,1.393924946172557,2.2694351807607998,0.2564236469930568,1.0534584001225011,1.0954451150103321,0.3003754304388762,1.393924946172557,5.436023403139182,0.18131889964537592,0.7449075784245518,0.7745966692414833,0.9856537819037081,1.2909944487358058,0.23408169289306496,0.9616715485673283,1.27247356081314,0.0044624030585346895,True,True,true,
6,289,2151243171,haar,identified_unknot,false,0_1,0_1,1,"{""2"": ""1"", ""3"": ""1"", ""4"": ""1""}",0,0,----,----,0,0,0.8807409784447261,1.0771732056368901,1.0866857840607729,1.2556441771731686,1.4256679408632407,0.5699872549624917,1.0607574294869235,1.0954451150103324,0.2734843245750931,1.3822757149281069,2.425099338438836,0.40304185317388347,0.7500687715842146,0.7745966692414834,0.9774165314951473,1.2909944487358056,0.5203247950556752,0.968334620285306,1.261839316262841,0.284369794192156,True,True,true,
6,290,1855098732,haar,identified_unknot,false,0_1,0_1,1,"{""2"": ""1"", ""3"": ""1"", ""4"": ""1""}",0,0,----,----,0,0,0.599974347797701,1.0865164653000094,1.1226460209612006,1.3935399745156167,2.322665926686402,0.5361121929638268,1.0551566799477556,1.0954451150103324,0.294354175716313,1.3935399745156167,2.5993439298808174,0.37908856712151284,0.7461084436053416,0.7745966692414834,0.9853815658345212,1.2909944487358056,0.48940123573308386,0.9632218588494076,1.2721221313789626,0.32568120209110346,True,True,true,
6,291,1274335972,haar,identified_unknot,false,0_1,0_1,1,"{""2"": ""1"", ""3"": ""1"", ""4"": ""1""}",0,0,----,----,0,0,0.9906565236106456,1.1678638996440693,1.1745592918134857,1.3160061296800667,1.3284181735195357,0.452385889760973,1.0651951960958699,1.0954451150103321,0.2556544429777844,1.3558392915675181,2.997085723172981,0.3198851303630939,0.7532067464467238,0.7745966692414833,0.9587231572665565,1.2909944487358058,0.41296992753188383,0.972385728413078,1.2377062739055895,0.16341030595450326,True,True,true,
6,292,2281218325,haar,identified_unknot,false,0_1,0_1,1,"{""2"": ""1"", ""3"": ""1"", ""4"": ""1""}",0,0,"1+a,2+c,3+a,4+c,5+a,1-a,2-c,3-a,4-c,5-a",----,5,0,0.2830898614233099,1.0274601189834647,1.09798048181382,1.412357745692876,4.989079222377906,0.2830898614233099,1.047053722462739,1.0954451150103324,0.3219914630497545,1.412357745692876,4.989079222377906,0.20017476069758244,0.74037878742002,0.7745966692414834,0.9986877394407779,1.2909944487358056,0.2584245048375972,0.955824904520993,1.2893003276385548,0.16665688747854482,True,True,true,
6,293,1012946094,haar,identified_unknot,false,0_1,0_1,1,"{""2"": ""1"", ""3"": ""1"", ""4"": ""1""}",0,0,"1-c,2+c,3-c,4-a,5-c,3+c,2-c,1+c,4+a,5+c",----,5,0,0.9697629891699839,1.1704693830466486,1.1750142528672947,1.2721558736614043,1.3118214325236697,0.4570537608921902,1.0597813393420847,1.0954451150103321,0.2772426965355393,1.3527988124489305,2.9598242662049303,0.3231858136936825,0.7493785716237498,0.7745966692414833,0.9565732138637472,1.2909944487358058,0.4172310913887085,0.9674435759678285,1.2349307089074664,0.01509397727598899,True,True,true,
6,294,3752536123,haar,identified_unknot,false,0_1,0_1,1,"{""2"": ""1"", ""3"": ""1"", ""4"": ""1""}",0,0,"1-a,1+a",----,1,0,0.5612113546928545,1.0991099783584888,1.1386207250187963,1.3892165536193748,2.4753892486364237,0.5612113546928545,1.069651527860238,1.0954451150103321,0.23631675553429962,1.3892165536193748,2.4753892486364237,0.3968363545822062,0.7563578488565256,0.7745966692414833,0.9823244456008648,1.2909944487358058,0.512313530822182,0.9764537841315302,1.2681754061281947,0.23423169697203114,True,True,true,
6,295,2047555567,haar,identified_unknot,false,0_1,0_1,1,"{""2"": ""1"", ""3"": ""1"", ""4"": ""1""}",0,0,----,----,0,0,0.7066481846535185,1.079675060795177,1.0984337167137472,1.3001774449045451,1.8399218637235217,0.35265765421722733,1.0509501574581244,1.095445115010332,0.30903683686373556,1.4084359529164021,3.993776786279094,0.2493666187343421,0.7431339830277096,0.7745966692414831,0.9959146131741249,1.290994448735806,0.3219309204860539,0.9593818467557018,1.2857202370226628,0.24420015472265377,True,True,true,
6,296,776411318,haar,identified_unknot,false,0_1,0_1,1,"{""2"": ""1"", ""3"": ""1"", ""4"": ""1""}",0,0,"1+a,2-a,3-c,1-a,4-c,5-a,2+a,3+c,5+a,4+c",----,5,0,0.8498306214119187,1.1350866440899503,1.1547023465714572,1.4126732468728624,1.662299770424641,0.8498306214119187,1.080082250580554,1.0954451150103321,0.18281775619683333,1.4126732468728624,1.662299770424641,0.6009209952603453,0.7637334836247376,0.7745966692414833,0.9989108324646188,1.2909944487358058,0.7757856690099012,0.9859756876731948,1.2895883394938854,0.11569477621727801,True,True,true,
6,297,1206528134,haar,identified_unknot,false,0_1,0_1,1,"{""2"": ""1"", ""3"": ""1"", ""4"": ""1""}",0,0,"1+a,1-a",----,1,0,0.7202474776566793,1.0671905522209477,1.086837311652586,1.3639759346112361,1.8937600990272445,0.5946104488304977,1.0686713178397595,1.0954451150103321,0.24071064460598976,1.3722571126620362,2.3078254264805524,0.42045308053242153,0.7556647357040582,0.7745966692414833,0.9703323098947979,1.2909944487358058,0.5428025929212249,0.9755589788993491,1.2526936255031758,0.20960188202165644,True,True,true,
6,298,3556215793,haar,identified_unknot,false,0_1,0_1,1,"{""2"": ""1"", ""3"": ""1"", ""4"": ""1""}",0,0,----,----,0,0,0.7242089561340094,1.1321876976541347,1.1524160127211638,1.359322647291249,1.8769757481978953,0.438242088424237,1.05548720065975,1.0954451150103324,0.2931667942374185,1.3881109094532487,3.167452296616244,0.30988395252613254,0.7463421570421154,0.7745966692414834,0.9815426371134177,1.2909944487358056,0.40005846246354704,0.9635235815988776,1.2671660957109256,0.17257825937970708,True,True,true,
6,299,1261119256,haar,identified_unknot,false,0_1,0_1,1,"{""2"": ""1"", ""3"": ""1"", ""4"": ""1""}",0,0,"1+a,1-a",----,1,0,0.2860225930907481,1.0078397115464848,1.0769517397823272,1.4138021441296147,4.942973661108824,0.2860225930907481,1.0614276848326936,1.0954451150103324,0.270871316072243,1.4138021441296147,4.942973661108824,0.20224851514702855,0.7505427136843351,0.7745966692414834,0.9997090833701311,1.2909944487358056,0.26110171031987334,0.9689464769055837,1.2906188769815998,0.10390676009806722,True,True,true,
6,300,153915923,haar,identified_unknot,false,0_1,0_1,1,"{""2"": ""1"", ""3"": ""1"", ""4"": ""1""}",0,0,----,----,0,0,0.13384242816580935,1.053913550907304,1.1442325179538266,1.4077313422501327,10.517825786201211,0.13384242816580935,1.0329929926827635,1.0954451150103321,0.3645894637373773,1.4135214922908272,10.56108673207647,0.09464088856651716,0.7304363500441676,0.7745966692414833,0.9995106325517721,1.2909944487358058,0.12218086176279763,0.9429892730618642,1.2903626780767514,0.0757594785707589,True,True,true,
6,301,1149100624,haar,identified_unknot,false,0_1,0_1,1,"{""2"": ""1"", ""3"": ""1"", ""4"": ""1""}",0,0,"1-a,1+a",----,1,0,0.8312310969672025,1.0089326925642528,1.0195904140239094,1.2717287955578056,1.5299340943785498,0.4392479193918166,1.0714324528818262,1.0954451150103321,0.22810633246719203,1.3771275790230468,3.1351943133386264,0.3105951824240355,0.7576171530160754,0.7745966692414833,0.9737762496862095,1.2909944487358058,0.40097665631351476,0.9780795388107789,1.2571397326556684,0.3731658988321825,True,True,true,
6,302,930142425,haar,identified_unknot,false,0_1,0_1,1,"{""2"": ""1"", ""3"": ""1"", ""4"": ""1""}",0,0,"1+a,1-a",----,1,0,0.9336816328199679,1.1341878196408912,1.1425027059386172,1.3814228444457368,1.479543771546058,0.2758178471243448,1.056548746467495,1.0954451150103321,0.28931772558549684,1.4100729679044708,5.1123340371400205,0.19503267007389868,0.747092783281312,0.7745966692414833,0.9970721575730922,1.2909944487358058,0.25178609438752514,0.9644926359067563,1.2872146204158947,0.08068984129779855,True,True,true,
6,303,2617231910,haar,identified_unknot,false,0_1,0_1,1,"{""2"": ""1"", ""3"": ""1"", ""4"": ""1""}",0,0,----,----,0,0,0.6554894334335889,1.046986660824553,1.0754010298293586,1.4076735271508873,2.1475152082577487,0.37992890851507494,1.0550324757429037,1.0954451150103321,0.2947990419384008,1.4076735271508873,3.7050971789766645,0.2686503075798129,0.7460206179698389,0.7745966692414833,0.995375496745178,1.2909944487358058,0.3468260557367052,0.9631084764415174,1.28502424070567,0.1972823891655426,True,True,true,
6,304,1502853223,haar,identified_unknot,false,0_1,0_1,1,"{""2"": ""1"", ""3"": ""1"", ""4"": ""1""}",0,0,----,----,0,0,0.23647110608489755,0.9155277219267953,0.9874638438646157,1.3787252064611,5.830417209475528,0.23647110608489755,1.0550458952701485,1.0954451150103321,0.29475101165833384,1.4056032100211726,5.944080159698389,0.1672103226673145,0.746030107008554,0.7745966692414833,0.9939115614635501,1.2909944487358058,0.2158675983348259,0.9631207267378222,1.2831343083837798,0.22800403174195766,True,True,true,
6,305,490967478,haar,identified_unknot,false,0_1,0_1,1,"{""2"": ""1"", ""3"": ""1"", ""4"": ""1""}",0,0,----,----,0,0,0.8320302604160692,1.0781855101622422,1.094003106110692,1.3376077581624897,1.6076431613119442,0.6141126409779069,1.0659046126588159,1.0954451150103321,0.252680344927458,1.4056574473257781,2.288924463576296,0.43424321284785755,0.7537083797090689,0.7745966692414833,0.9939499130294299,1.2909944487358058,0.560605577187785,0.9730333341700669,1.283183820042431,0.13756059867767187,True,True,true,
6,306,920548948,haar,identified_unknot,false,0_1,0_1,1,"{""2"": ""1"", ""3"": ""1"", ""4"": ""1""}",0,0,"1+c,2+a,2-a,1-c",----,2,0,0.5047798875602503,0.9350967236981874,0.9860828218677921,1.2902094297521236,2.555984225100737,0.5047798875602503,1.0599885285507429,1.0954451150103321,0.27644948786501783,1.358782392219244,2.6918314808195687,0.3569332815004359,0.7495250765181806,0.7745966692414833,0.9608042436951064,1.2909944487358058,0.4607988849861175,0.967632712973251,1.2403929449321867,0.4547621982956274,True,True,true,
6,307,2022531933,haar,identified_unknot,false,0_1,0_1,1,"{""2"": ""1"", ""3"": ""1"", ""4"": ""1""}",0,0,"1-c,2-a,2+a,1+c",----,2,0,0.782788714112972,1.0344266221829455,1.0498742678593382,1.3513782217761323,1.7263639567254945,0.594002443850737,1.0734834960236823,1.0954451150103321,0.2182502778114441,1.3767030539344063,2.3176723735506197,0.42002315608823754,0.759067459530188,0.7745966692414833,0.9734760651172479,1.2909944487358058,0.5422475628504075,0.9799518764694636,1.2567521960435428,0.03739557368447267,True,True,true,
6,308,3825131272,haar,identified_unknot,false,0_1,0_1,1,"{""2"": ""1"", ""3"": ""1"", ""4"": ""1""}",0,0,----,----,0,0,0.24091041012472644,0.9433861734573776,1.0177924875952762,1.3419373602609945,5.570275520955005,0.24091041012472644,1.0531884854400448,1.0954451150103321,0.3013204509098324,1.4008950415507617,5.815004178630043,0.17034938465762636,0.7447167199222451,0.7745966692414833,0.9905823836111538,1.2909944487358058,0.21992010993855607,0.961425151300356,1.278836358257482,0.24088952725490184,True,True,true,
6,309,767305992,haar,identified_unknot,false,0_1,0_1,1,"{""2"": ""1"", ""3"": ""1"", ""4"": ""1""}",0,0,"1+c,2-c,3-a,4+a,5+c,6+a,7+c,3+a,2+c,1-c,4-a,7-c,6-a,5-c",----,7,0,0.7921550291118069,1.1673472724660041,1.1807657622261662,1.3632933244121923,1.7209930812921386,0.2652256039247324,1.0536170904272923,1.0954451150103321,0.2998183229216102,1.4083006860107337,5.30982177124344,0.18754282307947565,0.7450197894151782,0.7745966692414833,0.9958189650278565,1.2909944487358058,0.24211674349584442,0.9618164123333143,1.2855967557967984,0.03840095566448372,True,True,true,
6,310,4203834681,haar,identified_unknot,false,0_1,0_1,1,"{""2"": ""1"", ""3"": ""1"", ""4"": ""1""}",0,0,"1-a,1+a",----,1,0,0.5790857228157927,1.079262169420535,1.1100066203634307,1.332102117357595,2.3003539283964303,0.5790857228157927,1.0657220365131332,1.0954451150103324,0.25344928662416855,1.3384709062163642,2.3113519354407086,0.40947544149136045,0.7535792788783738,0.7745966692414834,0.9464418542064945,1.2909944487358056,0.5286305218589895,0.972866665714312,1.221851179831807,0.07579659495245641,True,True,true,
6,311,999256847,haar,identified_unknot,false,0_1,0_1,1,"{""2"": ""1"", ""3"": ""1"", ""4"": ""1""}",0,0,"1+a,2-a,3-c,3+c,2+a,1-a",----,3,0,0.751295128581147,1.0974023184082522,1.1224375080541955,1.4016246058186619,1.8656111992442836,0.5046381937718143,1.0652003491738655,1.0954451150103321,0.25563297150382314,1.4016246058186619,2.777484191877169,0.35683308886178083,0.7532103902231185,0.7745966692414833,0.9910982634522975,1.2909944487358058,0.4606695368458096,0.9723904325081761,1.2795023562686132,0.0014133379933356956,True,True,true,
6,312,528318019,haar,identified_unknot,false,0_1,0_1,1,"{""2"": ""1"", ""3"": ""1"", ""4"": ""1""}",0,0,"1+a,1-a,2-a,2+a",----,2,0,0.648943400138284,1.085683619182739,1.1194761781604314,1.3900075054214773,2.1419549149051815,0.648943400138284,1.0754717592046708,1.0954451150103324,0.2082318303074988,1.3900075054214773,2.1419549149051815,0.4588722788440357,0.7604733739082484,0.7745966692414834,0.9828837329837232,1.2909944487358056,0.5924015646663987,0.9817669041269372,1.2688974430347126,0.17288751911138814,True,True,true,
6,313,362066718,haar,identified_unknot,false,0_1,0_1,1,"{""2"": ""1"", ""3"": ""1"", ""4"": ""1""}",0,0,----,----,0,0,0.29749431531748505,0.9452270148084025,1.0139923969393363,1.3236982184769572,4.44949079804873,0.29749431531748505,1.0517317862075997,1.0954451150103324,0.3063662022491583,1.4077027733759935,4.731864445455696,0.21036024772544265,0.7436866780168339,0.7745966692414834,0.9953961769492746,1.2909944487358056,0.27157391204823533,0.9600953729185052,1.2850509387343572,0.2967135555340095,True,True,true,
6,314,1803087829,haar,identified_unknot,false,0_1,0_1,1,"{""2"": ""1"", ""3"": ""1"", ""4"": ""1""}",0,0,----,----,0,0,0.45787012803979965,0.96906675052593,1.012961971815379,1.3571192557141492,2.9639829563115407,0.45787012803979965,1.0636104183526476,1.0954451150103321,0.26216955958254556,1.4055475651035378,3.069751615203346,0.3237630724396951,0.7520861393578178,0.7745966692414833,0.9938722145649519,1.2909944487358058,0.41797632922529493,0.9709390308820863,1.2830835117561146,0.39198637483028587,True,True,true,
6,315,2908339797,haar,identified_unknot,false,0_1,0_1,1,"{""2"": ""1"", ""3"": ""1"", ""4"": ""1""}",0,0,"1+c,1-c",----,1,0,0.6489884183033071,1.0663367899840204,1.0966487303858865,1.3776481800956968,2.12276235020861,0.6489884183033071,1.073518326498506,1.0954451150103321,0.21807889093593275,1.3776481800956968,2.12276235020861,0.4589041114938001,0.7590920883951277,0.7745966692414833,0.9741443702349732,1.2909944487358058,0.5924426604405333,0.9799836721973797,1.257614974240588,0.2562787821069063,True,True,true,
6,316,1355417064,haar,identified_unknot,false,0_1,0_1,1,"{""2"": ""1"", ""3"": ""1"", ""4"": ""1""}",0,0,"1+c,2+a,2-a,1-c",----,2,0,0.6772860487817625,0.9372147593891983,0.9731373313109042,1.326428705255243,1.9584468152578907,0.6549437066925351,1.0642521722134952,1.0954451150103324,0.2595521410793166,1.3416251701461412,2.0484587552132485,0.46311513629774476,0.7525399278646758,0.7745966692414834,0.948672255620892,1.2909944487358056,0.5978790700859145,0.97152486932534,1.2247306156762467,0.559734586693779,True,True,true,
6,317,1139609092,haar,identified_unknot,false,0_1,0_1,1,"{""2"": ""1"", ""3"": ""1"", ""4"": ""1""}",0,0,"1-a,1+a,2+c,3+a,3-a,2-c",----,3,0,0.710733790876457,1.0428220122012821,1.0653056110997248,1.275959232457601,1.7952702528525113,0.17794448467890533,1.0435916334723216,1.0954451150103324,0.3330412925547999,1.4134517380086644,7.943217462228117,0.12582575179119967,0.7379307208178246,0.7745966692414834,0.999461308825838,1.2909944487358056,0.1624403470704481,0.9526644641274228,1.2902990014203792,0.1647878202407787,True,True,true,
6,318,3812765023,haar,identified_unknot,false,0_1,0_1,1,"{""2"": ""1"", ""3"": ""1"", ""4"": ""1""}",0,0,"1-a,2-c,3-a,4-c,5+c,1+a,2+c,3+a,4+c,5-c",----,5,0,0.9524630657891046,1.1436677331445202,1.153200001130403,1.4011237798069622,1.471053135951416,0.4017226715327237,1.0667865780683239,1.095445115010332,0.24893050607202621,1.4011237798069622,3.487788663908726,0.2840608251971649,0.754332023430904,0.7745966692414831,0.9907441259832299,1.290994448735806,0.3667209484328521,0.9738384547529453,1.279045166761958,0.053675299017488416,True,True,true,
6,319,480305537,haar,identified_unknot,false,0_1,0_1,1,"{""2"": ""1"", ""3"": ""1"", ""4"": ""1""}",0,0,"1-c,2-a,3-c,3+c,2+a,1+c",----,3,0,0.8903999117560776,1.0719649866245218,1.0800933719876535,1.250469603746651,1.4043909789708215,0.5973392825770848,1.0702935316439537,1.0954451150103324,0.23339185101694032,1.3921110464250956,2.3305198352586967,0.4223826573793639,0.7568118140855383,0.7745966692414834,0.9843711610918857,1.2909944487358056,0.5452936659190366,0.9770398507221042,1.2708177044652438,0.37124805026555313,True,True,true,
6,320,3548746833,haar,identified_unknot,false,0_1,0_1,1,"{""2"": ""1"", ""3"": ""1"", ""4"": ""1""}",0,0,----,----,0,0,0.5864324038273075,1.0462130406076802,1.0707632406641376,1.3083693752696703,2.231065962130835,0.4005148525042209,1.0618552345745709,1.0954451150103321,0.26919038022667746,1.4042422519378148,3.5060928281630104,0.28320676817166446,0.7508450370061112,0.7745966692414833,0.9929492187738971,1.2909944487358058,0.36561836555402716,0.9693367746357201,1.2818919293136564,0.33645823998384894,True,True,true,
6,321,1728789376,haar,identified_unknot,false,0_1,0_1,1,"{""2"": ""1"", ""3"": ""1"", ""4"": ""1""}",0,0,----,----,0,0,0.8024986641346635,1.0165622416132158,1.0349561018095428,1.317446241873941,1.6416802927573055,0.5791475494453365,1.070485028213105,1.0954451150103321,0.23251194457831031,1.381887669230078,2.386071857773628,0.40951915952036877,0.7569472226081592,0.7745966692414833,0.9771421417506609,1.2909944487358058,0.528686961591749,0.9772146623731197,1.2614850806259192,0.2051226906321829,True,True,true,
6,322,1287846722,haar,identified_unknot,false,0_1,0_1,1,"{""2"": ""1"", ""3"": ""1"", ""4"": ""1""}",0,0,"1-c,1+c",----,1,0,0.5928501424659421,1.0750245856798193,1.1070529212945583,1.3154320695798352,2.2188272808847365,0.42483391475594773,1.0555454132597337,1.0954451150103324,0.2929571309020113,1.400770487606978,3.29721907539249,0.3004029420019583,0.7463833195663143,0.7745966692414834,0.9904943106728807,1.2909944487358056,0.3878185305084323,0.9635767221891146,1.2787226565830874,0.30588697818580896,True,True,true,
6,323,1708747614,haar,identified_unknot,false,0_1,0_1,1,"{""2"": ""1"", ""3"": ""1"", ""4"": ""1""}",0,0,"1+c,2+a,2-a,1-c",----,2,0,0.9596365231882429,1.1302577772193405,1.1420850894946222,1.3780573285662734,1.4360200922614872,0.5422937833197867,1.0691890219614033,1.095445115010332,0.23840057742635115,1.3918069769924355,2.5665184071853853,0.38345961158072944,0.7560308077991207,0.7745966692414831,0.9841561515341002,1.290994448735806,0.4950442298651101,0.9760315759419119,1.2705401283197182,0.19707714508968768,True,True,true,
6,324,1449350328,haar,identified_unknot,false,0_1,0_1,1,"{""2"": ""1"", ""3"": ""1"", ""4"": ""1""}",0,0,"1-a,2-c,3-c,3+c,4+c,1+a,2+c,4-c",----,4,0,0.8647877731062905,1.0964381440044042,1.1105297788657487,1.301452213703673,1.5049382682977785,0.49818284977116284,1.0560090298426594,1.0954451150103321,0.29128152857804906,1.3779943633676817,2.7660413520872,0.3522684713440283,0.7467111459959717,0.7745966692414833,0.974389158774127,1.2909944487358058,0.4547766409697888,0.9639999442899513,1.2579309948857498,0.2582051630361151,True,True,true,
6,325,3203759671,haar,identified_unknot,false,0_1,0_1,1,"{""2"": ""1"", ""3"": ""1"", ""4"": ""1""}",0,0,"1+a,1-a",----,1,0,0.5179878518942683,1.0119028169365554,1.0412992812553372,1.2366277083118749,2.3873681666269952,0.5179878518942683,1.0575704367679164,1.0954451150103321,0.2855604511736856,1.4036353682183444,2.7097843377702504,0.36627272264669014,0.7478152274210125,0.7745966692414833,0.9925200871804679,1.2909944487358058,0.47285605166022643,0.9654253072806311,1.281337922808762,0.34701209180322445,True,True,true,
6,326,2976910542,haar,identified_unknot,false,0_1,0_1,1,"{""2"": ""1"", ""3"": ""1"", ""4"": ""1""}",0,0,"1+a,2+c,2-c,1-a",----,2,0,0.7024154358904754,1.0994030389174043,1.1199755339827615,1.352713413502951,1.925802515697952,0.40023518805277725,1.0577353121416577,1.095445115010332,0.2849491348444304,1.352713413502951,3.3797963144724164,0.28300901554159186,0.7479318119158357,0.7745966692414831,0.956512827689939,1.290994448735806,0.3653630680063805,0.965575817216257,1.2348527506922997,0.14817320961128813,True,True,true,
6,327,4103716188,haar,identified_unknot,false,0_1,0_1,1,"{""2"": ""1"", ""3"": ""1"", ""4"": ""1""}",0,0,"1+a,1-a",----,1,0,0.39008965996866257,0.9936911595390189,1.04491549100383,1.2728629277035073,3.2630009413880936,0.39008965996866257,1.0525634030692392,1.0954451150103321,0.30349675866358433,1.3929298358571354,3.570794047627499,0.2758350438345958,0.7442747199390484,0.7745966692414833,0.9849501326516449,1.2909944487358058,0.35610151035726084,0.960854531775708,1.271565153534869,0.370322079319266,True,True,true,
6,328,2285479936,haar,identified_unknot,false,0_1,0_1,1,"{""2"": ""1"", ""3"": ""1"", ""4"": ""1""}",0,0,"1+c,2+a,2-a,1-c",----,2,0,0.5460623762812173,1.0985276915769586,1.145556066558113,1.3830885458279802,2.532839847431096,0.5460623762812173,1.0638174222568881,1.0954451150103324,0.26132832242738263,1.4007301089847872,2.565146711853709,0.3861244092192889,0.7522325132222384,0.7745966692414834,0.9904657586753147,1.2909944487358056,0.49848446882349445,0.9711279987284931,1.2786857961127294,0.21327988399666914,True,True,true,
6,329,3728723254,haar,identified_unknot,false,0_1,0_1,1,"{""2"": ""1"", ""3"": ""1"", ""4"": ""1""}",0,0,----,----,0,0,0.5325390809620365,0.999760110380235,1.0372961924430695,1.3619695992651668,2.5575016894624087,0.47774389102917875,1.0597916443851239,1.0954451150103324,0.27720330173263613,1.3964381241979993,2.922984784148104,0.33781594501717926,0.7493858583895631,0.7745966692414834,0.9874308671278275,1.2909944487358056,0.4361185097116186,0.9674529831420426,1.274767767972408,0.2241981879244421,True,True,true,
6,330,554342494,haar,identified_unknot,false,0_1,0_1,1,"{""2"": ""1"", ""3"": ""1"", ""4"": ""1""}",0,0,----,----,0,0,0.4819140120667847,1.0125744851273148,1.0707189843044866,1.3754766000910779,2.8541950755739,0.4819140120667847,1.0539618282345158,1.0954451150103321,0.2986041939165565,1.408526345338498,2.9227752463510055,0.3407646658812391,0.7452635558563973,0.7745966692414833,0.9959785302687567,1.2909944487358058,0.43992529197799135,0.9621311134557161,1.2858027536370116,0.4079635351231181,True,True,true,
6,331,2824969859,haar,identified_unknot,false,0_1,0_1,1,"{""2"": ""1"", ""3"": ""1"", ""4"": ""1""}",0,0,"1-a,1+a",----,1,0,0.5433076454513238,0.9431515970879345,0.9891457428972851,1.3627399939763676,2.508229003190898,0.5433076454513238,1.0634036197208383,1.0954451150103324,0.2630071131445283,1.4029838890961668,2.5823010238162816,0.3841765203691275,0.7519399106429253,0.7745966692414834,0.9920594218753745,1.2909944487358056,0.4959697551311818,0.9707502504229145,1.280743206457161,0.1774088760006823,True,True,true,
6,332,2642533996,haar,identified_unknot,false,0_1,0_1,1,"{""2"": ""1"", ""3"": ""1"", ""4"": ""1""}",0,0,"1-c,1+c",----,1,0,0.1965206917271025,0.9355889440788169,1.0122134410009493,1.3430907857239243,6.834347945350207,0.1965206917271025,1.0467851418960021,1.0954451150103321,0.3228635419271839,1.4090147213532855,7.169803387980677,0.1389611137637052,0.7401888722799854,0.7745966692414833,0.9963238642605818,1.2909944487358058,0.1793980264590882,0.9555797251294776,1.2862485779034176,0.10536829115979925,True,True,true,
6,333,1101337682,haar,identified_unknot,false,0_1,0_1,1,"{""2"": ""1"", ""3"": ""1"", ""4"": ""1""}",0,0,"1+c,1-c,2-a,2+a",----,2,0,0.5458585187576338,1.0531777410910248,1.086244012875228,1.3348027350122587,2.445327294791058,0.5458585187576338,1.0666071097585381,1.095445115010332,0.2496983648575565,1.3630617298518732,2.4970971103541304,0.38598026018196707,0.7542051201720464,0.7745966692414831,0.9638301923541254,1.290994448735806,0.4982983732165216,0.9736746233502337,1.24429942785314,0.23230360005316117,True,True,true,
6,334,3371359085,haar,identified_unknot,false,0_1,0_1,1,"{""2"": ""1"", ""3"": ""1"", ""4"": ""1""}",0,0,"1-c,2+c,2-c,1+c",----,2,0,0.6661062444724034,1.1018544397256005,1.1298324471837373,1.3580936658819074,2.0388544277311196,0.6011396449205263,1.0652895010617935,1.0954451150103321,0.25526119745765274,1.4038641034808323,2.3353377461345612,0.42506991936337746,0.7532734301276279,0.7745966692414833,0.9926818274356696,1.2909944487358058,0.5487629062226969,0.9724718166749466,1.2815467285803646,0.1939945024563905,True,True,true,
6,335,2221620771,haar,identified_unknot,false,0_1,0_1,1,"{""2"": ""1"", ""3"": ""1"", ""4"": ""1""}",0,0,"1+a,1-a",----,1,0,0.47657517614275624,1.0606368640135646,1.0996143518632926,1.381815750160517,2.8994706802491943,0.323753533660113,1.0413536308300526,1.095445115010332,0.33997443368151387,1.4000113517736603,4.324312188800502,0.22892831908417305,0.7363482139731627,0.7745966692414831,0.9899575205773001,1.290994448735806,0.29554518909608674,0.9506214565758787,1.278029663549557,0.009512394403564247,True,True,true,
6,336,3568463674,haar,identified_unknot,false,0_1,0_1,1,"{""2"": ""1"", ""3"": ""1"", ""4"": ""1""}",0,0,----,----,0,0,0.45910468674487354,1.0663668953370176,1.125892397951778,1.4126393043852383,3.07694376722895,0.45910468674487354,1.0572548132685273,1.0954451150103321,0.28672680345676,1.4126393043852383,3.07694376722895,0.3246360372718257,0.7475920479042927,0.7745966692414833,0.9988868315014493,1.2909944487358058,0.41910332197751715,0.9651371837634741,1.2895573543836694,0.2668664149741672,True,True,true,
6,337,2500431567,haar,identified_unknot,false,0_1,0_1,1,"{""2"": ""1"", ""3"": ""1"", ""4"": ""1""}",0,0,----,----,0,0,0.18275054525610987,0.9723145874435183,1.050622656915441,1.3352093908346054,7.306185538124765,0.18275054525610987,1.0398953712922807,1.0954451150103324,0.34440908345293403,1.4109007640190876,7.720364183000528,0.12922414981613434,0.7353170687652743,0.7745966692414834,0.9976574978191777,1.2909944487358056,0.16682766005523347,0.9492902538366533,1.2879702914242124,0.1215591311471581,True,True,true,
6,338,1417428434,haar,identified_unknot,false,0_1,0_1,1,"{""2"": ""1"", ""3"": ""1"", ""4"": ""1""}",0,0,"1+a,1-a",----,1,0,0.6275703635623636,0.9992444398640945,1.0420824549714784,1.3583641561705269,2.164481044738726,0.6275703635623636,1.0720908937794025,1.0954451150103324,0.2249913675572513,1.3583641561705269,2.164481044738726,0.4437592597466543,0.758082741039762,0.7745966692414834,0.9605085061489219,1.2909944487358056,0.5728907409080412,0.9786806103647561,1.2400111494017796,0.11186248093392857,True,True,true,
6,339,2600941262,haar,identified_unknot,false,0_1,0_1,1,"{""2"": ""1"", ""3"": ""1"", ""4"": ""1""}",0,0,"1-c,2-a,2+a,1+c",----,2,0,0.8977458687913971,1.1060506440249356,1.117372365017199,1.352461032902058,1.5065076653851135,0.5750742935801646,1.0658351350164195,1.0954451150103321,0.25297324950383704,1.3977326749421448,2.4305253956675124,0.4066389326765978,0.7536592515969897,0.7745966692414833,0.9883462527376029,1.2909944487358058,0.5249686047253408,0.9729699100500956,1.275949525713081,0.06549852684487584,True,True,true,
6,340,1556314553,haar,identified_unknot,false,0_1,0_1,1,"{""2"": ""1"", ""3"": ""1"", ""4"": ""1""}",0,0,----,----,0,0,0.696287518362341,1.0136308387873292,1.046044590174939,1.3605930526436165,1.954067848069018,0.696287518362341,1.0713666874049939,1.0954451150103321,0.22841501946861922,1.3959512874756936,2.0048489318880116,0.49234962588956405,0.7575706498014392,0.7745966692414833,0.9870866215801545,1.2909944487358058,0.635620633860578,0.9780195034188354,1.2743233488813606,0.45161711451415415,True,True,true,
6,341,2638823105,haar,identified_unknot,false,0_1,0_1,1,"{""2"": ""1"", ""3"": ""1"", ""4"": ""1""}",0,0,"1+a,1-a",----,1,0,0.3824794003355266,0.9065893976534873,0.9822180362323236,1.3975560996654948,3.653938221089819,0.3824794003355266,1.0465581410021307,1.0954451150103324,0.3235986055318605,1.3975560996654948,3.653938221089819,0.2704537776414151,0.7400283584085936,0.7745966692414834,0.9882213951620937,1.2909944487358056,0.3491543255746948,0.9553725026125653,1.2757883352762158,0.29544775667807693,True,True,true,
6,342,3139806056,haar,identified_unknot,false,0_1,0_1,1,"{""2"": ""1"", ""3"": ""1"", ""4"": ""1""}",0,0,----,----,0,0,0.49039449203986596,1.0128851329834185,1.0501235796352004,1.372223290808003,2.7982029021167105,0.2056014362203446,1.0376244500118874,1.0954451150103324,0.3511915442283999,1.392296865578076,6.771824609658569,0.14538216977309912,0.7337112849283673,0.7745966692414834,0.9845025550750326,1.2909944487358056,0.18768757412223738,0.9472171958173374,1.2709873333680837,0.20559530294438175,True,True,true,
6,343,1516067782,haar,identified_unknot,false,0_1,0_1,1,"{""2"": ""1"", ""3"": ""1"", ""4"": ""1""}",0,0,"1+a,1-a",----,1,0,0.6439932647954045,1.045455910410771,1.0877479608418785,1.3503065012693167,2.0967711544286205,0.6439932647954045,1.0706406858862818,1.0954451150103321,0.23179413651978323,1.3605467797183721,2.1126723742221363,0.4553720045752944,0.7570572892044062,0.7745966692414833,0.9620518540603807,1.2909944487358058,0.5878827300164011,0.9773567577378657,1.242003602987941,0.11018558739902082,True,True,true,
6,344,2891408214,haar,identified_unknot,false,0_1,0_1,1,"{""2"": ""1"", ""3"": ""1"", ""4"": ""1""}",0,0,"1-a,2-c,2+c,1+a",----,2,0,0.7522480705531907,1.022638299579578,1.0447121455454857,1.3350798507806447,1.7747866734956852,0.5180621374740063,1.0599774141663196,1.0954451150103324,0.27649210017156445,1.3948936086257377,2.69252181876682,0.36632525048386727,0.7495172174615862,0.7745966692414834,0.9863387296930332,1.2909944487358056,0.4729238648064261,0.9676225669748154,1.273357824606832,0.24345609096046858,True,True,true,
6,345,3597802519,haar,identified_unknot,false,0_1,0_1,1,"{""2"": ""1"", ""3"": ""1"", ""4"": ""1""}",0,0,"1+c,2-c,3+a,4+c,5+a,6+c,2+c,1-c,6-c,3-a,4-c,5-a",----,6,0,0.9035116390708137,1.1445336675488944,1.153123476758743,1.3679138652528113,1.5139969493471015,0.5439226118178252,1.0703229069415994,1.0954451150103321,0.2332571003765684,1.3679138652528113,2.5149053110352466,0.38461136725708234,0.7568325855577029,0.7745966692414833,0.9672611701993641,1.2909944487358058,0.49653114004958154,0.9770666665773613,1.2487288012050783,0.2452984562626804,True,True,true,
6,346,1854722976,haar,identified_unknot,false,0_1,0_1,1,"{""2"": ""1"", ""3"": ""1"", ""4"": ""1""}",0,0,"1-a,1+a",----,1,0,0.3859447959442487,1.0325575083618228,1.1073556898198993,1.3384484394935898,3.4679789792707405,0.3859447959442487,1.05663599812851,1.0954451150103321,0.28899890563628017,1.3384484394935898,3.4679789792707405,0.2729041823758366,0.7471544795224856,0.7745966692414833,0.9464259678344698,1.2909944487358058,0.3523177844839889,0.964572285411619,1.2218306706137128,0.04526381171937508,True,True,true,
6,347,465283124,haar,identified_unknot,false,0_1,0_1,1,"{""2"": ""1"", ""3"": ""1"", ""4"": ""1""}",0,0,"1-c,2-a,2+a,1+c",----,2,0,0.6030333890958522,1.1097395675656625,1.1400856470809877,1.4062851383103916,2.332018697039116,0.2145269757245004,1.0427108808241043,1.0954451150103321,0.3357886522963816,1.4062851383103916,6.555283472211762,0.1516934792822361,0.7373079346477222,0.7745966692414833,0.9943937575811397,1.2909944487358058,0.19583543966278677,0.9518604506390715,1.28375682089479,0.0037104014727185075,True,True,true,
6,348,3551324975,haar,identified_unknot,false,0_1,0_1,1,"{""2"": ""1"", ""3"": ""1"", ""4"": ""1""}",0,0,"1-a,2+a,2-a,3-c,3+c,1+a",----,3,0,0.32746359926388946,0.9635972635110507,1.0477382450545396,1.3941030463340767,4.257276379627851,0.32746359926388946,1.0560862770807522,1.0954451150103321,0.29100133223357655,1.3941030463340767,4.257276379627851,0.23155173163125034,0.746765768041855,0.7745966692414833,0.9857797177356492,1.2909944487358058,0.2989320001311073,0.9640704610479653,1.2726361432730726,0.23471711782665822,True,True,true,
6,349,3304602440,haar,identified_unknot,false,0_1,0_1,1,"{""2"": ""1"", ""3"": ""1"", ""4"": ""1""}",0,0,"1+c,2+a,3-a,1-c,2-a,3+a",----,3,0,0.4707175310531491,1.0297909534039593,1.0851571139315455,1.3660249660926493,2.902005716754174,0.4707175310531491,1.055494891444456,1.0954451150103321,0.2931391037283423,1.3660249660926493,2.902005716754174,0.332847558231071,0.7463475952481337,0.7745966692414833,0.9659255167942359,1.2909944487358058,0.4297043499515805,0.9635306022926585,1.2470044800736229,0.16315468268513902,True,True,true,
6,350,1009042389,haar,identified_unknot,false,0_1,0_1,1,"{""2"": ""1"", ""3"": ""1"", ""4"": ""1""}",0,0,"1+c,1-c",----,1,0,0.8584622120635923,1.1658379336478928,1.1814782833684483,1.3483233924936548,1.5706263753328435,0.540229678677072,1.0675241593988452,1.0954451150103321,0.24574818229193282,1.4112416025116477,2.612299283459457,0.38200006919078716,0.7548535721913923,0.7745966692414833,0.9978985070285562,1.2909944487358058,0.49315996874199997,0.9745117713074801,1.2882814329756147,0.2747410441050582,True,True,true,
6,351,1156700725,haar,identified_unknot,false,0_1,0_1,1,"{""2"": ""1"", ""3"": ""1"", ""4"": ""1""}",0,0,"1+c,2+a,3+c,3-c,2-a,1-c",----,3,0,0.777756885809094,1.1275497208457606,1.1488326616889142,1.4105583545493403,1.8136237432111557,0.25233207695259446,1.0498778706658751,1.0954451150103321,0.31266028958933695,1.4105583545493403,5.590087362592198,0.17842572272406526,0.7423757617655333,0.7745966692414833,0.9974153777611768,1.2909944487358058,0.23034661754844238,0.9584029873153184,1.287657715773406,0.0937220398754238,True,True,true,
6,352,970191705,haar,identified_unknot,false,0_1,0_1,1,"{""2"": ""1"", ""3"": ""1"", ""4"": ""1""}",0,0,"1-c,1+c",----,1,0,0.22978656041859788,0.9321139928525044,1.0185387466446214,1.3796099473361207,6.00387570457955,0.22978656041859788,1.0459856046815668,1.0954451150103324,0.32544448804509934,1.399025401531614,6.088369132568221,0.16248363509752287,0.7396235140938472,0.7745966692414834,0.9892603484752367,1.2909944487358056,0.2097654709213163,0.9548498508496258,1.277129618235979,0.22692988645733905,True,True,true,
6,353,2549584747,haar,identified_unknot,false,0_1,0_1,1,"{""2"": ""1"", ""3"": ""1"", ""4"": ""1""}",0,0,"1-a,1+a,2-a,2+a",----,2,0,0.8448249817937549,1.1306612840515544,1.1462323268462653,1.3877876497636747,1.6426924862201484,0.43503672073658395,1.06673777775923,1.0954451150103324,0.24913954624125842,1.4032576653878055,3.22560739932913,0.30761741529799685,0.7542975164014197,0.7745966692414834,0.9922530109477204,1.2909944487358056,0.3971323754841708,0.9737939063694381,1.2809931288748955,0.05239696500707496,True,True,true,
6,354,2782147456,haar,identified_unknot,false,0_1,0_1,1,"{""2"": ""1"", ""3"": ""1"", ""4"": ""1""}",0,0,"1+a,2+c,3-c,1-a,2-c,3+c",----,3,0,0.766848396080917,1.0977703585685294,1.112076784993238,1.3253068265488674,1.728251416214767,0.2314087518201055,1.0532579785574183,1.0954451150103321,0.30107744951281384,1.412950310340389,6.105863755052792,0.1636306976379114,0.7447658589767857,0.7745966692414833,0.9991067459213259,1.2909944487358058,0.21124632229331078,0.9614885895469845,1.2898412626789268,0.004285047780138905,True,True,true,
6,355,1348041991,haar,identified_unknot,false,0_1,0_1,1,"{""2"": ""1"", ""3"": ""1"", ""4"": ""1""}",0,0,"1+c,1-c",----,1,0,0.32949371547757084,1.0416791535150873,1.104936603742561,1.3753555162057673,4.174147947593829,0.32949371547757084,1.0621979854441015,1.0954451150103321,0.2678347246316131,1.3753555162057673,4.174147947593829,0.23298724057254122,0.7510873984702138,0.7745966692414833,0.9725232120514226,1.2909944487358058,0.3007852342054244,0.9696496619404642,1.2555220680251016,0.11710204196999509,True,True,true,
6,356,3970030171,haar,identified_unknot,false,0_1,0_1,1,"{""2"": ""1"", ""3"": ""1"", ""4"": ""1""}",0,0,"1+c,2+a,3+a,3-a,4+c,1-c,2-a,4-c",----,4,0,1.0188866661262912,1.185129146963823,1.1928753366335416,1.3966487466265582,1.370759666466617,0.30775017171905794,1.0617074961611288,1.0954451150103321,0.26977248302090917,1.3966487466265582,4.538254970988432,0.2176122333338703,0.7507405701721245,0.7745966692414833,0.9875797996753315,1.2909944487358058,0.2809361852110275,0.9692019085329664,1.2749600390644722,0.02736392127859156,True,True,true,
6,357,2776980996,haar,identified_unknot,false,0_1,0_1,1,"{""2"": ""1"", ""3"": ""1"", ""4"": ""1""}",0,0,"1+c,2-c,2+c,1-c",----,2,0,0.3460261911507294,1.0788115944342993,1.133998280447948,1.399371447378595,4.044120020871562,0.3460261911507294,1.0533677460315394,1.0954451150103321,0.3006931851912082,1.399371447378595,4.044120020871562,0.24467746623083328,0.7448434763020905,0.7745966692414833,0.9895050398402384,1.2909944487358058,0.31587725063474836,0.9615887930830785,1.2774455134298501,0.1537255809831427,True,True,true,
6,358,2961187144,haar,identified_unknot,false,0_1,0_1,1,"{""2"": ""1"", ""3"": ""1"", ""4"": ""1""}",0,0,"1-a,2+a,3+c,4+a,5+c,1+a,2-a,3-c,4-a,5-c",----,5,0,0.4610607256354368,1.0537870123161932,1.099933302466424,1.406996123368497,3.051650346989252,0.4610607256354368,1.0691501965591732,1.0954451150103321,0.23857463653431632,1.406996123368497,3.051650346989252,0.3260191656356076,0.7560033540939215,0.7745966692414833,0.9948964999370484,1.2909944487358058,0.4208889330170486,0.9759961333609026,1.2844058584854126,0.2932080205211712,True,True,true,
6,359,1004875441,haar,identified_unknot,false,0_1,0_1,1,"{""2"": ""1"", ""3"": ""1"", ""4"": ""1""}",0,0,"1-a,2-c,3+c,4+a,5+c,3-c,2+c,1+a,4-a,5-c",----,5,0,0.9061192540794966,1.1860793955160345,1.203665923645272,1.3916217442409706,1.5358041868944543,0.4894181204644785,1.0593657514674297,1.0954451150103321,0.27882647761259666,1.3916217442409706,2.8434209647167594,0.3460708718160074,0.7490847066194023,0.7745966692414833,0.9840251721994415,1.2909944487358058,0.44677557438362614,0.9670641978785379,1.2703710347257744,0.03248924429594808,True,True,true,
6,360,4263772253,haar,identified_unknot,false,0_1,0_1,1,"{""2"": ""1"", ""3"": ""1"", ""4"": ""1""}",0,0,"1+a,2+c,3-a,3+a,4+a,5+c,6+a,1-a,2-c,4-a,5-c,6-a",----,6,0,0.8954955091386494,1.1725337333194206,1.186270166152715,1.3896978082258693,1.5518757984197804,0.5566231115351283,1.065420927763455,1.0954451150103321,0.2547120858609949,1.3896978082258693,2.4966584739774427,0.3935919767316452,0.7533663628396018,0.7745966692414833,0.9826647439965944,1.2909944487358058,0.5081250570275064,0.9725917922902105,1.268614729467995,0.01657533251387364,True,True,true,
6,361,468167888,haar,identified_unknot,false,0_1,0_1,1,"{""2"": ""1"", ""3"": ""1"", ""4"": ""1""}",0,0,"1-a,2-c,2+c,1+a",----,2,0,0.7118253435763526,1.1122315089197001,1.1376234237391645,1.3234505829403476,1.859234986339581,0.4073724675385487,1.0607546973708752,1.0954451150103321,0.27349492135252307,1.3988353695356548,3.433799485733007,0.2880558342652045,0.7500668396864298,0.7745966692414833,0.9891259755622516,1.2909944487358058,0.37187848296234033,0.9683321262159905,1.276956143551255,0.3418677202820233,True,True,true,
6,362,379398997,haar,identified_unknot,false,0_1,0_1,1,"{""2"": ""1"", ""3"": ""1"", ""4"": ""1""}",0,0,"1+a,2-a,2+a,1-a",----,2,0,0.4901864459193952,1.0726038489065184,1.1132507973771886,1.3843955315640948,2.824222381276819,0.4901864459193952,1.0592111781009756,1.0954451150103321,0.27941309952459914,1.3843955315640948,2.824222381276819,0.3466141599553372,0.7489754067437917,0.7745966692414833,0.9789154682133264,1.2909944487358058,0.44747695635556495,0.9669230923458774,1.2637744352450166,0.07821793478875247,True,True,true,
6,363,2231644241,haar,identified_unknot,false,0_1,0_1,1,"{""2"": ""1"", ""3"": ""1"", ""4"": ""1""}",0,0,----,----,0,0,0.5899278665198333,1.0001389324363235,1.0342818308702755,1.35411336742444,2.29538803686758,0.4366890930940775,1.060400114781462,1.0954451150103324,0.27486650682006125,1.35411336742444,3.1008637239600545,0.30878581899702573,0.749816111932965,0.7745966692414834,0.9575027446011726,1.2909944487358056,0.39864077817349947,0.9680084380781231,1.2361307279294116,0.4096179439012134,True,True,true,
6,364,3401477380,haar,identified_unknot,false,0_1,0_1,1,"{""2"": ""1"", ""3"": ""1"", ""4"": ""1""}",0,0,----,----,0,0,0.6579065725786895,1.1186411810127652,1.1418378777353926,1.343315277932826,2.041802489778528,0.43077751643026496,1.0519069777200842,1.0954451150103324,0.3057641414943847,1.4095489194335606,3.272104196881271,0.30460570305053974,0.7438105571233181,0.7745966692414834,0.9967015993456412,1.2909944487358056,0.393244271691514,0.9602553001572905,1.2867362318013218,0.20864954992526794,True,True,true,
6,365,615166988,haar,identified_unknot,false,0_1,0_1,1,"{""2"": ""1"", ""3"": ""1"", ""4"": ""1""}",0,0,----,----,0,0,0.47437147979823935,0.9514989164882618,1.0017060251593919,1.3576587583838142,2.8620159857866168,0.47437147979823935,1.0621715513760612,1.0954451150103321,0.2679395369246047,1.3622750356944915,2.871747340868589,0.3354312901668324,0.7510687067614482,0.7745966692414833,0.963273915580721,1.2909944487358058,0.43303993353766984,0.9696255310482104,1.2435812776267139,0.34538948965490074,True,True,true,
6,366,1772602622,haar,identified_unknot,false,0_1,0_1,1,"{""2"": ""1"", ""3"": ""1"", ""4"": ""1""}",0,0,"1+a,1-a",----,1,0,0.7230588205600669,1.0953771507205887,1.1141960825254038,1.2749204455202072,1.763231993398102,0.5340355640189948,1.069265711016837,1.0954451150103324,0.23805637828812307,1.3837613301045153,2.5911407841281844,0.3776201687126138,0.7560850351502607,0.7745966692414834,0.9784670200606194,1.2909944487358056,0.4875055415386627,0.976101583151203,1.2631954911693257,0.04818388289297288,True,True,true,
6,367,2406341148,haar,identified_unknot,false,0_1,0_1,1,"{""2"": ""1"", ""3"": ""1"", ""4"": ""1""}",0,0,"1+a,2+c,2-c,1-a",----,2,0,0.3185519752239276,0.9924135417666307,1.0606846924801974,1.362885260835955,4.278376424688337,0.3185519752239276,1.039526593670547,1.0954451150103324,0.3455205653093742,1.4122586883677828,4.433369742488738,0.22525026184120825,0.7350563036081964,0.7745966692414834,0.9986176953344783,1.2909944487358056,0.2907968376132865,0.9489536074664428,1.2892099010861555,0.06249338061502094,True,True,true,
6,368,413262229,haar,identified_unknot,false,0_1,0_1,1,"{""2"": ""1"", ""3"": ""1"", ""4"": ""1""}",0,0,"1-a,2+a,3-a,3+a,2-a,1+a",----,3,0,0.4329109029994161,1.0729836090061562,1.122774463971224,1.3569776701266416,3.1345426061687154,0.4329109029994161,1.0604164291905267,1.0954451150103321,0.2748035602076732,1.3569776701266416,3.1345426061687154,0.3061142351604788,0.7498276479622458,0.7745966692414833,0.9595281124652701,1.2909944487358058,0.3951917782711851,0.9680233310278854,1.2387454665986097,0.04622997181062668,True,True,true,
6,369,3002327488,haar,identified_unknot,false,0_1,0_1,1,"{""2"": ""1"", ""3"": ""1"", ""4"": ""1""}",0,0,"1-a,2+a,3-a,4-c,5-c,5+c,6+c,1+a,2-a,3+a,4+c,6-c",----,6,0,0.7106675809433998,1.1781051214379732,1.2044295149596758,1.4059587447083954,1.978363418297494,0.529999543939905,1.0586199606246118,1.0954451150103321,0.28164477443607067,1.4059587447083954,2.652754631177216,0.37476627154568437,0.7485573528570989,0.7745966692414833,0.9941629624518323,1.2909944487358058,0.4838211761388941,0.9663833870988844,1.2834588656640589,0.14658938422512435,True,True,true,
6,370,4289774632,haar,identified_unknot,false,0_1,0_1,1,"{""2"": ""1"", ""3"": ""1"", ""4"": ""1""}",0,0,"1+c,1-c",----,1,0,0.5272023832323001,1.0289732276572667,1.0760682614884773,1.3615980459479344,2.582685680591805,0.5272023832323001,1.0633562577840767,1.0954451150103321,0.26319853539000654,1.4131357669177365,2.6804426760246063,0.37278838024126837,0.7519064206962711,0.7745966692414833,0.9992378835247838,1.2909944487358058,0.4812677294446902,0.9707070150876952,1.2900105605970116,0.2889544582982366,True,True,true,
6,371,1351937574,haar,identified_unknot,false,0_1,0_1,1,"{""2"": ""1"", ""3"": ""1"", ""4"": ""1""}",0,0,"1-c,1+c",----,1,0,0.6829830954321602,1.0334304337810327,1.0654442674109514,1.3470084177601327,1.9722426905863724,0.6829830954321602,1.0725577797893966,1.0954451150103321,0.22275504262135176,1.3825129905992133,2.0242272463924205,0.4829419782158594,0.75841287930347,0.7745966692414833,0.9775843107311972,1.2909944487358058,0.6234754129381629,0.9791068170305185,1.2620559183251947,0.07212742544294964,True,True,true,
6,372,3379795671,haar,identified_unknot,false,0_1,0_1,1,"{""2"": ""1"", ""3"": ""1"", ""4"": ""1""}",0,0,"1-a,2-c,2+c,1+a",----,2,0,0.8439082301872056,1.0388472592936802,1.0465978147534913,1.2343689769976696,1.4626815248902685,0.5810976559545072,1.0731064496026448,1.0954451150103324,0.22009667835114327,1.395630259779508,2.4017138005608625,0.4108980930570394,0.7588008474490502,0.7745966692414834,0.986859620719233,1.2909944487358056,0.5304671571327663,0.9796076817527487,1.2740302920300524,0.5004484005825673,True,True,true,
6,373,2086815473,haar,identified_unknot,false,0_1,0_1,1,"{""2"": ""1"", ""3"": ""1"", ""4"": ""1""}",0,0,"1-a,2-c,3+c,4+a,5+c,1+a,2+c,3-c,4-a,5-c",----,5,0,0.5978886246936133,1.0795543665852019,1.1095487581254202,1.3935242427741956,2.3307421904678387,0.5978886246936133,1.0670854092851925,1.0954451150103321,0.24764637952260263,1.3935242427741956,2.3307421904678387,0.4227711009151526,0.754543329010782,0.7745966692414833,0.9853704418134824,1.2909944487358058,0.5457951443673872,0.9741112490835547,1.272107770329554,0.27793525024592247,True,True,true,
6,374,1549287636,haar,identified_unknot,false,0_1,0_1,1,"{""2"": ""1"", ""3"": ""1"", ""4"": ""1""}",0,0,"1+a,2+c,3+a,4+c,5+c,6+a,4-c,1-a,2-c,3-a,6-a,5-c",----,6,0,0.6441175506326868,1.1355377469099748,1.1572117266301245,1.269005915399156,1.9701464649622886,0.6441175506326868,1.0701497191305385,1.0954451150103324,0.2340503762971332,1.2999275401122548,2.018152647502612,0.4554598879336422,0.7567101232820829,0.7745966692414834,0.919187578664523,1.2909944487358056,0.5879961869441642,0.976908568459356,1.1866660614028057,0.03774180766779801,True,True,true,
6,375,1941251244,haar,identified_unknot,false,0_1,0_1,1,"{""2"": ""1"", ""3"": ""1"", ""4"": ""1""}",0,0,"1-c,2+c,2-c,1+c",----,2,0,0.8114964916960512,1.118464173951547,1.1318702122465893,1.3234262670609291,1.6308465663171627,0.39608101368815735,1.0578803902042562,1.0954451150103321,0.2844100561184342,1.39285022644759,3.5165791298045135,0.2800715706781378,0.7480343975977004,0.7745966692414833,0.9848938402983091,1.2909944487358058,0.3615708429941938,0.9657082547620637,1.2714924804192063,0.11388159480766012,True,True,true,
6,376,3827588189,haar,identified_unknot,false,0_1,0_1,1,"{""2"": ""1"", ""3"": ""1"", ""4"": ""1""}",0,0,"1-c,2-a,3+a,4+c,5+a,1+c,2+a,3-a,4-c,5-a",----,5,0,1.0666686917364128,1.21038608496115,1.2152082356343086,1.3762997715684333,1.2902785862477852,0.23795959748314482,1.0536450466030083,1.0954451150103321,0.2997200623397509,1.3762997715684333,5.783753990699701,0.168262845028753,0.745039557416603,0.7745966692414833,0.9731909014215354,1.2909944487358058,0.2172263988606133,0.9618419327134161,1.256384051295397,0.022333738375726504,True,True,true,
6,377,914432652,haar,identified_unknot,false,0_1,0_1,1,"{""2"": ""1"", ""3"": ""1"", ""4"": ""1""}",0,0,"1-c,2-a,2+a,1+c",----,2,0,0.7573491772361544,1.0349139541237256,1.0575390021993003,1.313282679637527,1.734051767812277,0.5163076193940063,1.0648542721268563,1.0954451150103321,0.2570707667806338,1.4030717364878142,2.7175111963960727,0.36508461885178484,0.7529656767963653,0.7745966692414833,0.9921215393617181,1.2909944487358058,0.47132221625648174,0.9720745088327067,1.2808233997872003,0.43314021404030584,True,True,true,
6,378,3300175677,haar,identified_unknot,false,0_1,0_1,1,"{""2"": ""1"", ""3"": ""1"", ""4"": ""1""}",0,0,"1+c,2-c,3-a,4-c,5-a,1-c,4+c,3+a,2+c,5+a",----,5,0,0.7481838798226297,1.078759483892836,1.1033385016031865,1.3398251417264064,1.7907698600029125,0.2654312405192292,1.048184616754974,1.0954451150103321,0.3182907620372101,1.3913016697862008,5.241665099649067,0.18768823010990443,0.7411784504428646,0.7745966692414833,0.9837988453819893,1.2909944487358058,0.24230446316493515,0.9568572650443447,1.2700788480608434,0.01507508842514302,True,True,true,
6,379,3176982094,haar,identified_unknot,false,0_1,0_1,1,"{""2"": ""1"", ""3"": ""1"", ""4"": ""1""}",0,0,"1-a,1+a",----,1,0,0.7518037076391867,1.1401805077440883,1.1545355747055965,1.3083979971920858,1.7403452309389589,0.5671466075046995,1.064795105022244,1.0954451150103324,0.25731572886372295,1.3802392669281938,2.4336551584093833,0.4010332120935183,0.7529238393354707,0.7745966692414834,0.975976545304875,1.2909944487358056,0.517731650571421,0.9720204969029419,1.2599803020849432,0.2542310777631675,True,True,true,
6,380,2104049847,haar,identified_unknot,false,0_1,0_1,1,"{""2"": ""1"", ""3"": ""1"", ""4"": ""1""}",0,0,"1+a,2+c,3+a,1-a,2-c,4-a,4+a,3-a",----,4,0,0.3317484446768455,1.078301388834903,1.140726450807297,1.4102939937426542,4.251094515654518,0.3317484446768455,1.0447841892325032,1.095445115010332,0.3292810318402523,1.4102939937426542,4.251094515654518,0.23458157487908765,0.738773985082792,0.7745966692414831,0.9972284464420891,1.290994448735806,0.302843510944605,0.9537531136123134,1.287416388478169,0.00023276084315121702,True,True,true,
6,381,868337381,haar,identified_unknot,false,0_1,0_1,1,"{""2"": ""1"", ""3"": ""1"", ""4"": ""1""}",0,0,"1+c,1-c",----,1,0,0.6359218326137578,1.1512263352099874,1.178618321851565,1.3699715001607702,2.154308013816621,0.5626601309015296,1.0588072583676567,1.0954451150103321,0.28093983275421486,1.3699715001607702,2.434811753883673,0.397860794063782,0.7486897923613068,0.7745966692414833,0.9687161377959879,1.2909944487358058,0.5136360765059622,0.9665543657636102,1.2506071562954104,0.00970934834424525,True,True,true,
6,382,4193184716,haar,identified_unknot,false,0_1,0_1,1,"{""2"": ""1"", ""3"": ""1"", ""4"": ""1""}",0,0,"1-c,2-a,3-c,1+c,2+a,3+c",----,3,0,0.8347928819536304,1.1662974666020152,1.1810403188461747,1.372581881291713,1.644218477377907,0.5446711468231866,1.0645810720222788,1.0954451150103321,0.2581998084660325,1.3758292428495442,2.5259815043886866,0.3851406614353289,0.7527724951497976,0.7745966692414833,0.9728581873736659,1.2909944487358058,0.49721445589544605,0.9718251123993901,1.255954519306581,0.2071817297145016,True,True,true,
6,383,363228175,haar,identified_unknot,false,0_1,0_1,1,"{""2"": ""1"", ""3"": ""1"", ""4"": ""1""}",0,0,"1-c,2-a,2+a,3+c,3-c,1+c",----,3,0,0.8687772314122679,1.0629442435515246,1.0748259126459558,1.328244794596736,1.528866948363237,0.5523013920371973,1.063640812197545,1.0954451150103321,0.2620462223115362,1.40717223127842,2.547833939161333,0.39053605956827203,0.752107631051651,0.7745966692414833,0.9950210270343756,1.2909944487358058,0.5041798849337952,0.9709667765395191,1.284566622276779,0.3336194259382658,True,True,true,
6,384,1791206999,haar,identified_unknot,false,0_1,0_1,1,"{""2"": ""1"", ""3"": ""1"", ""4"": ""1""}",0,0,"1+c,1-c",----,1,0,0.6709965482940042,1.0844486154595094,1.1222508824540653,1.3772985057401412,2.052616379684659,0.4453367895885402,1.0565015083347002,1.0954451150103321,0.2894901775302634,1.400470940662218,3.1447456698022958,0.31490066382990345,0.7470593808772823,0.7745966692414833,0.9902824989969573,1.2909944487358058,0.4065350089076255,0.9644495135885792,1.278449208885293,0.16044327919713694,True,True,true,
6,385,1753589223,haar,identified_unknot,false,0_1,0_1,1,"{""2"": ""1"", ""3"": ""1"", ""4"": ""1""}",0,0,"1+c,2+a,2-a,1-c",----,2,0,0.5311080428357875,1.1000674376787483,1.1338946116433677,1.3515670486412574,2.544806215746099,0.5311080428357875,1.0548848606825447,1.0954451150103321,0.2953268201548379,1.3515670486412574,2.544806215746099,0.3755500986319007,0.7459162383596538,0.7745966692414833,0.9557022253225214,1.2909944487358058,0.4848330925559681,0.9629737229442071,1.2338062675358314,0.098715346771874,True,True,true,
6,386,2060882477,haar,identified_unknot,false,0_1,0_1,1,"{""2"": ""1"", ""3"": ""1"", ""4"": ""1""}",0,0,"1+a,2-a,2+a,1-a",----,2,0,0.6287387336280973,1.0845913209016813,1.1245673816976265,1.3706503812111908,2.179999907595861,0.4844345221954631,1.0577608977076214,1.0954451150103321,0.28485414387150265,1.3706503812111908,2.82938213197397,0.342546935685277,0.747949903643029,0.7745966692414833,0.9691961791903594,1.2909944487358058,0.44222619240115374,0.9655991735356316,1.2512268870707073,0.057272634106503365,True,True,true,
6,387,1626996470,haar,identified_unknot,false,0_1,0_1,1,"{""2"": ""1"", ""3"": ""1"", ""4"": ""1""}",0,0,"1+a,1-a",----,1,0,0.6599305249663282,1.1136691868322692,1.13615340817514,1.3637279370945388,2.0664719777345057,0.6599305249663282,1.0750914097054287,1.0954451150103321,0.21018672835741525,1.3637279370945388,2.0664719777345057,0.46664134931568885,0.7602044261981135,0.7745966692414833,0.9643012720130898,1.2909944487358058,0.6024313915171403,0.9814196941261529,1.2449075890777752,0.28378896284689503,True,True,true,
6,388,787632061,haar,identified_unknot,false,0_1,0_1,1,"{""2"": ""1"", ""3"": ""1"", ""4"": ""1""}",0,0,"1-a,1+a",----,1,0,0.9446168055011186,1.0969369636039914,1.1060559648697772,1.261223262143447,1.3351691974973585,0.46556634299047495,1.0601878790324564,1.0954451150103324,0.2756839878423515,1.3730419563885627,2.949186463027148,0.32920511822078685,0.749666038595633,0.7745966692414834,0.9708872782159965,1.2909944487358056,0.4250019801184505,0.9678146942327245,1.253410086525067,0.29811322982817967,True,True,true,
6,389,1546428393,haar,identified_unknot,false,0_1,0_1,1,"{""2"": ""1"", ""3"": ""1"", ""4"": ""1""}",0,0,"1+c,2+a,3+c,1-c,4-a,5-c,2-a,3-c,5+c,4+a",----,5,0,0.7070361687503735,1.0421807716292937,1.0762992989425029,1.4011318315317163,1.9816975332508069,0.7070361687503735,1.0673084042964356,1.0954451150103321,0.24668354245509988,1.4011318315317163,1.9816975332508069,0.49995006946754517,0.7547010102954028,0.7745966692414833,0.9907498194124038,1.2909944487358058,0.6454327643276813,0.9743148147466688,1.2790525169474154,0.20219558222269107,True,True,true,
6,390,2007927856,haar,identified_unknot,false,0_1,0_1,1,"{""2"": ""1"", ""3"": ""1"", ""4"": ""1""}",0,0,"1+a,1-a",----,1,0,0.7146330397986805,1.0462938498276078,1.077051124037188,1.3740093712133936,1.9226782064267085,0.6000488467209538,1.0698530371605393,1.0954451150103324,0.235402801339257,1.3740093712133936,2.2898292009423056,0.42429860855955365,0.7565003374492407,0.7745966692414834,0.9715713437988548,1.2909944487358056,0.5477671482567104,0.9766377361137335,1.2542932113951084,0.18072025406496817,True,True,true,
6,391,2474645123,haar,identified_unknot,false,0_1,0_1,1,"{""2"": ""1"", ""3"": ""1"", ""4"": ""1""}",0,0,----,----,0,0,0.7647393882460618,1.0555972150808526,1.0755099309234895,1.3635508129784895,1.7830267852500814,0.5560217094914252,1.0540384484716336,1.0954451150103324,0.29833362053833523,1.4083162676702474,2.5328440304217406,0.39316672126832325,0.7453177345456394,0.7745966692414834,0.9958299829249608,1.2909944487358056,0.507576054585063,0.9622010578427673,1.2856109798407964,0.21099673500852836,True,True,true,
6,392,2841510240,haar,identified_unknot,false,0_1,0_1,1,"{""2"": ""1"", ""3"": ""1"", ""4"": ""1""}",0,0,"1+a,2+c,2-c,1-a",----,2,0,0.5367734971685242,1.0740440177753985,1.1128138847810143,1.3705792052734893,2.553366014721821,0.33823645322257906,1.0417518636240006,1.0954451150103321,0.338752202407485,1.3959761446152321,4.127219675215195,0.2391692897181721,0.7366298070822542,0.7745966692414833,0.9871041982320831,1.2909944487358058,0.30876622533424586,0.9509849917165177,1.2743460402414277,0.02821182637908271,True,True,true,
6,393,1875944114,haar,identified_unknot,false,0_1,0_1,1,"{""2"": ""1"", ""3"": ""1"", ""4"": ""1""}",0,0,"1-c,1+c",----,1,0,0.39128434203007434,1.1207592121816747,1.172033870046193,1.3856647469614627,3.541324295708617,0.39128434203007434,1.045606765436149,1.0954451150103321,0.32665959663563243,1.3894845167563137,3.551086428726854,0.27667981162158195,0.7393556342944326,0.7745966692414833,0.9825139241521024,1.2909944487358058,0.35719210088073083,0.9545040195156531,1.2684200218859967,0.007819485175696304,True,True,true,
6,394,221123408,haar,identified_unknot,false,0_1,0_1,1,"{""2"": ""1"", ""3"": ""1"", ""4"": ""1""}",0,0,----,----,0,0,0.7639914647961138,1.106781502626463,1.1182998117877037,1.259416282785251,1.6484690481736615,0.6004862837020603,1.064431277975869,1.0954451150103324,0.2588166425612135,1.372455308950202,2.2855731199868092,0.42460792321523577,0.7526665747637998,0.7745966692414834,0.970472455834166,1.2909944487358056,0.5481664717601086,0.9716883697690588,1.2528745531329124,0.16492126537249163,True,True,true,
6,395,4211762258,haar,identified_unknot,false,0_1,0_1,1,"{""2"": ""1"", ""3"": ""1"", ""4"": ""1""}",0,0,"1-c,2-a,3-a,4-c,2+a,1+c,4+c,3+a",----,4,0,0.6759149784680842,1.0702874358273504,1.0902283818518375,1.2802166035908873,1.894049761247209,0.1733008827377912,1.0504650236263582,1.0954451150103321,0.3106818857572396,1.393758838188309,8.042422035997951,0.12254222936950684,0.7427909416054846,0.7745966692414833,0.9855363258216373,1.2909944487358058,0.15820133785174317,0.9589389821839229,1.2723219256632161,0.11135467340798216,True,True,true,
6,396,3720669762,haar,identified_unknot,false,0_1,0_1,1,"{""2"": ""1"", ""3"": ""1"", ""4"": ""1""}",0,0,"1-c,1+c",----,1,0,0.7674127218963149,1.0814289835880284,1.1007480500331004,1.3857155804483496,1.8056979522364154,0.48371957408928007,1.064061727643638,1.0954451150103321,0.2603317878478076,1.3857155804483496,2.86470851020924,0.3420413910311985,0.7524052632178896,0.7745966692414833,0.9798488837308807,1.2909944487358058,0.4415735370591503,0.9713510180138983,1.264979469496543,0.14437807680065784,True,True,true,
6,397,4171044603,haar,identified_unknot,false,0_1,0_1,1,"{""2"": ""1"", ""3"": ""1"", ""4"": ""1""}",0,0,"1+a,1-a",----,1,0,0.8396883044792488,1.1309139190024808,1.1431081213379788,1.3731015948872147,1.6352515422240803,0.557790794623991,1.067263608483769,1.095445115010332,0.24687727721725247,1.3901560462602212,2.4922534750637664,0.3944176533620568,0.7546693348724975,0.7745966692414831,0.9829887672180821,1.290994448735806,0.5091910009738188,0.9742739219515372,1.2690330416481976,0.18311583425341063,True,True,true,
6,398,185845832,haar,identified_unknot,false,0_1,0_1,1,"{""2"": ""1"", ""3"": ""1"", ""4"": ""1""}",0,0,"1-a,1+a",----,1,0,0.7149211288470012,1.0235351677417708,1.045662880493174,1.3309795849128554,1.8617152734867564,0.45719129639341355,1.053668754874948,1.0954451150103321,0.29963670502840123,1.368760382577931,2.993846106379312,0.32328306597925144,0.7450563216964617,0.7745966692414833,0.9678597483403482,1.2909944487358058,0.41735664354950486,0.9618635753056507,1.2495015622622234,0.3792854588843084,True,True,true,
6,399,4035432648,haar,identified_unknot,false,0_1,0_1,1,"{""2"": ""1"", ""3"": ""1"", ""4"": ""1""}",0,0,"1+c,2+a,2-a,1-c",----,2,0,0.628108779706203,1.017691346943773,1.0611813541752255,1.3493773036383614,2.1483178507224983,0.628108779706203,1.0628958266437099,1.0954451150103324,0.2650518094701205,1.379935194713,2.196968485870334,0.4441399774530635,0.7515808467146482,0.7745966692414834,0.9757615337795411,1.2909944487358056,0.5733822453535508,0.9702867008847675,1.2597027233993228,0.22266842158324526,True,True,true,
6,400,429126435,haar,identified_unknot,false,0_1,0_1,1,"{""2"": ""1"", ""3"": ""1"", ""4"": ""1""}",0,0,"1+a,1-a,2-c,2+c",----,2,0,0.5721205719378056,1.126332997757481,1.1547123037745333,1.323320625693777,2.3130100377471363,0.31735344891595973,1.056882995532577,1.095445115010332,0.2880943139912454,1.3339500570011105,4.203357680711268,0.2244027757614137,0.7473291330618367,0.7745966692414831,0.9432451310696668,1.290994448735806,0.289702737788891,0.964797762161374,1.2177242280080176,0.11167095711831727,True,True,true,
6,401,4074814125,haar,identified_unknot,false,0_1,0_1,1,"{""2"": ""1"", ""3"": ""1"", ""4"": ""1""}",0,0,"1-c,2-a,3+a,1+c,4+c,4-c,2+a,3-a",----,4,0,0.4574123833503404,1.0846648219869073,1.1269922150484981,1.363644548967235,2.981214760691765,0.3804280013458193,1.0457217561509629,1.0954451150103324,0.3262912942641081,1.363644548967235,3.5845009939939874,0.2690032195048738,0.7394369450086511,0.7745966692414834,0.964242307702803,1.2909944487358056,0.34728166307285147,0.9546089911963314,1.2448314664805211,0.12053766671427639,True,True,true,
6,402,4189900797,haar,identified_unknot,false,0_1,0_1,1,"{""2"": ""1"", ""3"": ""1"", ""4"": ""1""}",0,0,"1+a,2+c,2-c,1-a",----,2,0,0.9442191038892658,1.130345378551812,1.1347943176995892,1.2763258113658735,1.3517263166024185,0.3238060889157326,1.0481045685637331,1.0954451150103324,0.31855425496425427,1.3930220024063582,4.302025348167183,0.22896548126180866,0.7411218478240164,0.7745966692414834,0.985015304243599,1.2909944487358056,0.29559316526111706,0.9567841913776277,1.2716492896982967,0.0926673882170772,True,True,true,
6,403,1492663287,haar,identified_unknot,false,0_1,0_1,1,"{""2"": ""1"", ""3"": ""1"", ""4"": ""1""}",0,0,"1-c,1+c",----,1,0,0.8200388824150924,1.0033281421408595,1.0144031577487025,1.2353003166078753,1.5063923712614682,0.73536059813458,1.0737055016775907,1.0954451150103321,0.21715546428140614,1.3406708391036544,1.823147504101512,0.5199784655583571,0.7592244412335283,0.7745966692414833,0.9479974416692527,1.2909944487358058,0.6712893124980014,0.9801545389770291,1.2238594346107512,0.4314456430123457,True,True,true,
6,404,1110004194,haar,identified_unknot,false,0_1,0_1,1,"{""2"": ""1"", ""3"": ""1"", ""4"": ""1""}",0,0,----,----,0,0,0.5277900009009147,1.0957108212797584,1.1406595661504904,1.4084428219667657,2.6685667018371224,0.40350286259740065,1.0481650420957977,1.0954451150103321,0.31835521752959317,1.4084428219667657,3.4905398511932115,0.2853196103708057,0.7411646090686216,0.7745966692414833,0.9959194703262173,1.2909944487358058,0.36834603310417324,0.956839395907034,1.2857265075790505,0.1017518354645513,True,True,true,
6,405,2669696647,haar,identified_unknot,false,0_1,0_1,1,"{""2"": ""1"", ""3"": ""1"", ""4"": ""1""}",0,0,"1+a,2+c,2-c,1-a",----,2,0,0.6272118076132364,0.996800197764339,1.0252151822431417,1.3375596153603062,2.132548525274413,0.5053389091699423,1.0608487579226904,1.0954451150103321,0.27312984606938334,1.4093203041632356,2.7888616502500305,0.35732856947147895,0.7501333505404605,0.7745966692414833,0.9965399439377116,1.2909944487358058,0.4613091995623861,0.9684179913593247,1.2865275355670769,0.40272352641250175,True,True,true,
6,406,2446626135,haar,identified_unknot,false,0_1,0_1,1,"{""2"": ""1"", ""3"": ""1"", ""4"": ""1""}",0,0,"1+a,1-a",----,1,0,0.5977084316535025,0.961801881942943,0.9928939736219644,1.3439128986792919,2.2484422629968375,0.5130988381827276,1.0640160928273177,1.0954451150103321,0.2605182415964168,1.3529446354030927,2.6368109508781905,0.3628156678979457,0.7523729945298113,0.7745966692414833,0.956676326263488,1.2909944487358058,0.4683930131706216,0.9713093593167212,1.2350638264431275,0.36393852815581323,True,True,true,
6,407,3197074071,haar,identified_unknot,false,0_1,0_1,1,"{""2"": ""1"", ""3"": ""1"", ""4"": ""1""}",0,0,"1+a,2+c,2-c,1-a,3-c,3+c",----,3,0,0.7509226735967728,1.110817233543283,1.1267556169974187,1.3350010934827012,1.7778143348479638,0.16955945287077423,1.0474151919857815,1.0954451150103321,0.3208136773851585,1.3957674341086581,8.231728815334227,0.11989663893920527,0.7406343849709556,0.7745966692414833,0.9869566176175797,1.2909944487358058,0.15478589529259526,0.9561548795403616,1.2741555144873629,0.12613815018409572,True,True,true,
6,408,1378811185,haar,identified_unknot,false,0_1,0_1,1,"{""2"": ""1"", ""3"": ""1"", ""4"": ""1""}",0,0,"1-a,1+a",----,1,0,0.6041048360539113,1.0761986766597642,1.1147278589709224,1.3644785356358227,2.258678385276251,0.6041048360539113,1.0707111647498306,1.0954451150103321,0.23146835999777857,1.3644785356358227,2.258678385276251,0.4271666261213082,0.7571071252867518,0.7745966692414833,0.9648320253315804,1.2909944487358058,0.5514697430078124,0.9774210958435207,1.2455927886655946,0.18026427549181606,True,True,true,
6,409,3485842660,haar,identified_unknot,false,0_1,0_1,1,"{""2"": ""1"", ""3"": ""1"", ""4"": ""1""}",0,0,"1+a,1-a",----,1,0,0.5258169413953023,0.9422509749405225,0.9788034495823482,1.2562456523650103,2.3891311851448718,0.5258169413953023,1.0672736818494017,1.0954451150103321,0.24683372547450178,1.358537554981784,2.5836701863899307,0.3718087249233877,0.7546764578176458,0.7745966692414833,0.9606311176242115,1.2909944487358058,0.4800029998676318,0.9742831176341824,1.24016944013573,0.4659005647723068,True,True,true,
6,410,4156477986,haar,identified_unknot,false,0_1,0_1,1,"{""2"": ""1"", ""3"": ""1"", ""4"": ""1""}",0,0,"1-c,1+c",----,1,0,0.919316017499169,1.1675956721742855,1.178750534166736,1.3954543853831973,1.5179267616583856,0.49798519005857933,1.065713774947596,1.0954451150103321,0.25348402294216604,1.3954543853831973,2.802200573914751,0.3521287048208931,0.7535734370693593,0.7745966692414833,0.9867352587409646,1.2909944487358058,0.4545962031643022,0.9728591239713039,1.2738697414064744,0.038232967464842824,True,True,true,
6,411,551398205,haar,identified_unknot,false,0_1,0_1,1,"{""2"": ""1"", ""3"": ""1"", ""4"": ""1""}",0,0,"1-a,1+a",----,1,0,0.7392518528016424,1.1536785653666144,1.1723997090911138,1.369650201033984,1.8527518001385264,0.3800067731352694,1.0663112850797185,1.0954451150103321,0.25095864860896816,1.4014372575370866,3.6879270492324165,0.26870536618076696,0.7539959405356108,0.7745966692414833,0.9909657882119519,1.2909944487358058,0.3468971360848921,0.9734045736008061,1.279331331468732,0.2901785202922862,True,True,true,
6,412,3529169639,haar,identified_unknot,false,0_1,0_1,1,"{""2"": ""1"", ""3"": ""1"", ""4"": ""1""}",0,0,"1-c,2+c,2-c,1+c",----,2,0,0.21610868649969087,1.0440256304595954,1.1098858084917573,1.2846487481380475,5.944456786746909,0.21610868649969087,1.0427047100118234,1.0954451150103321,0.3358078136660304,1.413659830013251,6.541429930051762,0.15281191769724908,0.7373035712245128,0.7745966692414833,0.9996084520933918,1.2909944487358058,0.19727933744782142,0.9518548174839309,1.2904889625619604,0.06374422485739792,True,True,true,
6,413,2686340213,haar,identified_unknot,false,0_1,0_1,1,"{""2"": ""1"", ""3"": ""1"", ""4"": ""1""}",0,0,"1+a,2-a,2+a,1-a",----,2,0,0.6290611293013753,1.1107999465249387,1.138852186777842,1.3446351385692643,2.1375269841622444,0.5731029557134522,1.0587653903179424,1.0954451150103321,0.2810975778353396,1.4018147336595865,2.4460085568996526,0.4052449863030356,0.7486601871794388,0.7745966692414833,0.9912327041379075,1.2909944487358058,0.5231690276952367,0.9665161456381649,1.27967591844742,0.2003568503833739,True,True,true,
6,414,3723215954,haar,identified_unknot,false,0_1,0_1,1,"{""2"": ""1"", ""3"": ""1"", ""4"": ""1""}",0,0,"1-c,2-a,3-c,3+c,2+a,1+c",----,3,0,0.8900403542188385,1.1086202206016902,1.1199675678227867,1.3042585047087636,1.4653925504911198,0.6298456502565989,1.072510605164609,1.0954451150103321,0.2229820661161888,1.358015790183406,2.156108865132514,0.44536813039729156,0.7583795218063828,0.7745966692414833,0.960262174197094,1.2909944487358058,0.574967783986748,0.979063752686955,1.2396931362194237,0.32563139806060976,True,True,true,
6,415,2941962874,haar,identified_unknot,false,0_1,0_1,1,"{""2"": ""1"", ""3"": ""1"", ""4"": ""1""}",0,0,"1-a,2-c,3-a,3+a,2+c,1+a",----,3,0,0.16006999849178735,1.0031456870931736,1.0868668848289564,1.3675089620954217,8.543193446494497,0.16006999849178735,1.0475381335599945,1.0954451150103321,0.3204120140344977,1.3675089620954217,8.543193446494497,0.11318658139806326,0.7407213177917713,0.7745966692414833,0.96697486043105,1.2909944487358058,0.1461232482562831,0.9562671093294474,1.2483591768835662,0.12775003119054051,True,True,true,
6,416,1882079310,haar,identified_unknot,false,0_1,0_1,1,"{""2"": ""1"", ""3"": ""1"", ""4"": ""1""}",0,0,----,----,0,0,0.7939127279232742,1.1056823764692407,1.123494708160414,1.3176995036513108,1.6597535941994077,0.14150896632746882,1.0435429165780692,1.0954451150103321,0.33319390939772053,1.396612813804096,9.869429832256463,0.100061949688852,0.7378962727715404,0.7745966692414833,0.9875543913329013,1.2909944487358058,0.12917942157798942,0.9526199918909005,1.2749272370354432,0.04966826164183321,True,True,true,
6,417,1253256585,haar,identified_unknot,false,0_1,0_1,1,"{""2"": ""1"", ""3"": ""1"", ""4"": ""1""}",0,0,"1-c,1+c",----,1,0,0.6831880356260204,0.9975599064825644,1.0305699046540349,1.336882826159029,1.95682997424569,0.6418332586389996,1.0605382918145259,1.0954451150103321,0.27433288464040867,1.4103597954952267,2.1973928220639096,0.45384464957469584,0.7499138178500487,0.7745966692414833,0.9972749753075472,1.2909944487358058,0.5859109231893794,0.9681345758746872,1.287476456985181,0.3309246013247864,True,True,true,
6,418,3351694742,haar,identified_unknot,false,0_1,0_1,1,"{""2"": ""1"", ""3"": ""1"", ""4"": ""1""}",0,0,"1-c,1+c",----,1,0,0.7065360097377572,1.0571690634055986,1.0942634461794085,1.4087648891517621,1.9939038771352207,0.5505898370661332,1.0633673065008522,1.0954451150103321,0.2631538931217297,1.4087648891517621,2.5586467353965174,0.3893258074418591,0.7519142333188265,0.7745966692414833,0.9961472062167259,1.2909944487358058,0.5026174561570254,0.9707171011400443,1.286020513349475,0.22765890387616045,True,True,true,
6,419,3379499794,haar,identified_unknot,false,0_1,0_1,1,"{""2"": ""1"", ""3"": ""1"", ""4"": ""1""}",0,0,"1-a,2-c,3+c,1+a,2+c,3-c",----,3,0,0.8007430572924993,1.183486072525548,1.1964905549208933,1.307102386857851,1.632361810638074,0.3516641237310579,1.053642199527386,1.0954451150103324,0.29973007085558206,1.3914094703102593,3.956643218386324,0.2486640865902561,0.7450375442301239,0.7745966692414834,0.9838750718635665,1.2909944487358056,0.3210239553879803,0.9618393337008472,1.270177256025406,0.03701957441771875,True,True,true,
6,420,3237056333,haar,identified_unknot,false,0_1,0_1,1,"{""2"": ""1"", ""3"": ""1"", ""4"": ""1""}",0,0,"1+c,1-c",----,1,0,0.5459587759398039,1.0760589205922744,1.1354218471797648,1.3931560545667145,2.5517605283815796,0.4283842745194172,1.0498629575540457,1.0954451150103321,0.31271036176607847,1.3931560545667145,3.252117636973548,0.3029134254663594,0.7423652166030301,0.7745966692414833,0.9851100934352196,1.2909944487358058,0.3910595507246173,0.958389373569066,1.2717716620184796,0.1453450420880771,True,True,true,
6,421,731411635,haar,identified_unknot,false,0_1,0_1,1,"{""2"": ""1"", ""3"": ""1"", ""4"": ""1""}",0,0,"1+a,2-a,2+a,1-a",----,2,0,0.5677911115752331,1.0544400475460456,1.1032596667535302,1.3945558167315717,2.456107163887491,0.5677911115752331,1.0616906052995378,1.0954451150103324,0.26983894941001463,1.3955835704795905,2.457917255181748,0.4014889452922949,0.7507286265293535,0.7745966692414834,0.9868266063986524,1.2909944487358056,0.5183199996011463,0.9691864893564514,1.273987670725454,0.20224407216354123,True,True,true,
6,422,1503551216,haar,identified_unknot,false,0_1,0_1,1,"{""2"": ""1"", ""3"": ""1"", ""4"": ""1""}",0,0,"1-a,2+a,3+c,1+a,2-a,3-c",----,3,0,0.5382325353952284,1.0790477236190186,1.117826932654707,1.4000173461908392,2.6011384561930937,0.5382325353952284,1.0665343603187671,1.0954451150103324,0.2500089163598742,1.4000173461908392,2.6011384561930937,0.38058787563319446,0.7541536785498568,0.7745966692414834,0.9899617592703366,1.2909944487358056,0.49133683469860717,0.9736082125015524,1.2780351356787365,0.051598381989154105,True,True,true,
6,423,3252262241,haar,identified_unknot,false,0_1,0_1,1,"{""2"": ""1"", ""3"": ""1"", ""4"": ""1""}",0,0,"1-a,2-c,2+c,1+a",----,2,0,0.5977635731056663,1.0715062904324608,1.0992841898429813,1.3646331821429896,2.282897860525476,0.2553192955170242,1.0581009238908932,1.0954451150103321,0.28358849564331434,1.3646331821429896,5.344810228226556,0.18053800522785987,0.7481903384630015,0.7745966692414833,0.9649413769254849,1.2909944487358058,0.233073562535003,0.9659095735534985,1.2457339609662859,0.23855724820106405,True,True,true,
6,424,3958331201,haar,identified_unknot,false,0_1,0_1,1,"{""2"": ""1"", ""3"": ""1"", ""4"": ""1""}",0,0,"1+a,1-a",----,1,0,0.6835096267696917,0.9631267542393869,0.9794837102578021,1.271902803987387,1.86084109743776,0.6835096267696917,1.0722459443396193,1.0954451150103324,0.22425127613290907,1.407993509001091,2.05994685935201,0.48331429209513516,0.7581923783423181,0.7745966692414834,0.9956017580813137,1.2909944487358056,0.6239560680894951,0.9788221515137304,1.2853163428345844,0.5850290003352598,True,True,true,
6,425,798605382,haar,identified_unknot,false,0_1,0_1,1,"{""2"": ""1"", ""3"": ""1"", ""4"": ""1""}",0,0,"1-c,2+c,3+a,3-a,2-c,1+c",----,3,0,1.0530794313564933,1.1698614028573546,1.1719628462461396,1.2865738181214503,1.2217253322137231,0.2943588488485231,1.052300095142768,1.0954451150103321,0.3044084587565219,1.3695336519543397,4.652598885040147,0.20814313812305663,0.7440885331187003,0.7745966692414833,0.9684065323600906,1.2909944487358058,0.2687116358593162,0.960614165624211,1.2502074573963684,0.02940874850672143,True,True,true,
6,426,3629069084,haar,identified_unknot,false,0_1,0_1,1,"{""2"": ""1"", ""3"": ""1"", ""4"": ""1""}",0,0,----,----,0,0,0.34394863671441744,0.9447393378788776,1.0041330643758237,1.2266690169655836,3.566430815610687,0.34394863671441744,1.0535826173450247,1.095445115010332,0.2999394412684113,1.3724924193169956,3.9903993585431308,0.24320841340063287,0.7449954132649383,0.7745966692414831,0.970498696826178,1.290994448735806,0.31398071158606006,0.9617849428586732,1.2529084301079298,0.2944507938942813,True,True,true,
6,427,4162757161,haar,identified_unknot,false,0_1,0_1,1,"{""2"": ""1"", ""3"": ""1"", ""4"": ""1""}",0,0,"1-a,2-c,3-a,1+a,2+c,3+a",----,3,0,0.7047909946504682,1.0843751702079143,1.104203669415548,1.3199799207425016,1.8728671773071224,0.6876258158860205,1.073413742159004,1.0954451150103324,0.21859308805221608,1.3538416860758984,1.9688639588544892,0.4862248773319374,0.7590181360994599,0.7745966692414834,0.9573106368772968,1.2909944487358056,0.6277136174727792,0.9798882001942008,1.2358827179243286,0.09274809970435689,True,True,true,
6,428,1663009311,haar,identified_unknot,false,0_1,0_1,1,"{""2"": ""1"", ""3"": ""1"", ""4"": ""1""}",0,0,"1+c,1-c,2+c,2-c",----,2,0,0.7461040518485115,1.050770231384928,1.0774718407526005,1.3236424060603103,1.7740721321388317,0.5930890544759465,1.072187722917871,1.0954451150103324,0.22452947874208207,1.3536954693900234,2.2824489158481414,0.41937729226745946,0.7581512095801896,0.7745966692414834,0.957207246067192,1.2909944487358056,0.5414137562431436,0.978769002870361,1.235749240962433,0.11378038884235926,True,True,true,
6,429,3292370019,haar,identified_unknot,false,0_1,0_1,1,"{""2"": ""1"", ""3"": ""1"", ""4"": ""1""}",0,0,"1-a,2-c,3-a,3+a,2+c,1+a",----,3,0,0.5948138432135134,1.097421575747613,1.133692364118376,1.4108878963997191,2.3719822806700703,0.5948138432135134,1.0682589015061095,1.0954451150103321,0.24253436736462783,1.4108878963997191,2.3719822806700703,0.4205969020799072,0.7553731133178622,0.7745966692414833,0.9976483990382644,1.2909944487358058,0.5429882657406374,0.9751824960176427,1.2879585449485635,0.22085245528325761,True,True,true,
6,430,1986834235,haar,identified_unknot,false,0_1,0_1,1,"{""2"": ""1"", ""3"": ""1"", ""4"": ""1""}",0,0,"1+c,1-c",----,1,0,0.6737358733341496,1.0426657049903991,1.073756874685195,1.2509248837584257,1.856699239670752,0.6737358733341496,1.0704530026644785,1.095445115010332,0.232659341283778,1.3628740432529176,2.0228610308493686,0.476403204763218,0.7569245771255542,0.7745966692414831,0.963697477887266,1.290994448735806,0.615033892709262,0.9771854271807878,1.2441280942131576,0.24981339951296444,True,True,true,
6,431,2560278294,haar,identified_unknot,false,0_1,0_1,1,"{""2"": ""1"", ""3"": ""1"", ""4"": ""1""}",0,0,"1+c,2+a,2-a,3-c,3+c,1-c",----,3,0,0.36492773569572695,0.9525062142367738,1.0221396478465434,1.3594124610775908,3.725155224186783,0.36492773569572695,1.0573280342606843,1.0954451150103321,0.2864566772942067,1.4015587689312394,3.84064742642594,0.2580428765535006,0.747643822964372,0.7745966692414833,0.9910517097427488,1.2909944487358058,0.3331319211663881,0.9652040250786199,1.2794422556880178,0.2977287021765891,True,True,true,
6,432,3072523906,haar,identified_unknot,false,0_1,0_1,1,"{""2"": ""1"", ""3"": ""1"", ""4"": ""1""}",0,0,"1+c,2+a,3-a,4-c,5+c,3+a,2-a,1-c,4+c,5-c",----,5,0,0.8399648933802836,1.2048178110488483,1.2171945376757403,1.353174641469957,1.6109895212695802,0.39276993526674053,1.0557966407639467,1.0954451150103321,0.2920504294664973,1.353174641469957,3.4452093196771285,0.2777302846733135,0.746560964238164,0.7745966692414833,0.9568389651130818,1.2909944487358058,0.3585482557590628,0.9638060604743203,1.2352737922951018,0.010511118432018149,True,True,true,
6,433,1662194544,haar,identified_unknot,false,0_1,0_1,1,"{""2"": ""1"", ""3"": ""1"", ""4"": ""1""}",0,0,"1+a,2-a,3-c,1-a,2+a,3+c",----,3,0,0.5493851158729218,1.025957303480807,1.0685074726443462,1.4082270458122788,2.56327848193473,0.21052665987638033,1.0474488537924178,1.0954451150103324,0.32070375533964446,1.4082270458122788,6.689067534910681,0.14886482881914237,0.7406581874626952,0.7745966692414834,0.9957668935441611,1.2909944487358056,0.19218366761751876,0.9561856084250628,1.2855295318004099,0.01627599844265025,True,True,true,
6,434,3406619833,haar,identified_unknot,false,0_1,0_1,1,"{""2"": ""1"", ""3"": ""1"", ""4"": ""1""}",0,0,"1+a,1-a",----,1,0,0.8552961595045849,1.1204671845705494,1.1339189630557904,1.3330806435015383,1.5586187646086258,0.44689828626594197,1.055826977184027,1.0954451150103321,0.29194073756576006,1.3904775412338126,3.1113960021013862,0.3160048087192945,0.7465824153265196,0.7745966692414833,0.9832160984940261,1.2909944487358058,0.40796045383042934,0.9638337537103067,1.2693265250634649,0.06366082935635416,True,True,true,
6,435,1311318535,haar,identified_unknot,false,0_1,0_1,1,"{""2"": ""1"", ""3"": ""1"", ""4"": ""1""}",0,0,----,----,0,0,0.676646787643212,0.9793691068338074,1.005558702017723,1.329100409302617,1.9642455023424072,0.676646787643212,1.0677869183954312,1.0954451150103321,0.24460395929663287,1.4052400896939843,2.0767705032465935,0.4784615320106089,0.755039370859696,0.7745966692414833,0.9936547966178085,1.2909944487358058,0.6176911817593251,0.9747516363568429,1.282802826393297,0.12766223449343628,True,True,true,
6,436,141644315,haar,identified_unknot,false,0_1,0_1,1,"{""2"": ""1"", ""3"": ""1"", ""4"": ""1""}",0,0,"1+a,1-a",----,1,0,0.5402977152649122,1.0380258827119895,1.079183931427151,1.4014249424744056,2.5938013485533173,0.5402977152649122,1.070009434009485,1.0954451150103321,0.23469088420878548,1.4014249424744056,2.5938013485533173,0.3820481783234178,0.7566109267216864,0.7745966692414833,0.9909570801476194,1.2909944487358058,0.4932220773651596,0.9767805062505507,1.2793200894060197,0.08931641566948585,True,True,true,
6,437,1163829767,haar,identified_unknot,false,0_1,0_1,1,"{""2"": ""1"", ""3"": ""1"", ""4"": ""1""}",0,0,----,----,0,0,0.6899952066092341,1.1321535326764753,1.1614301163150897,1.4083960508093352,2.0411678767023003,0.6899952066092341,1.0677467199743267,1.0954451150103321,0.24477937409852815,1.4083960508093352,2.0411678767023003,0.4879002895796023,0.75501094628354,0.7745966692414833,0.9958863981236341,1.2909944487358058,0.6298765653838587,0.9747149403868176,1.2856838115491083,0.05564909298964497,True,True,true,
6,438,127117802,haar,identified_unknot,false,0_1,0_1,1,"{""2"": ""1"", ""3"": ""1"", ""4"": ""1""}",0,0,"1+c,2+a,3+a,4-a,2-a,1-c,4+a,3-a",----,4,0,0.6546026433597991,1.0183346280972896,1.0717989124003358,1.3810355132971246,2.109731036539743,0.38380803554692156,1.0527383359255003,1.0954451150103324,0.302889412282451,1.3975547105797463,3.6412856979095,0.27139326460911567,0.7443984161479629,0.7745966692414834,0.9882204129301414,1.2909944487358056,0.35036719803465594,0.961014222894746,1.275787067220218,0.01705343218580112,True,True,true,
6,439,1425800548,haar,identified_unknot,false,0_1,0_1,1,"{""2"": ""1"", ""3"": ""1"", ""4"": ""1""}",0,0,"1-c,1+c",----,1,0,0.9182120872137257,1.0998942606019702,1.1063336557051493,1.2250010998937986,1.334115632926387,0.44212218072965176,1.0598638729900263,1.095445115010332,0.2769270133637764,1.3661986548088927,3.090092997718868,0.31262759210692104,0.7494369317258852,0.7745966692414831,0.9660483332633072,1.290994448735806,0.403600485931677,0.9675189185357131,1.2471630354534076,0.24436552786161994,True,True,true,
6,440,596418518,haar,identified_unknot,false,0_1,0_1,1,"{""2"": ""1"", ""3"": ""1"", ""4"": ""1""}",0,0,----,----,0,0,0.8055327135019646,1.0753409620970165,1.0867533651699521,1.3083100764237168,1.6241551143664705,0.4742033804588726,1.0641101697319946,1.0954451150103321,0.2601337092207488,1.3182486283999966,2.779922460958347,0.33531242598405314,0.7524395169470613,0.7745966692414833,0.9321425444315027,1.2909944487358058,0.4328864805375484,0.9713952393881077,1.2033908502915391,0.348438382455836,True,True,true,
6,441,1591797405,haar,identified_unknot,false,0_1,0_1,1,"{""2"": ""1"", ""3"": ""1"", ""4"": ""1""}",0,0,"1-a,1+a",----,1,0,0.29234355400208156,0.9639514895940575,1.0233434456826844,1.3978075618344163,4.78138663465952,0.29234355400208156,1.0620815093888427,1.0954451150103324,0.26829623071209485,1.4063899548562298,4.810743851209444,0.20671810947104752,0.7510050374616944,0.7745966692414834,0.9944678740714824,1.2909944487358056,0.2668719317802829,0.9695433343356734,1.283852504872382,0.2301480026196576,True,True,true,
6,442,873784993,haar,identified_unknot,false,0_1,0_1,1,"{""2"": ""1"", ""3"": ""1"", ""4"": ""1""}",0,0,"1-c,1+c",----,1,0,0.6279628174597953,1.0425838985797247,1.0824218991746226,1.3741523143610788,2.1882701907729714,0.3865538767383222,1.0592459392191613,1.0954451150103321,0.2792812923339414,1.3741523143610788,3.554879143771495,0.2733348675356164,0.7489999865661825,0.7745966692414833,0.9716724198679071,1.2909944487358058,0.35287379663441765,0.9669548247601346,1.2544237000391552,0.31688135357704933,True,True,true,
6,443,358106211,haar,identified_unknot,false,0_1,0_1,1,"{""2"": ""1"", ""3"": ""1"", ""4"": ""1""}",0,0,"1-a,1+a,2+c,3+a,3-a,2-c",----,3,0,0.6120857528719155,1.1199314032021006,1.1585358674711572,1.3977404175227757,2.2835695994630765,0.539574366583072,1.0636640031092697,1.0954451150103324,0.261952072886557,1.3977404175227757,2.5904499992728653,0.38153669356532627,0.7521240295025935,0.7745966692414834,0.9883517275688708,1.2909944487358056,0.4925617533818503,0.9709879468486534,1.2759565936898556,0.13403817017461842,True,True,true,
6,444,2513218843,haar,identified_unknot,false,0_1,0_1,1,"{""2"": ""1"", ""3"": ""1"", ""4"": ""1""}",0,0,"1-a,2-c,3+c,1+a,2+c,3-c",----,3,0,0.6800140063529846,1.130224688492717,1.1538918880186946,1.3993367702688149,2.0578058057563613,0.4633495689601951,1.0659289523421627,1.0954451150103324,0.25257764857314635,1.3993367702688149,3.020045477562595,0.32763762227161775,0.7537255904642154,0.7745966692414834,0.9894805194207609,1.2909944487358056,0.42297835154965724,0.9730555531594193,1.2774138577044238,0.10357556310898666,True,True,true,
6,445,2480506726,haar,identified_unknot,false,0_1,0_1,1,"{""2"": ""1"", ""3"": ""1"", ""4"": ""1""}",0,0,----,----,0,0,0.9901529203188381,1.110770578296545,1.1148354895916717,1.2723693871282296,1.2850231121052649,0.08170259215209158,1.0498274185807743,1.0954451150103321,0.31282965204089597,1.3987096198644722,17.119525623626927,0.05777245695126275,0.7423400867540336,0.7745966692414833,0.9890370571170263,1.2909944487358058,0.07458392121390853,0.9583569310735137,1.276841350332079,0.0762348081709728,True,True,true,
6,446,3568596149,haar,identified_unknot,false,0_1,0_1,1,"{""2"": ""1"", ""3"": ""1"", ""4"": ""1""}",0,0,----,----,0,0,0.33137787129917873,0.9948600694772516,1.0663680230790311,1.3776384831991886,4.157303798826723,0.33137787129917873,1.0476244900955582,1.0954451150103321,0.32012954838943125,1.4025726789812163,4.2325477965151395,0.23431953993081225,0.7407823810836682,0.7745966692414833,0.9917686524146007,1.2909944487358058,0.3025052252810066,0.9563459417003081,1.2803678246974404,0.2555423234930191,True,True,true,
6,447,4246638819,haar,identified_unknot,false,0_1,0_1,1,"{""2"": ""1"", ""3"": ""1"", ""4"": ""1""}",0,0,----,----,0,0,0.6108577013605373,1.0049781486441531,1.0458384466297956,1.311850619617858,2.14755517806525,0.6108577013605373,1.0661698424694472,1.0954451150103324,0.25155887384203696,1.3804239839650194,2.2598126877838487,0.4319416229720628,0.7538959255067392,0.7745966692414834,0.9761071599742152,1.2909944487358056,0.5576342374348674,0.9732754547537429,1.2601489248979847,0.5001114674828594,True,True,true,
6,448,1556186318,haar,identified_unknot,false,0_1,0_1,1,"{""2"": ""1"", ""3"": ""1"", ""4"": ""1""}",0,0,"1+a,2-a,2+a,1-a",----,2,0,0.7765526150295252,1.0381551115448724,1.045957355491962,1.1880572322650425,1.5299120874377217,0.5846317702437654,1.0651245106680205,1.0954451150103321,0.25594877763765483,1.4124613892873439,2.4159846610771947,0.4133970892364622,0.7531567643013605,0.7745966692414833,0.9987610265292527,1.2909944487358058,0.5336933473278132,0.972321201740878,1.2893949408629402,0.2471117547010321,True,True,true,
6,449,1986447573,haar,identified_unknot,false,0_1,0_1,1,"{""2"": ""1"", ""3"": ""1"", ""4"": ""1""}",0,0,"1+c,2+a,2-a,1-c",----,2,0,0.6027904650174667,1.037087545148305,1.0794822610758579,1.3787504716336862,2.2872798288103895,0.6027904650174667,1.0617875810867063,1.0954451150103324,0.26945710725464506,1.4071959463756436,2.334469484906116,0.426237225448443,0.7507971987660712,0.7745966692414834,0.9950377961404389,1.2909944487358056,0.550269891898492,0.9692750157333911,1.2845882710996166,0.3458450182838779,True,True,true,
6,450,3741238629,haar,identified_unknot,false,0_1,0_1,1,"{""2"": ""1"", ""3"": ""1"", ""4"": ""1""}",0,0,----,----,0,0,0.6397201967348226,0.9110124411596705,0.9293846790629939,1.2289525495061773,1.9210782397973967,0.6397201967348226,1.074471527873985,1.0954451150103324,0.21333292241973617,1.4086247375717524,2.2019388238193405,0.4523504891731853,0.7597661035515652,0.7745966692414834,0.996048104084107,1.2909944487358056,0.5839819704055084,0.9808538220227037,1.285892573046406,0.4985868380606133,True,True,true,
6,451,3306057826,haar,identified_unknot,false,0_1,0_1,1,"{""2"": ""1"", ""3"": ""1"", ""4"": ""1""}",0,0,"1-c,2-a,2+a,1+c",----,2,0,0.48709433740453767,1.094207489482378,1.1340965316717155,1.3561603835036398,2.7841842521304705,0.48709433740453767,1.0609383302402384,1.095445115010332,0.27278170654766176,1.3561603835036398,2.7841842521304705,0.34442770905631676,0.7501966877336054,0.7745966692414831,0.9589502035519725,1.290994448735806,0.4446542603824962,0.9684997593240734,1.2379993893996677,0.20618336452326283,True,True,true,
6,452,158037877,haar,identified_unknot,false,0_1,0_1,1,"{""2"": ""1"", ""3"": ""1"", ""4"": ""1""}",0,0,"1+a,2+c,3+a,4-a,5-c,1-a,2-c,5+c,4+a,3-a",----,5,0,0.7872316943681326,1.170827033568244,1.1895190830028877,1.3859219717828402,1.7605007289439016,0.3952890338462672,1.0605522712725983,1.0954451150103321,0.2742788360383153,1.3859219717828402,3.506097698429556,0.2795115563613742,0.7499237028196492,0.7745966692414833,0.9799948244430772,1.2909944487358058,0.3608478676200394,0.9681473373155669,1.2651678781458333,0.012257735270100637,True,True,true,
6,453,3793837287,haar,identified_unknot,false,0_1,0_1,1,"{""2"": ""1"", ""3"": ""1"", ""4"": ""1""}",0,0,"1-a,2-c,2+c,1+a",----,2,0,0.7432587992452786,1.023260380527603,1.049407216311129,1.2990324175004047,1.7477524905449768,0.6096681770064714,1.0673290074803163,1.0954451150103321,0.24659438312963003,1.3727258635331505,2.2515950730336045,0.43110050223491625,0.7547155789464389,0.7745966692414833,0.9706637668144499,1.2909944487358058,0.5565483552324947,0.9743336227942826,1.2531215345464415,0.4686569779396273,True,True,true,
6,454,928274473,haar,identified_unknot,false,0_1,0_1,1,"{""2"": ""1"", ""3"": ""1"", ""4"": ""1""}",0,0,"1-a,2+a,3+c,1+a,4-c,4+c,2-a,3-c",----,4,0,0.6367228658410916,1.1034703656225824,1.1483854829091913,1.4110838735727977,2.216166481957262,0.6367228658410916,1.0638384574217954,1.0954451150103321,0.26124267742927143,1.4110838735727977,2.216166481957262,0.4502310561727682,0.7522473873299876,0.7745966692414833,0.9977869758263062,1.2909944487358058,0.5812457941675024,0.9711472011190276,1.288137446812649,0.010989245036913306,True,True,true,
6,455,1931440709,haar,identified_unknot,false,0_1,0_1,1,"{""2"": ""1"", ""3"": ""1"", ""4"": ""1""}",0,0,"1-a,2-c,3-a,3+a,2+c,1+a",----,3,0,1.032732649398715,1.1137213578375957,1.1169603384624072,1.2914894606760423,1.2505554670204166,0.3451618956419874,1.061245515116446,1.0954451150103321,0.2715841612561915,1.3763714410869055,3.987611200613293,0.24406631701565273,0.7504139002426496,0.7745966692414833,0.9732415794240514,1.2909944487358058,0.315088260390601,0.9687801794674457,1.2564494763153182,0.23474885947251536,True,True,true,
6,456,2577219512,haar,identified_unknot,false,0_1,0_1,1,"{""2"": ""1"", ""3"": ""1"", ""4"": ""1""}",0,0,"1+c,2+a,3+c,1-c,2-a,3-c",----,3,0,0.9611301690757214,1.1740103190254811,1.1827176875031453,1.3317307112780397,1.3855882939963369,0.6374788723701916,1.0760778710098007,1.0954451150103324,0.2050766089124135,1.344748335663792,2.109479065029908,0.4507656335161161,0.760901959675813,0.7745966692414834,0.9508806671371908,1.2909944487358056,0.5819359305501844,0.9823202059736701,1.2275816626843126,0.04090927384171176,True,True,true,
6,457,698556900,haar,identified_unknot,false,0_1,0_1,1,"{""2"": ""1"", ""3"": ""1"", ""4"": ""1""}",0,0,"1-a,2-c,3-a,3+a,2+c,1+a",----,3,0,0.7445764223688776,1.0145660487631851,1.0412350193367224,1.3374335015938712,1.7962340216720976,0.706155314025057,1.0705695073488728,1.0954451150103324,0.23212266139864932,1.391887259495629,1.9710780785064512,0.49932721111803374,0.7570069583779293,0.7745966692414834,0.984212919836519,1.2909944487358056,0.6446286576561131,0.9772917809202839,1.2706134158830045,0.4912610713213137,True,True,true,
6,458,3745369160,haar,identified_unknot,false,0_1,0_1,1,"{""2"": ""1"", ""3"": ""1"", ""4"": ""1""}",0,0,----,----,0,0,0.9051717310787933,1.1001831139797904,1.1091692191762708,1.353670952841152,1.4954852282315891,0.38733616744217125,1.0500911658331187,1.0954451150103321,0.311943173413431,1.384870544686329,3.5753711145321545,0.2738880305971673,0.7425265842246855,0.7745966692414833,0.9792513532132109,1.2909944487358058,0.3535879270761255,0.9585976982728287,1.264208060915281,0.20065946040170923,True,True,true,
6,459,1025674044,haar,identified_unknot,false,0_1,0_1,1,"{""2"": ""1"", ""3"": ""1"", ""4"": ""1""}",0,0,"1-c,1+c",----,1,0,0.5929225544910773,1.0525079346028574,1.0795025280328592,1.2545212059806208,2.1158264202943213,0.5585789359063358,1.0599470102326218,1.0954451150103321,0.27660863236516425,1.3810435384027333,2.472423232648198,0.3949749534073359,0.7494957186338937,0.7745966692414833,0.9765452511184368,1.2909944487358058,0.5099104722385542,0.96759481210761,1.2607144981332155,0.3245064975251984,True,True,true,
6,460,1060140703,haar,identified_unknot,false,0_1,0_1,1,"{""2"": ""1"", ""3"": ""1"", ""4"": ""1""}",0,0,"1+c,1-c",----,1,0,0.6115829754961013,1.013197340604266,1.0427615867207254,1.2744125465547824,2.083793365112902,0.5960970560505356,1.066382305961121,1.0954451150103324,0.2506566925758071,1.3694957588262666,2.2974375480058806,0.42150427057867124,0.7540461598824564,0.7745966692414834,0.9683797378722697,1.2909944487358056,0.5441596734354995,0.9734694064988028,1.2501728658613347,0.5466426728737427,True,True,true,
6,461,2413910111,haar,identified_unknot,false,0_1,0_1,1,"{""2"": ""1"", ""3"": ""1"", ""4"": ""1""}",0,0,"1+c,1-c",----,1,0,0.5928841384312553,1.0572640351204892,1.102331757586878,1.3908469102050705,2.3459000166291997,0.5928841384312553,1.0573829052289314,1.0954451150103321,0.2862540684944486,1.3908469102050705,2.3459000166291997,0.41923239474268437,0.7476826225981099,0.7745966692414833,0.9834772817983624,1.2909944487358058,0.5412266943430235,0.9652541151903884,1.2696637112594655,0.02493851452834561,True,True,true,
6,462,2802671382,haar,identified_unknot,false,0_1,0_1,1,"{""2"": ""1"", ""3"": ""1"", ""4"": ""1""}",0,0,"1+a,2+c,3+a,4-a,5-c,1-a,2-c,3-a,6-a,6+a,4+a,5+c",----,6,0,0.5202041997340833,1.127474900736036,1.1646618551396277,1.346875428138177,2.589128324659181,0.5202041997340833,1.0594900340222546,1.095445115010332,0.2783538535884156,1.3517629623733782,2.5985237394553313,0.36783991723369147,0.7491725876567021,0.7745966692414831,0.9558407572510316,1.290994448735806,0.474879291172134,0.9671776518098416,1.233985111486511,0.00785286538423921,True,True,true,
6,463,1815550775,haar,identified_unknot,false,0_1,0_1,1,"{""2"": ""1"", ""3"": ""1"", ""4"": ""1""}",0,0,"1-a,1+a",----,1,0,0.2095081852554133,1.0759049691002784,1.1485267391252623,1.3818157526990047,6.595521559286196,0.2095081852554133,1.0319289094614195,1.0954451150103321,0.3675904321629785,1.4134135404611345,6.7463404293155875,0.14814465850819017,0.7296839295826085,0.7745966692414833,0.9994342990809548,1.2909944487358058,0.19125393174393518,0.9420179024228762,1.2902641319896737,0.036646195091345986,True,True,true,
6,464,3051981426,haar,identified_unknot,false,0_1,0_1,1,"{""2"": ""1"", ""3"": ""1"", ""4"": ""1""}",0,0,"1-c,1+c",----,1,0,0.4727954350796078,1.001896450889125,1.0585403741937098,1.396211409610435,2.9530983296726316,0.20164086502506345,1.035058911225407,1.0954451150103324,0.35868238079514797,1.4129719339700295,7.007368936819432,0.14258162302354369,0.7318971750550499,0.7745966692414834,0.9991220361364784,1.2909944487358056,0.18407208381513623,0.9448751900414873,1.2898610022618087,0.04255843833075794,True,True,true,
6,465,1493014422,haar,identified_unknot,false,0_1,0_1,1,"{""2"": ""1"", ""3"": ""1"", ""4"": ""1""}",0,0,"1+c,2+a,3-a,4-c,5-a,1-c,2-a,3+a,6-c,6+c,4+c,5+a",----,6,0,0.8921338810073691,1.1303658304725632,1.144015054709113,1.392172565529954,1.5604973593850702,0.5887310630984973,1.0765168270678673,1.0954451150103321,0.20275976188517134,1.392172565529954,2.36470037473976,0.4162957270121126,0.7612123484811149,0.7745966692414833,0.9844146616681035,1.2909944487358058,0.5374354726050738,0.9827209161982648,1.2708738634676582,0.17313143809755202,True,True,true,
6,466,458261162,haar,identified_unknot,false,0_1,0_1,1,"{""2"": ""1"", ""3"": ""1"", ""4"": ""1""}",0,0,"1-a,2-c,3+c,3-c,2+c,1+a",----,3,0,0.44246884291485306,1.0569968521070836,1.1051688271495557,1.3788668712475602,3.1163027483788364,0.22861874324086068,1.046697061437836,1.0954451150103324,0.3231489773732844,1.3788668712475602,6.03129407370969,0.16165786365195875,0.7401265899907261,0.7745966692414834,0.9750061150126279,1.2909944487358056,0.2086994045691685,0.955499319039789,1.258727481964767,0.038375927509928194,True,True,true,
6,467,2148114464,haar,identified_unknot,false,0_1,0_1,1,"{""2"": ""1"", ""3"": ""1"", ""4"": ""1""}",0,0,"1-c,2-a,3+a,1+c,2+a,3-a",----,3,0,0.41614963768658975,1.019995620862917,1.0766841222959342,1.3805785320425439,3.317505067930118,0.41614963768658975,1.0476560851784875,1.0954451150103321,0.32002613516474876,1.3805785320425439,3.317505067930118,0.2942622307965124,0.7408047221810597,0.7745966692414833,0.976216441967852,1.2909944487358058,0.379890906430912,0.9563747839330187,1.2602900073451169,0.2625249027115526,True,True,true,
6,468,1761923022,haar,identified_unknot,false,0_1,0_1,1,"{""2"": ""1"", ""3"": ""1"", ""4"": ""1""}",0,0,"1-a,1+a",----,1,0,0.6602532302018109,1.0091741089941584,1.0535485556048783,1.3205743985703855,2.0001028971365167,0.6331330649530607,1.066715567443711,1.0954451150103321,0.24923462474793073,1.3205743985703855,2.085777021720214,0.44769268362173203,0.754281811336704,0.7745966692414833,0.9337871122904661,1.2909944487358058,0.5779687692952914,0.9737736312180733,1.2055139782680302,0.11278531630173923,True,True,true,
6,469,3759898163,haar,identified_unknot,false,0_1,0_1,1,"{""2"": ""1"", ""3"": ""1"", ""4"": ""1""}",0,0,"1+a,2+c,2-c,1-a",----,2,0,0.5314642937608695,1.016559500429018,1.0662249683750677,1.363228747982418,2.5650429652303193,0.5314642937608695,1.0637833766388602,1.0954451150103324,0.26146687665328733,1.3961998484540106,2.6270811884160667,0.3758020060768301,0.7522084393348611,0.7745966692414834,0.9872623807334608,1.2909944487358056,0.4851583036689671,0.9710969194735298,1.2745502529725932,0.36207182495979684,True,True,true,
6,470,2301971148,haar,identified_unknot,false,0_1,0_1,1,"{""2"": ""1"", ""3"": ""1"", ""4"": ""1""}",0,0,----,----,0,0,0.6496340691001531,1.006040651015806,1.0314196100911486,1.353753598761573,2.0838710023886797,0.6496340691001531,1.0693854036886319,1.0954451150103324,0.23751812220902627,1.3801156432418014,2.1244508391523893,0.4593606555505284,0.7561696706501452,0.7745966692414834,0.9758891301579117,1.2909944487358056,0.5930320562833726,0.9762108471117199,1.259867449615478,0.3689495490444953,True,True,true,
6,471,3721639336,haar,identified_unknot,false,0_1,0_1,1,"{""2"": ""1"", ""3"": ""1"", ""4"": ""1""}",0,0,"1+c,1-c",----,1,0,0.700901352331433,0.9490479184869803,0.962116235769452,1.1681943542141873,1.6667029537443192,0.700901352331433,1.0750641871697348,1.0954451150103324,0.21032592199982753,1.3975386898009468,1.9939163837425398,0.49561209917637783,0.7601851769585232,0.7745966692414834,0.9882090845288123,1.2909944487358056,0.6398324687630033,0.9813948434646995,1.2757724423169892,0.6601660558672485,True,True,true,
6,472,2995495323,haar,identified_unknot,false,0_1,0_1,1,"{""2"": ""1"", ""3"": ""1"", ""4"": ""1""}",0,0,"1+c,1-c,2-a,2+a",----,2,0,0.7273109414703771,1.0342083098669517,1.055807051516296,1.2953253062659766,1.7809787154408352,0.5789061630554427,1.0720582891097898,1.095445115010332,0.22514667386170747,1.3960431432905678,2.4115188823043616,0.40934847356718873,0.7580596860567806,0.7745966692414831,0.9871515734497435,1.290994448735806,0.5284666069737165,0.9786508465097118,1.2744072013844352,0.3454982746099897,True,True,true,
6,473,881239136,haar,identified_unknot,false,0_1,0_1,1,"{""2"": ""1"", ""3"": ""1"", ""4"": ""1""}",0,0,"1+a,1-a",----,1,0,0.7171946080554445,1.0058714017577506,1.0323469081159167,1.3806342995832688,1.9250483537887046,0.6307415798447437,1.068241278418579,1.0954451150103321,0.24261197637923815,1.3979798565122337,2.2164066888635197,0.4460016482845344,0.7553606519131639,0.7745966692414833,0.9885210365019971,1.2909944487358058,0.5757856520623532,0.9751664084133541,1.276175170582643,0.12180025047074455,True,True,true,
6,474,85778290,haar,identified_unknot,false,0_1,0_1,1,"{""2"": ""1"", ""3"": ""1"", ""4"": ""1""}",0,0,"1+a,2+a,2-a,3+c,4+a,1-a,3-c,4-a",----,4,0,0.6584713781581985,1.1501509198391,1.1768503040592764,1.410386342716091,2.141909868066041,0.6584713781581985,1.0648322600323115,1.0954451150103321,0.2571619295200585,1.410386342716091,2.141909868066041,0.4656095767129136,0.7529501118950445,0.7745966692414833,0.9972937470274419,1.2909944487358058,0.6010993788145997,0.9720544146315062,1.2875006911713585,0.08387603144915903,True,True,true,
6,475,3676461935,haar,identified_unknot,false,0_1,0_1,1,"{""2"": ""1"", ""3"": ""1"", ""4"": ""1""}",0,0,"1+c,2+a,2-a,1-c",----,2,0,0.2251947360462742,0.9482182513528183,1.0221392564617329,1.372865425741831,6.096347764806222,0.2251947360462742,1.0546610244132313,1.0954451150103321,0.2961251822855215,1.3848295022027417,6.149475456292103,0.15923672494583513,0.7457579622157468,0.7745966692414833,0.9792223317947495,1.2909944487358058,0.20557372793994358,0.9627693893210559,1.2641705944251531,0.2251947360462742,True,True,true,
6,476,3618196142,haar,identified_unknot,false,0_1,0_1,1,"{""2"": ""1"", ""3"": ""1"", ""4"": ""1""}",0,0,----,----,0,0,0.5916715101804036,1.0465375172804041,1.0753375858832384,1.2812745175884883,2.165516668527476,0.5349286389426576,1.0657076317423795,1.095445115010332,0.25350984920915537,1.3579295896893937,2.5385247504666855,0.3782516680472435,0.7535690931672925,0.7745966692414831,0.9602012212432363,1.290994448735806,0.4883208036740502,0.97285351601785,1.2396144462943597,0.28953463835980436,True,True,true,
6,477,1356883622,haar,identified_unknot,false,0_1,0_1,1,"{""2"": ""1"", ""3"": ""1"", ""4"": ""1""}",0,0,----,----,0,0,0.5025115622558114,0.973145956150451,1.0074198158349679,1.2396613836738632,2.4669310654444088,0.5025115622558114,1.064318369681905,1.0954451150103324,0.25928055838734243,1.3715538127887559,2.729397521982877,0.35532933329573013,0.7525867365434857,0.7745966692414834,0.9698350017851937,1.2909944487358056,0.4587281967577825,0.9715852990698363,1.2520516034943652,0.2548550227096126,True,True,true,
6,478,2414256077,haar,identified_unknot,false,0_1,0_1,1,"{""2"": ""1"", ""3"": ""1"", ""4"": ""1""}",0,0,"1+c,1-c",----,1,0,0.4524311751975227,0.9434324728052381,0.9697820439593074,1.125052848033047,2.4866828585405742,0.4524311751975227,1.0679953613598445,1.0954451150103321,0.24369224056964733,1.4073721379749975,3.110687802096233,0.3199171520023672,0.7551867622933233,0.7745966692414833,0.9951623824151301,1.2909944487358058,0.41301126729042503,0.9749419178794467,1.284749111288632,0.3840086759869812,True,True,true,
6,479,1190816570,haar,identified_unknot,false,0_1,0_1,1,"{""2"": ""1"", ""3"": ""1"", ""4"": ""1""}",0,0,"1+c,1-c",----,1,0,0.9530633912321573,1.1183885042115806,1.1307767186828703,1.410957648626432,1.4804447024266572,0.35495567524768157,1.0463361974256506,1.0954451150103321,0.3243155283929987,1.410957648626432,3.9750249031569687,0.25099156498828556,0.7398714206006237,0.7745966692414833,0.9976977213107759,1.2909944487358058,0.3240287170793889,0.9551698967736796,1.288022219728575,0.06422983874724501,True,True,true,
6,480,4169760934,haar,identified_unknot,false,0_1,0_1,1,"{""2"": ""1"", ""3"": ""1"", ""4"": ""1""}",0,0,"1-a,2-c,3-a,1+a,2+c,3+a",----,3,0,0.7477009633456884,1.082768676439159,1.1090080012673218,1.353639547149817,1.8104023045426811,0.5640158758841042,1.0623335643387641,1.0954451150103321,0.26729646103025095,1.4020194396674006,2.4857800987777376,0.39881945053452017,0.7511832672260156,0.7745966692414833,0.9913774531441826,1.2909944487358058,0.5148736966879298,0.9697734279720114,1.279862788610981,0.18522926361002626,True,True,true,
6,481,2041536581,haar,identified_unknot,false,0_1,0_1,1,"{""2"": ""1"", ""3"": ""1"", ""4"": ""1""}",0,0,"1-a,2-c,2+c,3+a,3-a,1+a",----,3,0,0.3581723552955114,1.0017537171555466,1.0595742913792028,1.3525591534802623,3.776280144134319,0.3581723552955114,1.0583502311369217,1.0954451150103321,0.2826566614329556,1.3925984012199333,3.8880677992888786,0.2532661012630135,0.7483666253072673,0.7745966692414833,0.9847157729721592,1.2909944487358058,0.3269651307835109,0.9661371588908308,1.2712625964896456,0.3581723552955114,True,True,true,
6,482,3204184492,haar,identified_unknot,false,0_1,0_1,1,"{""2"": ""1"", ""3"": ""1"", ""4"": ""1""}",0,0,"1-c,1+c",----,1,0,0.7501393020825425,1.0264390664474454,1.052524148993196,1.3959913046289423,1.8609760890455684,0.6618195699453365,1.0665301430519698,1.0954451150103321,0.25002690647517234,1.3959913046289423,2.1093230965416225,0.46797710583031205,0.7541506964919064,0.7745966692414833,0.9871149179805804,1.2909944487358058,0.6041558457623816,0.9736043626812928,1.2743598793772295,0.404153766789789,True,True,true,
6,483,994760394,haar,identified_unknot,false,0_1,0_1,1,"{""2"": ""1"", ""3"": ""1"", ""4"": ""1""}",0,0,"1-a,2-c,3-a,1+a,2+c,3+a",----,3,0,0.4185138209465559,1.0192912604268407,1.071961974621121,1.3972280980208358,3.3385470875506913,0.4185138209465559,1.0649744698196677,1.0954451150103321,0.2565723652935325,1.3972280980208358,3.3385470875506913,0.2959339608116022,0.7530506694000352,0.7745966692414833,0.9879894629749151,1.2909944487358058,0.382049100600178,0.9721842338122278,1.2754889121100852,0.056375140279403886,True,True,true,
6,484,4203691082,haar,identified_unknot,false,0_1,0_1,1,"{""2"": ""1"", ""3"": ""1"", ""4"": ""1""}",0,0,"1+c,2+a,3+c,4+a,5-a,1-c,2-a,5+a,4-a,3-c",----,5,0,1.0017204601704717,1.2087028143795442,1.2163578693465766,1.3428255013162977,1.3405191914396728,0.7071966138200162,1.076048366576462,1.0954451150103321,0.20523136404586947,1.3428255013162977,1.8988008074060874,0.5000635212642975,0.7608810968909241,0.7745966692414833,0.9495210179309793,1.2909944487358058,0.6455792299674876,0.9822932722341936,1.2258263631068658,0.0492089235497684,True,True,true,
6,485,4269279147,haar,identified_unknot,false,0_1,0_1,1,"{""2"": ""1"", ""3"": ""1"", ""4"": ""1""}",0,0,"1-a,1+a",----,1,0,0.7016624775312147,1.089264784405811,1.1231025865695219,1.4065466795651669,2.00459155877064,0.7016624775312147,1.074099684504406,1.0954451150103321,0.21519727634785613,1.4065466795651669,2.00459155877064,0.4961502959664754,0.7595031705833967,0.7745966692414833,0.9945786951759513,1.2909944487358058,0.6405272778313468,0.9805143770204087,1.2839955743030544,0.15727957875413287,True,True,true,
6,486,2384739462,haar,identified_unknot,false,0_1,0_1,1,"{""2"": ""1"", ""3"": ""1"", ""4"": ""1""}",0,0,----,----,0,0,0.4035464146360893,0.927630299102541,1.0072884058852718,1.4011112791999,3.471995360096053,0.4035464146360893,1.050686669226572,1.0954451150103324,0.30993148131413256,1.4011112791999,3.471995360096053,0.285350406312697,0.742947668712416,0.7745966692414834,0.9907352867192074,1.2909944487358056,0.36838579049419834,0.9591413160089372,1.2790337553211735,0.38134142798860166,True,True,true,
6,487,3083346232,haar,identified_unknot,false,0_1,0_1,1,"{""2"": ""1"", ""3"": ""1"", ""4"": ""1""}",0,0,"1+c,1-c",----,1,0,0.39183914981877893,0.9873198083046657,1.073679781024821,1.3693369497922618,3.4946404677163176,0.39183914981877893,1.045239383508098,1.0954451150103321,0.3278332368195932,1.3728705044887346,3.5036583381820607,0.2770721199712301,0.7390958560418224,0.7745966692414833,0.9707660434149807,1.2909944487358058,0.35769856878231926,0.9541686472336308,1.2532535730699623,0.16508317329432762,True,True,true,
6,488,3732381267,haar,identified_unknot,false,0_1,0_1,1,"{""2"": ""1"", ""3"": ""1"", ""4"": ""1""}",0,0,"1+a,1-a",----,1,0,0.5708196208696972,1.0225914066925719,1.0690834650083902,1.3760269184362484,2.4106160127077314,0.5708196208696972,1.0598608440702653,1.0954451150103321,0.276938605482631,1.3760269184362484,2.4106160127077314,0.40363042475129696,0.7494347899561826,0.7745966692414833,0.9729979651214995,1.2909944487358058,0.5210846376947997,0.9675161535229163,1.256134971603091,0.2135063778035993,True,True,true,
6,489,1525560306,haar,identified_unknot,false,0_1,0_1,1,"{""2"": ""1"", ""3"": ""1"", ""4"": ""1""}",0,0,"1+a,1-a,2-c,2+c",----,2,0,0.31140814478821005,0.9575087728547332,1.0436070782807725,1.4027852773946994,4.504651856003122,0.31140814478821005,1.0472062880390511,1.0954451150103321,0.3214949304288814,1.408699595573938,4.523644031635719,0.22019881089646554,0.7404866675736059,0.7745966692414833,0.9961010366850785,1.2909944487358058,0.28427544248556247,0.9559641772004015,1.2859609087404176,0.2818337221031006,True,True,true,
6,490,3775658980,haar,identified_unknot,false,0_1,0_1,1,"{""2"": ""1"", ""3"": ""1"", ""4"": ""1""}",0,0,----,----,0,0,0.4092840449440939,0.9948198018772308,1.042043997074745,1.323742036572937,3.2342869284185105,0.4092840449440939,1.0480590829678096,1.0954451150103321,0.31870387291131874,1.3569021928001135,3.315306837786602,0.28940752361142846,0.7410896846506926,0.7745966692414833,0.9594747419358562,1.2909944487358058,0.3736235064047308,0.956742668899413,1.2386765655414103,0.38747318255005075,True,True,true,
6,491,257710533,haar,identified_unknot,false,0_1,0_1,1,"{""2"": ""1"", ""3"": ""1"", ""4"": ""1""}",0,0,"1-c,1+c,2+a,2-a",----,2,0,0.5475238419958688,1.0236353200900707,1.0554792565425613,1.3187610841247168,2.408591157085479,0.5475238419958688,1.0717889715364235,1.0954451150103324,0.22642526469653496,1.3551537617915599,2.475058906753114,0.38715782153659056,0.7578692497743605,0.7745966692414834,0.9582384145132712,1.2909944487358056,0.49981859838838616,0.9784049943262689,1.237080473702033,0.27073120917815185,True,True,true,
6,492,2900374580,haar,identified_unknot,false,0_1,0_1,1,"{""2"": ""1"", ""3"": ""1"", ""4"": ""1""}",0,0,"1+c,1-c",----,1,0,0.6656732484858187,1.0184291728403296,1.0418537579155143,1.3377412366756127,2.0096064243508676,0.5500894523899202,1.061894924773178,1.0954451150103324,0.2690337687744176,1.407041601822148,2.5578414487118613,0.38897198204410705,0.7508731022146928,0.7745966692414834,0.994928658060023,1.2909944487358056,0.5021606695327057,0.9693730066642018,1.2844473744436542,0.35996454288907387,True,True,true,
6,493,1312461900,haar,identified_unknot,false,0_1,0_1,1,"{""2"": ""1"", ""3"": ""1"", ""4"": ""1""}",0,0,"1+a,2+c,3+a,1-a,2-c,3-a",----,3,0,0.8581590096667574,1.1419618619452316,1.1589891179473568,1.3435824906462057,1.5656568019578905,0.6037677019714864,1.0663263949817943,1.0954451150103324,0.2508944386891246,1.403150574379115,2.3239907828746036,0.42692823632545646,0.7540066248498316,0.7745966692414834,0.9921772861692714,1.2909944487358056,0.5511619831047324,0.9734183669911535,1.280895368606286,0.3469704882340065,True,True,true,
6,494,211273390,haar,identified_unknot,false,0_1,0_1,1,"{""2"": ""1"", ""3"": ""1"", ""4"": ""1""}",0,0,"1+a,2+c,3+a,1-a,2-c,3-a",----,3,0,0.684185003437616,1.1008763901071192,1.1416057092774892,1.4058630436349533,2.0547995594339854,0.684185003437616,1.0680072805529517,1.0954451150103321,0.24363999812405412,1.4058630436349533,2.0547995594339854,0.4837918555168796,0.7551951904355956,0.7745966692414833,0.9940952915738346,1.2909944487358058,0.6245725998158865,0.9749527985643334,1.2833715029362227,0.16954298556289651,True,True,true,
6,495,4152473081,haar,identified_unknot,false,0_1,0_1,1,"{""2"": ""1"", ""3"": ""1"", ""4"": ""1""}",0,0,----,----,0,0,0.5562804071025521,1.046804277211943,1.0790535484507242,1.3501973492536459,2.427188396381418,0.25761833035536325,1.039678445628635,1.0954451150103321,0.3450633705498535,1.413036536742242,5.484999979594133,0.18216366835223355,0.735163679157497,0.7745966692414833,0.9991677171947934,1.2909944487358058,0.2351722846040839,0.9490922287045195,1.2899199762545057,0.1767583405045655,True,True,true,
6,496,2035390494,haar,identified_unknot,false,0_1,0_1,1,"{""2"": ""1"", ""3"": ""1"", ""4"": ""1""}",0,0,"1-c,2-c,3+c,1+c,4+a,3-c,2+c,4-a",----,4,0,0.6225193296402135,1.0686522454315737,1.0934263349527704,1.3062472854463365,2.098324057184353,0.5889492564859319,1.0631916199570355,1.0954451150103321,0.26386280384535854,1.3923102264997569,2.364058042635486,0.4164500130359777,0.7517900041723304,0.7745966692414833,0.9845120026733559,1.2909944487358058,0.5376346550054011,0.9705567220015471,1.2709995301650734,0.2492604886742197,True,True,true,
6,497,72546657,haar,identified_unknot,false,0_1,0_1,1,"{""2"": ""1"", ""3"": ""1"", ""4"": ""1""}",0,0,"1+a,2+c,2-c,1-a",----,2,0,0.9767684878125378,1.1689336502331742,1.174415434153286,1.2867532940296291,1.3173575008662481,0.40870432911029236,1.0645184454610768,1.095445115010332,0.2584578868464488,1.4050851921830638,3.4379014170018483,0.28899760261418617,0.7527282114836893,0.7745966692414831,0.9935452675374478,1.290994448735806,0.37309430067287086,0.9717679424322749,1.2826614249585764,0.2614198039565154,True,True,true,
6,498,3150372655,haar,identified_unknot,false,0_1,0_1,1,"{""2"": ""1"", ""3"": ""1"", ""4"": ""1""}",0,0,"1+a,2-a,2+a,1-a",----,2,0,0.5672823126573171,1.133658775527774,1.171252340725318,1.3952257488645499,2.459491011325388,0.5672823126573171,1.0723020005532125,1.0954451150103321,0.22398307884654695,1.3952257488645499,2.459491011325388,0.40112917012717614,0.7582320160710775,0.7745966692414833,0.9865735883082021,1.2909944487358058,0.5178555318601851,0.9788733236015194,1.2736610257752532,0.12132641646994988,True,True,true,
6,499,1961653552,haar,identified_unknot,false,0_1,0_1,1,"{""2"": ""1"", ""3"": ""1"", ""4"": ""1""}",0,0,"1-a,2-c,2+c,1+a",----,2,0,0.9412173102170462,1.175303330827777,1.1835828279684653,1.3422522494892661,1.4260811344191497,0.1362155704225272,1.0465953996961401,1.0954451150103324,0.3234780816915988,1.3660075889172705,10.028277858985213,0.09631895354896268,0.7400547042837857,0.7745966692414834,0.9659132292756877,1.2909944487358056,0.12434723433975274,0.9554065149911857,1.246988616955388,0.03452985355287377,True,True,true,
6,500,2111137499,haar,identified_unknot,false,0_1,0_1,1,"{""2"": ""1"", ""3"": ""1"", ""4"": ""1""}",0,0,----,----,0,0,0.858353457991736,1.0413111617956123,1.0490371901829245,1.2385542339984021,1.4429419750882235,0.5675535519556355,1.0708854671701886,1.0954451150103321,0.23066060826176255,1.4038102202299807,2.4734409914145226,0.40132096527434136,0.7572303757101643,0.7745966692414833,0.9926437262236,1.2909944487358058,0.5181031383304698,0.9775802114559508,1.2814975401270927,0.484443822560683,True,True,true,
6,501,3439574646,haar,identified_unknot,false,0_1,0_1,1,"{""2"": ""1"", ""3"": ""1"", ""4"": ""1""}",0,0,"1+a,2+c,2-c,1-a",----,2,0,0.5834019340721722,1.0830811344292626,1.1121619334696295,1.376916862989547,2.360151351193857,0.5834019340721722,1.0711280223195887,1.0954451150103321,0.22953160959163488,1.376916862989547,2.360151351193857,0.41252746373978005,0.7574018881011167,0.7745966692414833,0.973627250950017,1.2909944487358058,0.5325706656391175,0.9778016330005596,1.2569473761143752,0.2527916036367453,True,True,true,
6,502,2058340637,haar,identified_unknot,false,0_1,0_1,1,"{""2"": ""1"", ""3"": ""1"", ""4"": ""1""}",0,0,----,----,0,0,0.6862722079201202,1.0092169627854481,1.0313725350102938,1.2903122976037047,1.8801756543722556,0.6862722079201202,1.0746201005367166,1.0954451150103321,0.2125832531561627,1.4009495126447835,2.041390422745852,0.48526773196018125,0.7598711602888817,0.7745966692414833,0.9906209004911153,1.2909944487358058,0.6264779481112089,0.9809894496873819,1.278886083335695,0.4182033835092143,True,True,true,
6,503,3976795763,haar,identified_unknot,false,0_1,0_1,1,"{""2"": ""1"", ""3"": ""1"", ""4"": ""1""}",0,0,"1+c,2+a,3+c,3-c,2-a,1-c",----,3,0,0.9039966076353797,1.112018535436665,1.1214212999387863,1.3027477054279593,1.4410980023869877,0.6254354260257067,1.072632740017029,1.0954451150103324,0.2223938062167214,1.401913974309919,2.241500746477219,0.4422496309370745,0.7584658841887482,0.7745966692414834,0.991302877874727,1.2909944487358056,0.570941818495222,0.9791752460431684,1.2797665123521007,0.299850840019997,True,True,true,
6,504,83729241,haar,identified_unknot,false,0_1,0_1,1,"{""2"": ""1"", ""3"": ""1"", ""4"": ""1""}",0,0,"1-a,1+a",----,1,0,0.8006540262328394,1.0466447177290943,1.0576062819698295,1.284529638445034,1.604350438964105,0.5471672751205532,1.0576075202934427,1.095445115010332,0.2854230772358022,1.4010736822584922,2.5605948052171144,0.3869056906811084,0.7478414494333825,0.7745966692414831,0.990708701666986,1.290994448735806,0.4994930988536039,0.9654591597530362,1.2789994341663367,0.3217261717643313,True,True,true,
6,505,3762176121,haar,identified_unknot,false,0_1,0_1,1,"{""2"": ""1"", ""3"": ""1"", ""4"": ""1""}",0,0,"1+a,1-a",----,1,0,0.3739434197753406,1.0510535651958195,1.1084384203134352,1.3845131039731116,3.7024668191912706,0.3739434197753406,1.0546085863822794,1.0954451150103324,0.29631187881819826,1.3845131039731116,3.7024668191912706,0.26441792790323104,0.7457208829284686,0.7745966692414834,0.9789986044610226,1.2909944487358056,0.3413620770692957,0.9627215201670165,1.263881763679281,0.0803537514507448,True,True,true,
6,506,366363875,haar,identified_unknot,false,0_1,0_1,1,"{""2"": ""1"", ""3"": ""1"", ""4"": ""1""}",0,0,----,----,0,0,0.7291223798453067,0.9869894090311416,1.0167780725612952,1.3343601441113158,1.8300907789916125,0.35368212323475745,1.0561506243272674,1.0954451150103321,0.2907677057947162,1.4056691364312497,3.9743855968039217,0.25009102772375313,0.7468112684162166,0.7745966692414833,0.9939581784751749,1.2909944487358058,0.32286612846999785,0.9641292017786814,1.283194490687004,0.31110203346064996,True,True,true,
6,507,298303656,haar,identified_unknot,false,0_1,0_1,1,"{""2"": ""1"", ""3"": ""1"", ""4"": ""1""}",0,0,"1-c,1+c,2+a,2-a",----,2,0,0.6951263604246809,1.122021662753016,1.1554658583435269,1.4081418509909125,2.0257350766134397,0.5672975742809954,1.061473462862731,1.0954451150103321,0.27069186843753423,1.4081418509909125,2.482192617826051,0.40113996172477095,0.7505750836398039,0.7745966692414833,0.9957066517082511,1.2909944487358058,0.5178694637527729,0.9689882663383995,1.2854517599246686,0.1672441985889301,True,True,true,
6,508,1495672303,haar,identified_unknot,false,0_1,0_1,1,"{""2"": ""1"", ""3"": ""1"", ""4"": ""1""}",0,0,"1-a,2-c,3-a,1+a,2+c,3+a",----,3,0,0.2332321949404618,0.942862667685981,1.0527552067909733,1.4005129183956995,6.004801004223343,0.1418000200792836,1.018410870502643,1.0954451150103324,0.4035335163800512,1.4033327765782935,9.896562608338549,0.10026775577045004,0.7201252325665136,0.7745966692414834,0.9923061225798575,1.2909944487358056,0.12944511608684853,0.9296776776379502,1.281061695697148,0.04756436551545673,True,True,true,
6,509,1669954743,haar,identified_unknot,false,0_1,0_1,1,"{""2"": ""1"", ""3"": ""1"", ""4"": ""1""}",0,0,"1-a,1+a",----,1,0,0.8478785174658114,1.1041413441529235,1.1146140840156737,1.2744980596329833,1.5031611644581788,0.4052434467842562,1.0536662127311518,1.0954451150103321,0.299645644301383,1.4011760881513031,3.4576156610800477,0.2865503892525574,0.7450545241293447,0.7745966692414833,0.9907811135682261,1.2909944487358058,0.36993496180813584,0.9618612546564816,1.27909291752886,0.1453495074448667,True,True,true,
6,510,2006854884,haar,identified_unknot,false,0_1,0_1,1,"{""2"": ""1"", ""3"": ""1"", ""4"": ""1""}",0,0,"1-c,1+c,2-c,2+c",----,2,0,0.40021546278002434,1.0137370029457131,1.0631392139487705,1.3645757810202208,3.409602846280456,0.40021546278002434,1.059907910728301,1.0954451150103321,0.27675841590739114,1.3828238036755613,3.45519834258783,0.2829950676674675,0.7494680711092474,0.7745966692414833,0.9778040887651644,1.2909944487358058,0.3653450613783143,0.9675591193067702,1.2623396505470004,0.020941917390918885,True,True,true,
6,511,103317893,haar,identified_unknot,false,0_1,0_1,1,"{""2"": ""1"", ""3"": ""1"", ""4"": ""1""}",0,0,"1+a,2-a,2+a,1-a",----,2,0,0.6733640121594638,1.120776756011992,1.1424967376932886,1.3224930901057526,1.9640091632823469,0.5213958880361532,1.05954642394926,1.0954451150103321,0.27813912974685,1.3311649872606799,2.5530791818756686,0.3686825681131458,0.7492124613564782,0.7745966692414833,0.9412757893701308,1.2909944487358058,0.47596714877973184,0.9672291285349028,1.2151818188062524,0.14855967122004313,True,True,true,
6,512,2715059639,haar,identified_unknot,false,0_1,0_1,1,"{""2"": ""1"", ""3"": ""1"", ""4"": ""1""}",0,0,"1+a,1-a",----,1,0,0.43861098540281507,1.0212113668239802,1.0661910650957322,1.3808033220546883,3.1481275390003627,0.43861098540281507,1.058540935339013,1.0954451150103321,0.2819416397263937,1.3808033220546883,3.1481275390003627,0.31014480208124434,0.7485014735417668,0.7745966692414833,0.9763753925097823,1.2909944487358058,0.4003952177911516,0.9663112472129914,1.2604952116123724,0.0553397708623005,True,True,true,
6,513,4220373661,haar,identified_unknot,false,0_1,0_1,1,"{""2"": ""1"", ""3"": ""1"", ""4"": ""1""}",0,0,"1+c,2+a,3+c,1-c,2-a,3-c",----,3,0,0.34286105053511234,1.020511139785815,1.0787159767619832,1.3936276397032035,4.064700955469079,0.34286105053511234,1.0531134465046617,1.095445115010332,0.30158260691073074,1.4011112412653703,4.0865278779220295,0.24243937383812147,0.7446636593821827,0.7745966692414831,0.9907352598954442,1.290994448735806,0.31298788577999964,0.9613566504376893,1.2790337206918445,0.15547285321670193,True,True,true,
6,514,2175900434,haar,identified_unknot,false,0_1,0_1,1,"{""2"": ""1"", ""3"": ""1"", ""4"": ""1""}",0,0,"1-c,1+c",----,1,0,0.6295319387799336,1.0922331488018806,1.1185054659433864,1.3759980413170023,2.185747785860968,0.2017064705431046,1.0500733543753435,1.0954451150103321,0.3120031256749113,1.407317145342139,6.977055032259839,0.14262801313023385,0.74251398962211,0.7745966692414833,0.9951234967515205,1.2909944487358058,0.18413197318534952,0.9585814387108197,1.2846989101127766,0.05174044019067342,True,True,true,
6,515,2112150795,haar,identified_unknot,false,0_1,0_1,1,"{""2"": ""1"", ""3"": ""1"", ""4"": ""1""}",0,0,"1-a,1+a",----,1,0,0.6541841537218342,1.0142600046222767,1.0470530943253866,1.310962234288207,2.0039651324933216,0.6541841537218342,1.0717948319865245,1.0954451150103321,0.22639752235167696,1.3395134663316681,2.047609161290145,0.46257805124149176,0.7578733937383678,0.7745966692414833,0.9471790555338205,1.2909944487358058,0.597185696259793,0.9784103441607983,1.2228029026529859,0.5505472201689859,True,True,true,
6,516,282247238,haar,identified_unknot,false,0_1,0_1,1,"{""2"": ""1"", ""3"": ""1"", ""4"": ""1""}",0,0,"1-a,2-a,3-c,4-a,5-c,1+a,6-a,3+c,4+a,5+c,2+a,6+a",----,6,0,0.8737605227109984,1.2062432289874236,1.2163007627306093,1.3495184574093342,1.5444946553801855,0.4582108732049708,1.0560081048386634,1.0954451150103324,0.29128488205716174,1.4078247361120995,3.072438517805184,0.3240040156566441,0.7467104919193734,0.7745966692414834,0.9954824176270273,1.2909944487358056,0.4182873855808366,0.9639990998806939,1.285162274970591,0.05193972256152477,True,True,true,
6,517,365209492,haar,identified_unknot,false,0_1,0_1,1,"{""2"": ""1"", ""3"": ""1"", ""4"": ""1""}",0,0,"1-a,2-c,3-a,1+a,2+c,3+a",----,3,0,0.7766657655182398,1.0439597168806356,1.0653824750767538,1.3965926520056768,1.7981900503542643,0.5759810291227233,1.060558151234496,1.0954451150103321,0.2742560990207293,1.3991421791776355,2.4291462885655606,0.40728009152748396,0.74992786058058,0.7745966692414833,0.9893429227406295,1.2909944487358058,0.5257963372425927,0.9681527049618481,1.2772362211542099,0.3639627080561609,True,True,true,
6,518,2390562366,haar,identified_unknot,false,0_1,0_1,1,"{""2"": ""1"", ""3"": ""1"", ""4"": ""1""}",0,0,----,----,0,0,0.6665804324106903,1.08417751765073,1.1162347083230892,1.3892263714198556,2.0841091395313147,0.6529345706625996,1.0634399863715907,1.0954451150103321,0.2628600300273718,1.405302175768727,2.1522863682078017,0.46169446258665114,0.7519656257482814,0.7745966692414833,0.9936986981022763,1.2909944487358058,0.5960449882114278,0.9707834484811779,1.2828595029660361,0.1250063265413658,True,True,true,
6,519,1096278398,haar,identified_unknot,false,0_1,0_1,1,"{""2"": ""1"", ""3"": ""1"", ""4"": ""1""}",0,0,"1-c,2-a,2+a,1+c",----,2,0,0.5060298343636875,1.020091094095324,1.0581260746601293,1.3977907219971488,2.7622693902125657,0.46549143418302796,1.0558646388175121,1.0954451150103324,0.2918044970434225,1.3977907219971488,3.0028280207784603,0.3291521496950705,0.7466090461229475,0.7745966692414834,0.9883872982038241,1.2909944487358056,0.4249335980457929,0.9638681339206605,1.2760025151821182,0.03916373386478237,True,True,true,
6,520,2179514782,haar,identified_unknot,false,0_1,0_1,1,"{""2"": ""1"", ""3"": ""1"", ""4"": ""1""}",0,0,"1-c,1+c",----,1,0,0.7630228294400334,1.0308509023040797,1.0439593284617121,1.174248429312905,1.5389427209860307,0.2394274925370073,1.0543854059568807,1.0954451150103321,0.29710505836344225,1.4100655279404963,5.889321702362766,0.16930080357540933,0.745563070536241,0.7745966692414833,0.9970668967241141,1.2909944487358058,0.2185663975823645,0.9625177852447088,1.2872078286890682,0.059493936235234135,True,True,true,
6,521,3518018589,haar,identified_unknot,false,0_1,0_1,1,"{""2"": ""1"", ""3"": ""1"", ""4"": ""1""}",0,0,"1+c,1-c,2+c,2-c",----,2,0,0.6744923292432314,1.0734067829271108,1.0987583743725737,1.352817482436134,2.005682531562622,0.6681139783814659,1.0707323911848101,1.095445115010332,0.231370150338495,1.38498199585387,2.0729726374069393,0.4724279247190569,0.7571221346428663,0.7745966692414831,0.9793301610895503,1.290994448735806,0.6099018282400798,0.9774404728389442,1.2643098014461522,0.23924473114320827,True,True,true,
6,522,3856521347,haar,identified_unknot,false,0_1,0_1,1,"{""2"": ""1"", ""3"": ""1"", ""4"": ""1""}",0,0,"1+c,1-c",----,1,0,0.5855108759455372,1.037304507303417,1.0918129593228476,1.4011099166000096,2.3929699244909286,0.5855108759455372,1.0582254464220207,1.0954451150103321,0.2831234793246844,1.4011099166000096,2.3929699244909286,0.4140187108395647,0.7482783891891723,0.7745966692414833,0.9907343232155847,1.2909944487358058,0.5344958573666329,0.9660232465521924,1.2790325114433456,0.24765733768338818,True,True,true,
6,523,1322782601,haar,identified_unknot,false,0_1,0_1,1,"{""2"": ""1"", ""3"": ""1"", ""4"": ""1""}",0,0,"1-c,1+c",----,1,0,0.3697377936303497,0.8958009883962704,0.9758531545766794,1.3457015994242043,3.639610617597798,0.3697377936303497,1.0545305202527469,1.095445115010332,0.2965895848735596,1.3559253213488849,3.667261893990987,0.26144410113697253,0.7456656818388951,0.7745966692414831,0.958783989508345,1.290994448735806,0.3375228832225542,0.9626502558668136,1.2377848079920428,0.28062951851567586,True,True,true,
6,524,1510945358,haar,identified_unknot,false,0_1,0_1,1,"{""2"": ""1"", ""3"": ""1"", ""4"": ""1""}",0,0,"1+c,2+a,2-a,1-c",----,2,0,0.7492421406623767,1.0557773042922616,1.0685525776315532,1.3007254640944637,1.7360548659803643,0.48605550951168497,1.0684236483481135,1.095445115010332,0.24180758393918544,1.4020283279229546,2.8845024909428565,0.34369314680879487,0.7554896069270223,0.7745966692414831,0.9913837380899577,1.290994448735806,0.4437059445986946,0.975332888620382,1.2798709024410877,0.017696761223567756,True,True,true,
6,525,339253442,haar,identified_unknot,false,0_1,0_1,1,"{""2"": ""1"", ""3"": ""1"", ""4"": ""1""}",0,0,"1+c,2-c,3-a,4-c,5-a,1-c,2+c,3+a,4+c,5+a",----,5,0,0.7358935169487819,1.1356251965205848,1.1627475764814748,1.379341398549009,1.8743763422025241,0.4767676027590627,1.0607596120615406,1.0954451150103324,0.27347585893283183,1.4089331497795385,2.9551780398374743,0.33712560496098737,0.7500703148975267,0.7745966692414834,0.9962661844476333,1.2909944487358056,0.4352272845313348,0.9683366126942248,1.2861741135850966,0.24409054955394233,True,True,true,
6,526,104813558,haar,identified_unknot,false,0_1,0_1,1,"{""2"": ""1"", ""3"": ""1"", ""4"": ""1""}",0,0,"1+c,1-c,2-a,2+a",----,2,0,0.8035830324700971,1.053650732140294,1.0610011804319937,1.2146227443146087,1.5115086994570248,0.1881474366364388,1.0601848822480668,1.0954451150103324,0.2756955122098525,1.40475841741706,7.46626391796931,0.13304032830849213,0.7496639195490694,0.7745966692414834,0.9933142028844858,1.2909944487358056,0.1717543253042524,0.967811958555374,1.2823631217743028,0.09883865047844959,True,True,true,
6,527,1084274778,haar,identified_unknot,false,0_1,0_1,1,"{""2"": ""1"", ""3"": ""1"", ""4"": ""1""}",0,0,"1+a,2+c,3-c,1-a,2-c,3+c",----,3,0,0.7571347726951773,1.048374392365056,1.061122631171563,1.216722467707286,1.6070090974373186,0.49821343685942415,1.062093556183345,1.0954451150103324,0.2682485375800137,1.3970617958645941,2.804143149312107,0.3522900996815546,0.7510135558317785,0.7745966692414834,0.9878718695925106,1.2909944487358056,0.4548045630334706,0.9695543315041639,1.2753370997061928,0.2294613879277662,True,True,true,
6,528,1807007533,haar,identified_unknot,false,0_1,0_1,1,"{""2"": ""1"", ""3"": ""1"", ""4"": ""1""}",0,0,"1+c,1-c,2-a,2+a",----,2,0,0.6803407806750773,0.9660795559808816,0.99042220804447,1.3422414667311942,1.9728957970141625,0.6333336617417318,1.0723632376988397,1.0954451150103321,0.22368971016133538,1.3826176848277103,2.183079422978042,0.4478345269712856,0.758275317272011,0.7745966692414833,0.9776583407301186,1.2909944487358058,0.5781518882721552,0.9789292252115481,1.2621514906428422,0.5368028788582099,True,True,true,
6,529,3168835224,haar,identified_unknot,false,0_1,0_1,1,"{""2"": ""1"", ""3"": ""1"", ""4"": ""1""}",0,0,"1-c,2+c,3+a,3-a,2-c,1+c",----,3,0,0.8771355695442061,1.189522045580537,1.2035573542710383,1.3962142396245145,1.5917884168692895,0.8030631647943263,1.0784364780261306,1.0954451150103324,0.19228822861162131,1.3962142396245145,1.7386107355354807,0.5678514095471979,0.762569746691214,0.7745966692414834,0.9872725568277133,1.2909944487358056,0.733093017432235,0.9844733097522268,1.274563390253783,0.160545419307948,True,True,true,
6,530,212017072,haar,identified_unknot,false,0_1,0_1,1,"{""2"": ""1"", ""3"": ""1"", ""4"": ""1""}",0,0,"1-a,1+a",----,1,0,0.6839141902221214,1.0567425256677436,1.0815082727602747,1.3814790638124423,2.0199596434221756,0.43723150476358597,1.0570975144616732,1.0954451150103321,0.2873061867049734,1.3814790638124423,3.1596054921966736,0.3091693619667299,0.7474808208512935,0.7745966692414833,0.9768532140890211,1.2909944487358058,0.3991359300182392,0.9649935902555031,1.2611120766186559,0.24488686383216754,True,True,true,
6,531,687754012,haar,identified_unknot,false,0_1,0_1,1,"{""2"": ""1"", ""3"": ""1"", ""4"": ""1""}",0,0,"1+a,2+c,3+a,4-a,5-c,1-a,2-c,3-a,4+a,5+c",----,5,0,0.22074180978721578,1.0277137237247693,1.1054798701624422,1.3688765572811785,6.201256384554915,0.22074180978721578,1.053522175025265,1.0954451150103324,0.30015167287562283,1.3688765572811785,6.201256384554915,0.15608803059193127,0.7449526740907656,0.7745966692414834,0.9679418962608167,1.2909944487358056,0.20150878100828787,0.9617297668220723,1.2496076147715234,0.024129868746810532,True,True,true,
6,532,1627878301,haar,identified_unknot,false,0_1,0_1,1,"{""2"": ""1"", ""3"": ""1"", ""4"": ""1""}",0,0,"1-c,1+c",----,1,0,0.3840516992664954,1.0103521351248739,1.0582593828223963,1.3697024381487404,3.566453268569701,0.3840516992664954,1.0605607261019732,1.0954451150103324,0.27424614172319006,1.378895444959765,3.590390167764738,0.2715655608775555,0.7499296812868338,0.7745966692414834,0.9750263196782916,1.2909944487358056,0.3505896315607496,0.9681550554835144,1.2587535660759774,0.05640049847434272,True,True,true,
6,533,333754182,haar,identified_unknot,false,0_1,0_1,1,"{""2"": ""1"", ""3"": ""1"", ""4"": ""1""}",0,0,"1+c,1-c",----,1,0,0.6525731746286153,1.000795252774231,1.0363196900034428,1.4103426284679124,2.1612022732478238,0.5589635461583449,1.056048990910141,1.0954451150103324,0.29113661535037694,1.410759230845376,2.523884143324316,0.3952469139246454,0.7467394027377713,0.7745966692414834,0.9975574187522833,1.2909944487358056,0.510261571756676,0.9640364235867536,1.287841089904417,0.3236322858800292,True,True,true,
6,534,2218584617,haar,identified_unknot,false,0_1,0_1,1,"{""2"": ""1"", ""3"": ""1"", ""4"": ""1""}",0,0,"1-a,2-c,3+c,3-c,2+c,1+a",----,3,0,0.6572243463481343,1.061298064709678,1.1054040641421004,1.4016164079527424,2.1326300763823207,0.6572243463481343,1.0637557715938026,1.0954451150103324,0.26157916278035875,1.404897347637554,2.137622191636483,0.4647277920636619,0.752188919620306,0.7745966692414834,0.9934124413855088,1.2909944487358056,0.5999609997274352,0.9710717196303982,1.2824899471337756,0.23100048499061054,True,True,true,
6,535,1219791148,haar,identified_unknot,false,0_1,0_1,1,"{""2"": ""1"", ""3"": ""1"", ""4"": ""1""}",0,0,"1-c,2-a,3-c,4-a,5+a,6+c,7+a,3+c,2+a,1+c,4+a,7-a,6-c,5-a",----,7,0,0.4316601674404813,1.0718639655937447,1.1158460592685242,1.3472077261000002,3.1209915292583896,0.33299700386686437,1.0378959821613079,1.0954451150103321,0.35038825638627547,1.383738426739754,4.155408038725137,0.23546443954906277,0.7339032871525327,0.7745966692414833,0.9784508249360846,1.2909944487358058,0.30398328433252775,0.9474650696228797,1.263174583353455,0.047408468962510525,True,True,true,
6,536,2394682632,haar,identified_unknot,false,0_1,0_1,1,"{""2"": ""1"", ""3"": ""1"", ""4"": ""1""}",0,0,"1-a,2+a,2-a,1+a",----,2,0,0.8929855887736277,1.0816035000476982,1.0876017405284208,1.2654573331536083,1.417108348737756,0.3721831964087558,1.0667204249263105,1.0954451150103321,0.24921383397602834,1.3716494243692414,3.6854147033086546,0.2631732620243159,0.7542852460955896,0.7745966692414833,0.969902609382115,1.2909944487358058,0.3397552203290855,0.9737780654727272,1.2521388845266832,0.026971825073165773,True,True,true,
6,537,3825876246,haar,identified_unknot,false,0_1,0_1,1,"{""2"": ""1"", ""3"": ""1"", ""4"": ""1""}",0,0,"1+c,1-c,2-a,2+a",----,2,0,0.7004789038330007,1.0068135088867944,1.0236705731149334,1.2801729695726765,1.827568200223599,0.7004789038330007,1.07562020645807,1.0954451150103321,0.2074636629848673,1.3990248106708378,1.9972404636533858,0.49531338297843425,0.7605783419677755,0.7745966692414833,0.9892599306735751,1.2909944487358058,0.6394468278097108,0.9819024173090815,1.2771290788563536,0.49375617049509235,True,True,true,
6,538,3911575396,haar,identified_unknot,false,0_1,0_1,1,"{""2"": ""1"", ""3"": ""1"", ""4"": ""1""}",0,0,----,----,0,0,0.7188551050880946,1.0724435827063026,1.0957632261618944,1.3613880026800058,1.8938281067269735,0.38088999977731075,1.0586672126853724,1.095445115010332,0.2814671078207614,1.3613880026800058,3.5742287890885773,0.269329901728679,0.7485907651096878,0.7745966692414831,0.9626466885210417,1.290994448735806,0.34770340801028476,0.9664265221314967,1.2427715309745715,0.1521383807953531,True,True,true,
6,539,1691826740,haar,identified_unknot,false,0_1,0_1,1,"{""2"": ""1"", ""3"": ""1"", ""4"": ""1""}",0,0,"1+c,2+a,3-a,1-c,2-a,3+a",----,3,0,1.016693635431142,1.1444010272387268,1.1488855958386404,1.2846863023523427,1.2635923522896404,0.5822538799660613,1.0671216064743911,1.0954451150103324,0.24749035737885733,1.4100702030144308,2.4217446229754995,0.41171566689617994,0.7545689242887244,0.7745966692414834,0.9970702025005956,1.2909944487358056,0.5315226404205284,0.9741442924452915,1.2872120964281546,0.05763409802881228,True,True,true,
6,540,2918014307,haar,identified_unknot,false,0_1,0_1,1,"{""2"": ""1"", ""3"": ""1"", ""4"": ""1""}",0,0,----,----,0,0,0.18328570578073564,0.9772459810779549,1.0650498983510774,1.3223344466118028,7.214607603899614,0.18328570578073564,1.0396982796450254,1.0954451150103324,0.3450036047683779,1.411233711156197,7.699638687833373,0.12960256545212057,0.7351777039249848,0.7745966692414834,0.9978929269976043,1.2909944487358056,0.16731619254060653,0.9491103346014909,1.2882742291866316,0.17418839248447682,True,True,true,
6,541,592308489,haar,identified_unknot,false,0_1,0_1,1,"{""2"": ""1"", ""3"": ""1"", ""4"": ""1""}",0,0,"1+a,1-a",----,1,0,0.2859314061655395,0.918617458813841,0.9913985247072353,1.3686099105499163,4.786497324318273,0.2859314061655395,1.052868930016434,1.0954451150103321,0.3024351438011949,1.3824199289446253,4.834795685732667,0.202184036253858,0.744490760115245,0.7745966692414833,0.9775185062041697,1.2909944487358058,0.26101846842672954,0.9611334384438819,1.2619709650461004,0.2662819698121434,True,True,true,
6,542,4148440886,haar,identified_unknot,false,0_1,0_1,1,"{""2"": ""1"", ""3"": ""1"", ""4"": ""1""}",0,0,"1+a,2+a,3+c,4+a,2-a,3-c,4-a,1-a",----,4,0,0.6843270412111253,1.0858041332262525,1.1094930589269034,1.334592296973412,1.9502258665848484,0.2979817066879754,1.0557548197191438,1.0954451150103321,0.2922015753547499,1.4115807894383443,4.737139085240719,0.2107048854686082,0.7465313922937875,0.7745966692414833,0.9981383484045133,1.2909944487358058,0.2720188374614869,0.963767883258292,1.2885910668605522,0.13628932835730725,True,True,true,
6,543,659747971,haar,identified_unknot,false,0_1,0_1,1,"{""2"": ""1"", ""3"": ""1"", ""4"": ""1""}",0,0,"1-a,2-c,3+c,1+a,2+c,3-c",----,3,0,0.5985754877975981,1.1062460234916422,1.1393275849100186,1.4035369201792354,2.344795182548181,0.5985754877975981,1.0706277904244834,1.095445115010332,0.2318536917342231,1.4035369201792354,2.344795182548181,0.4232567864737271,0.757048170735922,0.7745966692414831,0.9924504739044193,1.290994448735806,0.546422161727338,0.9773449858456721,1.2812480524558254,0.06567989768105825,True,True,true,
6,544,1055079429,haar,identified_unknot,false,0_1,0_1,1,"{""2"": ""1"", ""3"": ""1"", ""4"": ""1""}",0,0,"1-c,1+c",----,1,0,0.7458373825148875,1.0616866672846692,1.0867350945229137,1.3514786543240263,1.8120285815749517,0.2865324802403344,1.0594961995538332,1.0954451150103324,0.2783303848504223,1.3840552941233348,4.830360917416528,0.20260905980814087,0.749176947345891,0.7745966692414834,0.9786748840117515,1.2909944487358056,0.2615671714758907,0.9671832801443822,1.2634638423763296,0.004091904868366828,True,True,true,
6,545,1520573989,haar,identified_unknot,false,0_1,0_1,1,"{""2"": ""1"", ""3"": ""1"", ""4"": ""1""}",0,0,"1-a,2-c,3-a,3+a,2+c,1+a",----,3,0,0.708818693111615,1.1328343267075593,1.1558154537286685,1.4119521301561313,1.991979252067773,0.24747365829390053,1.0466886586869666,1.0954451150103324,0.3231761930837093,1.4119521301561313,5.705464330588641,0.17499030194465953,0.7401206483486058,0.7745966692414834,0.9984009259441912,1.2909944487358056,0.2259115083931579,0.9554916484127953,1.2889300530066388,0.12378908937693311,True,True,true,
6,546,1250987826,haar,identified_unknot,false,0_1,0_1,1,"{""2"": ""1"", ""3"": ""1"", ""4"": ""1""}",0,0,"1-a,2-c,2+c,1+a",----,2,0,0.4788942260643231,0.9366055364070821,0.994321094029985,1.2901946848498596,2.6941120076828113,0.4788942260643231,1.063861184053607,1.0954451150103321,0.261150112127216,1.3471214303446424,2.8129832372706507,0.3386293547211663,0.7522634574854552,0.7745966692414833,0.9525586984784179,1.2909944487358058,0.4371686171240137,0.9711679476005266,1.2297479918306418,0.311645416481788,True,True,true,
6,547,3774864981,haar,identified_unknot,false,0_1,0_1,1,"{""2"": ""1"", ""3"": ""1"", ""4"": ""1""}",0,0,"1-c,1+c,2+a,2-a",----,2,0,0.4392469821370158,1.012521119895382,1.0722992504778537,1.3337926398289701,3.0365436623828996,0.4392469821370158,1.049997774862823,1.0954451150103324,0.3122573822716133,1.3989934756849345,3.1849814172395194,0.31059451968481017,0.742460546836288,0.7745966692414834,0.9892377734925545,1.2909944487358056,0.4009758007208538,0.9585124443709984,1.277100474058656,0.3195097873411056,True,True,true,
6,548,1637773606,haar,identified_unknot,false,0_1,0_1,1,"{""2"": ""1"", ""3"": ""1"", ""4"": ""1""}",0,0,"1-a,2+a,3-c,4-a,5-c,6-a,2-a,1+a,6+a,3+c,4+a,5+c",----,6,0,1.025459864465555,1.2101265573370321,1.2134738233595908,1.3130397928817936,1.280439964918684,0.608514102071564,1.0702836859433538,1.0954451150103324,0.23343699707524734,1.3938140897913434,2.2905206059257845,0.4302844480224458,0.7568048521238786,0.7745966692414834,0.9855753946048142,1.2909944487358056,0.5554948337743278,0.9770308628682494,1.2723723632454162,0.2322956419209899,True,True,true,
6,549,2770071540,haar,identified_unknot,false,0_1,0_1,1,"{""2"": ""1"", ""3"": ""1"", ""4"": ""1""}",0,0,"1-a,2-c,3-a,3+a,2+c,1+a",----,3,0,0.5485107379884339,1.0384598242367964,1.0667414857608832,1.269234488239924,2.3139647054032473,0.5485107379884339,1.066609286625003,1.0954451150103321,0.2496890660107133,1.3297505376426453,2.4242926264657467,0.3878556623852592,0.7542066594490855,0.7745966692414833,0.9402756224535719,1.2909944487358058,0.5007195070501185,0.9736766105483458,1.2138906088691657,0.2355079456214382,True,True,true,
6,550,2149500497,haar,identified_unknot,false,0_1,0_1,1,"{""2"": ""1"", ""3"": ""1"", ""4"": ""1""}",0,0,----,----,0,0,0.2665884043696747,0.9437802756077988,1.0199146618443282,1.357215041503308,5.091050545549144,0.2665884043696747,1.0561642342352853,1.0954451150103324,0.2907182662341563,1.3981558129558496,5.244623509644647,0.1885064685154984,0.7468208920744673,0.7745966692414834,0.9886454564964713,1.2909944487358056,0.24336080440429933,0.9641416258680596,1.2763357961048207,0.1944758130604112,True,True,true,
6,551,3082986371,haar,identified_unknot,false,0_1,0_1,1,"{""2"": ""1"", ""3"": ""1"", ""4"": ""1""}",0,0,"1+a,2-a,2+a,1-a,3-c,3+c",----,3,0,0.9694508956680092,1.1277177936469256,1.1394923692553947,1.3722255622806523,1.415466805397201,0.5541408637790214,1.0734998442331618,1.0954451150103321,0.218169852251354,1.4114054418128654,2.5470156309853036,0.39183676251071686,0.7590790194599711,0.7745966692414833,0.9980143589094722,1.2909944487358058,0.5058590852119458,0.9799668002746412,1.2884309971107526,0.04893858824431134,True,True,true,
6,552,4247002730,haar,identified_unknot,false,0_1,0_1,1,"{""2"": ""1"", ""3"": ""1"", ""4"": ""1""}",0,0,"1+c,1-c",----,1,0,0.7392044883065816,0.9933459291868277,1.0104667560065979,1.2939432194193838,1.7504536835045934,0.6398013596325253,1.0704812185632036,1.0954451150103321,0.2325294835143252,1.3987275542890427,2.186190343659808,0.4524078800085316,0.7569445287788799,0.7745966692414833,0.9890497386702568,1.2909944487358058,0.5840560616553488,0.9772111846544741,1.276857722146901,0.46397511786731094,True,True,true,
6,553,2579116540,haar,identified_unknot,false,0_1,0_1,1,"{""2"": ""1"", ""3"": ""1"", ""4"": ""1""}",0,0,"1-c,1+c,2+a,2-a",----,2,0,0.8877177846212377,1.0498950307045065,1.0589532519802698,1.2559914497527962,1.414854440804844,0.6593044194738061,1.0749259344319946,1.0954451150103324,0.2110313613790697,1.3631366274530865,2.067537524685504,0.4661986258761883,0.7600874175101495,0.7745966692414834,0.9638831529558379,1.2909944487358056,0.6018598380144198,0.9812686365595376,1.2443677996959521,0.523552590124687,True,True,true,
6,554,3300128093,haar,identified_unknot,false,0_1,0_1,1,"{""2"": ""1"", ""3"": ""1"", ""4"": ""1""}",0,0,"1+c,2+a,2-a,3-c,3+c,1-c",----,3,0,0.6327778361899742,1.0134796750302348,1.0466592787960995,1.3357291637732323,2.1108975178647316,0.6029772911029436,1.0638751453638635,1.0954451150103324,0.26109323062273804,1.3986234160216744,2.319529170764233,0.4263693314403863,0.7522733296226118,0.7745966692414834,0.9889761017952197,1.2909944487358056,0.5504404400007354,0.9711806924747928,1.2767626573500055,0.4278832057295059,True,True,true,
6,555,3316248413,haar,identified_unknot,false,0_1,0_1,1,"{""2"": ""1"", ""3"": ""1"", ""4"": ""1""}",0,0,"1-c,1+c",----,1,0,0.65082355885143,0.9553681965624631,0.9825792724402913,1.3004648358388549,1.9981834064733435,0.5203967804026973,1.0664043985628835,1.0954451150103321,0.25056268422439637,1.3249329906263325,2.5460053569145122,0.3679760923303939,0.7540617817109766,0.7745966692414833,0.936869102289652,1.2909944487358058,0.47505509246603284,0.9734895741927017,1.2094928102480387,0.47670864229637877,True,True,true,
6,556,3002189725,haar,identified_unknot,false,0_1,0_1,1,"{""2"": ""1"", ""3"": ""1"", ""4"": ""1""}",0,0,"1-c,2+c,3+a,1+c,2-c,3-a",----,3,0,0.6677698497129809,1.1275353197985496,1.153687447317626,1.3808514673191872,2.0678553665049435,0.2690865172993766,1.0464419623199466,1.0954451150103324,0.32397410312551134,1.4137076205549097,5.2537289298001735,0.19027290110826042,0.7399462076745918,0.7745966692414834,0.9996422451094752,1.2909944487358056,0.2456412590756211,0.9552664464710097,1.29053258915813,0.012135526967414103,True,True,true,
6,557,1931368386,haar,identified_unknot,false,0_1,0_1,1,"{""2"": ""1"", ""3"": ""1"", ""4"": ""1""}",0,0,"1+c,2+a,2-a,1-c",----,2,0,0.7331217098034459,0.9840235470691772,1.0114101414121892,1.3191931589912818,1.7994190341805112,0.6592942629488072,1.0646399552953618,1.0954451150103321,0.25795690645666103,1.4130745165404244,2.143313837163098,0.46619144412848834,0.752814131911493,0.7745966692414833,0.9991945729676363,1.2909944487358058,0.601850566418007,0.9718788652276019,1.2899546469081624,0.5116647231103639,True,True,true,
6,558,1680570758,haar,identified_unknot,false,0_1,0_1,1,"{""2"": ""1"", ""3"": ""1"", ""4"": ""1""}",0,0,"1-c,2+c,2-c,1+c",----,2,0,0.7911826934209402,1.1352401515655572,1.1533537019373206,1.3627266617500131,1.7223918989656024,0.3963121357532297,1.064407687953406,1.095445115010332,0.2589136416369068,1.3627266617500131,3.438518629160873,0.2802349986576323,0.7526498940989479,0.7745966692414831,0.9635932634271408,1.290994448735806,0.36178182760848937,0.9716668351233342,1.243993553923658,0.1991249922273831,True,True,true,
6,559,3518241441,haar,identified_unknot,false,0_1,0_1,1,"{""2"": ""1"", ""3"": ""1"", ""4"": ""1""}",0,0,"1+c,1-c",----,1,0,0.9664887496023395,1.0775629082167804,1.0871218194944885,1.3215144421126368,1.3673355666647669,0.3616613979756413,1.064072298360443,1.0954451150103321,0.26028857804737554,1.4035881980498508,3.880945563740772,0.25573322700198264,0.7524127378434243,0.7745966692414833,0.9924867328344563,1.2909944487358058,0.3301501764168533,0.9713606677139701,1.28129486253322,0.24390109725812373,True,True,true,
6,560,4188614958,haar,identified_unknot,false,0_1,0_1,1,"{""2"": ""1"", ""3"": ""1"", ""4"": ""1""}",0,0,"1-a,2-c,3-a,4-c,5+c,1+a,2+c,3+a,4+c,5-c",----,5,0,0.6184714671706452,1.0976366606457815,1.1218419133756041,1.3199877429776483,2.134274276251203,0.24239492037373658,1.04399120538218,1.0954451150103321,0.3317866228235592,1.4059013043577198,5.8000444159062035,0.17139909192144234,0.7382132608248572,0.7745966692414833,0.9941223459903559,1.2909944487358058,0.2212752761889402,0.9530292217080479,1.2834064300377654,0.007663075902742021,True,True,true,
6,561,1625061912,haar,identified_unknot,false,0_1,0_1,1,"{""2"": ""1"", ""3"": ""1"", ""4"": ""1""}",0,0,"1-a,2-c,2+c,3-c,3+c,1+a",----,3,0,0.29517694276696227,0.9771849790935856,1.0720340697618826,1.3642098409895844,4.621668034778067,0.29517694276696227,1.053046619938278,1.0954451150103324,0.30181586478607725,1.3642098409895844,4.621668034778067,0.20872161788043245,0.7446164058639293,0.7745966692414834,0.9646420295251568,1.2909944487358056,0.26945845001479435,0.9612956464079405,1.2453475051342184,0.1285368480638742,True,True,true,
6,562,2183780057,haar,identified_unknot,false,0_1,0_1,1,"{""2"": ""1"", ""3"": ""1"", ""4"": ""1""}",0,0,----,----,0,0,0.7130461731072383,1.0313671641224302,1.0498064511512537,1.3206310245830644,1.8520974859568438,0.5583689236385235,1.0678739846899885,1.0954451150103324,0.244223571389672,1.3977383908384027,2.5032524763918804,0.3948264523086335,0.7551009360269902,0.7745966692414834,0.9883502944866074,1.2909944487358056,0.5097187581444981,0.974831116646055,1.2759547435886087,0.34805426121500266,True,True,true,
6,563,1398400568,haar,identified_unknot,false,0_1,0_1,1,"{""2"": ""1"", ""3"": ""1"", ""4"": ""1""}",0,0,"1-c,1+c",----,1,0,0.663710520509404,1.0400080125674713,1.0611346214040382,1.264877709767173,1.9057671540242689,0.641565444779395,1.0593637672983691,1.095445115010332,0.2788340161017062,1.4047251534648546,2.1895274517907914,0.4536552765784737,0.7490833036000045,0.7745966692414831,0.9932906817183123,1.290994448735806,0.5856664437025163,0.9670623865882841,1.2823327560793456,0.34977126421663013,True,True,true,
6,564,1007466770,haar,identified_unknot,false,0_1,0_1,1,"{""2"": ""1"", ""3"": ""1"", ""4"": ""1""}",0,0,----,----,0,0,0.5894388555421177,1.0176423426201986,1.0455627327788815,1.3001554366695898,2.2057511554337776,0.4175523305504326,1.0586232747410784,1.0954451150103321,0.28163231735096605,1.3831643148374844,3.312553214621379,0.2952540844324577,0.7485596962913261,0.7745966692414833,0.9780448665168299,1.2909944487358058,0.3811713839688758,0.9663864124594627,1.2626504932877796,0.2096379331193122,True,True,true,
6,565,2416006903,haar,identified_unknot,false,0_1,0_1,1,"{""2"": ""1"", ""3"": ""1"", ""4"": ""1""}",0,0,----,----,0,0,0.5763103895795681,0.9520135990054351,0.9891322956927837,1.3348176005202153,2.3161435654387486,0.5763103895795681,1.066618735527266,1.0954451150103324,0.24964869921995797,1.3348176005202153,2.3161435654387486,0.40751298453997364,0.7542133408319505,0.7745966692414834,0.9438585769750002,1.2909944487358056,0.5260970008288661,0.9736852361765337,1.2185161832664022,0.4570018005901422,True,True,true,
6,566,1012691344,haar,identified_unknot,false,0_1,0_1,1,"{""2"": ""1"", ""3"": ""1"", ""4"": ""1""}",0,0,"1+a,2+c,3+a,1-a,2-c,3-a",----,3,0,0.6907149728518459,1.0384408311678646,1.0726343913129763,1.4119939247454998,2.0442497705176628,0.44244775169826067,1.0580246497637538,1.0954451150103321,0.2838729301858238,1.4119939247454998,3.191323538939458,0.3128578055465819,0.7481364045104721,0.7745966692414833,0.9984304791817505,1.2909944487358058,0.40389769020430344,0.965839945120185,1.2889682060722705,0.27952778881855966,True,True,true,
6,567,4107971861,haar,identified_unknot,false,0_1,0_1,1,"{""2"": ""1"", ""3"": ""1"", ""4"": ""1""}",0,0,"1+c,2+a,3+c,3-c,2-a,1-c",----,3,0,0.7117042336862702,1.060437127894859,1.0839821506157103,1.3466192606274054,1.8921051707850527,0.3244501017851669,1.0587503049224454,1.0954451150103324,0.2811543914411244,1.3967699190494227,4.305037697212027,0.2294208671289571,0.748649520193986,0.7745966692414834,0.9876654815172318,1.2909944487358056,0.29618106588763843,0.9665023746191603,1.2750706538467227,0.19312163491619805,True,True,true,
6,568,70472749,haar,identified_unknot,false,0_1,0_1,1,"{""2"": ""1"", ""3"": ""1"", ""4"": ""1""}",0,0,"1-a,2-c,3+c,1+a,2+c,3-c",----,3,0,0.7887524279261777,1.1974643781396201,1.212572235809886,1.3653024844661312,1.7309645411245758,0.49502051873218134,1.0606645240345725,1.0954451150103321,0.27384442198904446,1.3653024844661312,2.758072509727207,0.3500323656220078,0.750003077508848,0.7745966692414833,0.9654146451368423,1.2909944487358058,0.451889840895874,0.968249809598693,1.2463449475999113,0.010257949661744602,True,True,true,
6,569,3710489450,haar,identified_unknot,false,0_1,0_1,1,"{""2"": ""1"", ""3"": ""1"", ""4"": ""1""}",0,0,"1-a,1+a",----,1,0,0.9786712005223583,1.1648952829061148,1.175782302583655,1.396119453352142,1.426545966211097,0.3078848202843554,1.059901714000151,1.0954451150103324,0.27678214656935884,1.396119453352142,4.534551109284043,0.21770744424746918,0.7494636893607514,0.7745966692414834,0.9872055328117553,1.2909944487358056,0.28105910197194256,0.9675534624937864,1.2744768626212493,0.04202304706146901,True,True,true,
6,570,4100375757,haar,identified_unknot,false,0_1,0_1,1,"{""2"": ""1"", ""3"": ""1"", ""4"": ""1""}",0,0,"1+a,2+c,3-c,1-a,2-c,3+c",----,3,0,0.42418637501246476,1.0250913557907484,1.0824235639364457,1.4122893846111557,3.329407703322992,0.42418637501246476,1.0525895450181533,1.0954451150103324,0.30340608055620283,1.4122893846111557,3.329407703322992,0.2999450622582537,0.7442932050883989,0.7745966692414834,0.9986394008563243,1.2909944487358056,0.38722741030112107,0.9608783960009035,1.2892379227943656,0.048573770551446994,True,True,true,
6,571,2008849208,haar,identified_unknot,false,0_1,0_1,1,"{""2"": ""1"", ""3"": ""1"", ""4"": ""1""}",0,0,"1+c,2+a,3+c,4+a,5-a,1-c,2-a,3-c,4-a,5+a",----,5,0,0.6076825448493907,1.0657850360594636,1.097944936382918,1.3566413183784751,2.232483604930117,0.6076825448493907,1.063887237466801,1.095445115010332,0.261043954067621,1.3566413183784751,2.232483604930117,0.4296964482717024,0.7522818800305977,0.7745966692414831,0.9592902758632778,1.290994448735806,0.5547357293602603,0.9711917310040376,1.2384384208657315,0.08339821091000951,True,True,true,
6,572,1118431472,haar,identified_unknot,false,0_1,0_1,1,"{""2"": ""1"", ""3"": ""1"", ""4"": ""1""}",0,0,"1-c,2+c,2-c,1+c,3-c,3+c",----,3,0,0.8009000985896779,1.1108494806905764,1.1375535933925038,1.4018762813474668,1.750375963014689,0.5494498282570482,1.0665604202287573,1.0954451150103324,0.2498977190801394,1.4018762813474668,2.5514181809728935,0.3885196994823427,0.754172105688928,0.7745966692414834,0.991276224925374,1.2909944487358056,0.5015767752562078,0.9736320018357996,1.2797321035424436,0.0925296053380762,True,True,true,
6,573,3151686411,haar,identified_unknot,false,0_1,0_1,1,"{""2"": ""1"", ""3"": ""1"", ""4"": ""1""}",0,0,"1-c,1+c",----,1,0,0.451307756537707,0.9384590895059718,0.9940343204352888,1.3631685027791314,3.0204854293596393,0.451307756537707,1.0617910520073515,1.0954451150103321,0.26944342982734265,1.387307667487585,3.073972577228849,0.3191227750499,0.7507996530775963,0.7745966692414833,0.9809746592725633,1.2909944487358058,0.41198573105458625,0.9692781842359455,1.266432839471378,0.15794000874545636,True,True,true,
6,574,2933402314,haar,identified_unknot,false,0_1,0_1,1,"{""2"": ""1"", ""3"": ""1"", ""4"": ""1""}",0,0,"1-c,2+c,3+a,1+c,2-c,3-a",----,3,0,1.0018196997899012,1.191333816536824,1.197003829259065,1.3836286063161647,1.3811153909294611,0.32180743159371067,1.05437315743399,1.0954451150103321,0.2971485232719126,1.3836286063161647,4.299554548706096,0.22755221711613882,0.7455544095226456,0.7745966692414833,0.9783731701698519,1.2909944487358058,0.29376864909446004,0.9625066039242369,1.2630743314813306,0.030367687726648537,True,True,true,
6,575,112459524,haar,identified_unknot,false,0_1,0_1,1,"{""2"": ""1"", ""3"": ""1"", ""4"": ""1""}",0,0,"1+a,2+c,2-c,1-a",----,2,0,0.6067672510765162,1.0121349784069025,1.0342625363751874,1.3084297280322887,2.1563947719836474,0.48713598367165184,1.0660273790869736,1.0954451150103324,0.2521619063953907,1.3581351568508417,2.7880000705640264,0.3444571574142043,0.7537951886829214,0.7745966692414834,0.9603465791770854,1.2909944487358056,0.44469227804905326,0.9731454040734107,1.239802102580038,0.14875882023878878,True,True,true,
6,576,66676030,haar,identified_unknot,false,0_1,0_1,1,"{""2"": ""1"", ""3"": ""1"", ""4"": ""1""}",0,0,----,----,0,0,0.5246759772239884,1.0244731796731714,1.0806426184068223,1.3820381098911503,2.6340792601242864,0.5246759772239884,1.0547545592858731,1.0954451150103321,0.29579185192574675,1.3820381098911503,2.6340792601242864,0.3710019414207607,0.7458241013584692,0.7745966692414833,0.9772485193622713,1.2909944487358058,0.4789614468444087,0.9628547745871551,1.2616224135319778,0.3276351088337184,True,True,true,
6,577,1498856336,haar,identified_unknot,false,0_1,0_1,1,"{""2"": ""1"", ""3"": ""1"", ""4"": ""1""}",0,0,"1-c,2-a,2+a,3+c,3-c,1+c",----,3,0,0.778310835421989,1.1230445947665264,1.1362940047592671,1.3434440773745773,1.7261022412031322,0.3913268902565293,1.0600057046512932,1.0954451150103321,0.27638362127071714,1.4025283949246492,3.58403276096166,0.2767098977610357,0.749537221855354,0.7745966692414833,0.9917373388579036,1.2909944487358058,0.3572309419197495,0.9676483925361201,1.2803273990695743,0.1695357041859482,True,True,true,
6,578,923315675,haar,identified_unknot,false,0_1,0_1,1,"{""2"": ""1"", ""3"": ""1"", ""4"": ""1""}",0,0,"1-c,2-a,3+a,1+c,2+a,3-a",----,3,0,0.654413288281482,1.092095616677527,1.1227739607014575,1.3831231820620196,2.113531627229272,0.3994156880656158,1.053318896977475,1.095445115010332,0.3008642572160332,1.3831231820620196,3.46286644062614,0.2824295415434877,0.7448089348047069,0.7745966692414831,0.9780157812523698,1.290994448735806,0.3646149702916413,0.9615442002017055,1.2626129443728218,0.15407525463955674,True,True,true,
6,579,934093518,haar,identified_unknot,false,0_1,0_1,1,"{""2"": ""1"", ""3"": ""1"", ""4"": ""1""}",0,0,"1+c,1-c",----,1,0,0.5721422030936322,1.0300222897028453,1.0695118531409165,1.400536943142157,2.447882599062451,0.44966326230913756,1.0492976069807791,1.095445115010332,0.3146021805143924,1.4022569550083541,3.118460129047236,0.3179599420292564,0.7419654533789257,0.7745966692414831,0.9915454018524066,1.290994448735806,0.41048452008012876,0.9578732814659384,1.280079609460971,0.2317471031599614,True,True,true,
6,580,446199591,haar,identified_unknot,false,0_1,0_1,1,"{""2"": ""1"", ""3"": ""1"", ""4"": ""1""}",0,0,"1-a,1+a",----,1,0,0.3098961757103552,1.084912140939097,1.1426133029836092,1.3944612937415122,4.499769287391422,0.3098961757103552,1.0558122718201497,1.0954451150103321,0.2919939154742338,1.3944612937415122,4.499769287391422,0.21912968730857002,0.7465720170640022,0.7745966692414833,0.9860330369067893,1.2909944487358058,0.28289520986857686,0.9638203296111203,1.272963176916773,0.10929143876592272,True,True,true,
6,581,4005119951,haar,identified_unknot,false,0_1,0_1,1,"{""2"": ""1"", ""3"": ""1"", ""4"": ""1""}",0,0,"1+a,2+c,2-c,1-a",----,2,0,0.5771103119982732,1.0413007536487615,1.0740537724464918,1.3970281097062813,2.4207297645904156,0.5771103119982732,1.0737677916387336,1.0954451150103321,0.21684724955432738,1.3970281097062813,2.4207297645904156,0.40807861510666316,0.7592684868874523,0.7745966692414833,0.9878480498815355,1.2909944487358058,0.5268272267504976,0.9802114016717359,1.2753063485915537,0.47268441985087106,True,True,true,
6,582,1892673553,haar,identified_unknot,false,0_1,0_1,1,"{""2"": ""1"", ""3"": ""1"", ""4"": ""1""}",0,0,----,----,0,0,0.20356762787091648,0.909607516152248,1.0079714643721724,1.3994940402394929,6.8748359200163245,0.20356762787091648,1.0411415567927713,1.0954451150103324,0.3406233384827361,1.3994940402394929,6.8748359200163245,0.14394405009758465,0.7361982549832875,0.7745966692414834,0.9895917260835043,1.2909944487358056,0.1858309696045305,0.9504278603524113,1.277557424888688,0.14606912621093107,True,True,true,
6,583,2182924631,haar,identified_unknot,false,0_1,0_1,1,"{""2"": ""1"", ""3"": ""1"", ""4"": ""1""}",0,0,"1+a,1-a,2+a,2-a",----,2,0,0.6029951333217302,1.1412921664071338,1.1706770278079772,1.3902148866831467,2.305515931819955,0.3306485787812408,1.052382849875639,1.0954451150103321,0.3041222406987508,1.3902148866831467,4.204508883139406,0.23380385224590977,0.7441470495514887,0.7745966692414833,0.9830303736801408,1.2909944487358058,0.30183947534251604,0.9606897100141002,1.2690867553597465,0.08820515763059009,True,True,true,
6,584,3982718527,haar,identified_unknot,false,0_1,0_1,1,"{""2"": ""1"", ""3"": ""1"", ""4"": ""1""}",0,0,"1+c,2+a,3+c,1-c,2-a,3-c",----,3,0,0.8208231964740085,1.2024988613852117,1.2164603204951077,1.3788127742988276,1.6797926523297129,0.3000640726193485,1.0601325910571082,1.0954451150103321,0.2758965193302411,1.3788127742988276,4.595061188974611,0.21217734053959394,0.7496269440933463,0.7745966692414833,0.9749678626933376,1.2909944487358058,0.2739197687841424,0.9677642234472964,1.2586780984329122,0.0827428612609808,True,True,true,
6,585,282792461,haar,identified_unknot,false,0_1,0_1,1,"{""2"": ""1"", ""3"": ""1"", ""4"": ""1""}",0,0,----,----,0,0,0.807219384721375,1.0789413236327794,1.0995071475242004,1.3214453648375244,1.6370337356227427,0.4395951544802343,1.0664641484440758,1.0954451150103321,0.2503082501306176,1.401666460889841,3.1885393790273566,0.3108407147097216,0.7541040312571428,0.7745966692414833,0.9911278594569553,1.2909944487358058,0.4012936371313209,0.9735441181222642,1.2795405645463311,0.36476283001084436,True,True,true,
6,586,771818363,haar,identified_unknot,false,0_1,0_1,1,"{""2"": ""1"", ""3"": ""1"", ""4"": ""1""}",0,0,"1-a,1+a",----,1,0,0.3537737711242521,1.06249821543347,1.115572905497046,1.3817253328252102,3.905674884925038,0.3537737711242521,1.064287250778747,1.0954451150103321,0.25940826476775214,1.3817253328252102,3.905674884925038,0.25015583256789625,0.7525647321560397,0.7745966692414833,0.9770273525779454,1.2909944487358058,0.32294979116403777,0.9715568915277958,1.2613368884411684,0.15028152380306706,True,True,true,
6,587,2876374908,haar,identified_unknot,false,0_1,0_1,1,"{""2"": ""1"", ""3"": ""1"", ""4"": ""1""}",0,0,----,----,0,0,0.6584507058783488,0.9876750427185472,1.0156895301020288,1.2546076046770007,1.9053933627474828,0.45965752084645545,1.0549830576893986,1.0954451150103321,0.2949758430589322,1.4012488228584619,3.0484627343376736,0.32502695001392545,0.7459856741290923,0.7745966692414833,0.9908325447728856,1.2909944487358058,0.419607988157508,0.9630633641370958,1.2791593149285672,0.29205311217256874,True,True,true,
6,588,2542483227,haar,identified_unknot,false,0_1,0_1,1,"{""2"": ""1"", ""3"": ""1"", ""4"": ""1""}",0,0,"1-a,2-c,3+c,3-c,2+c,1+a",----,3,0,0.5762716852791302,1.0162316431243437,1.0529976572717186,1.3802290818224046,2.395101333416823,0.5762716852791302,1.0713921375991093,1.0954451150103321,0.22829561426100756,1.3848908114127036,2.403190798350435,0.40748561646667286,0.7575886458062808,0.7745966692414833,0.9792656839528628,1.2909944487358058,0.5260616687981623,0.9780427361611852,1.2642265618206179,0.09242256799574224,True,True,true,
6,589,1397710017,haar,identified_unknot,false,0_1,0_1,1,"{""2"": ""1"", ""3"": ""1"", ""4"": ""1""}",0,0,"1+c,1-c,2-a,2+a",----,2,0,0.30231781060488555,0.9990680531423767,1.0791284434339834,1.4101783454887538,4.664555960719718,0.30231781060488555,1.0591876209182607,1.0954451150103324,0.2795023858458368,1.4101783454887538,4.664555960719718,0.21377097395218492,0.7489587493001484,0.7745966692414834,0.9971466707775237,1.2909944487358056,0.2759771406731172,0.9669015876786033,1.2873108165491731,0.24081628599908697,True,True,true,
6,590,3327839435,haar,identified_unknot,false,0_1,0_1,1,"{""2"": ""1"", ""3"": ""1"", ""4"": ""1""}",0,0,"1+a,1-a",----,1,0,0.5358762391467904,1.0346069344989157,1.0701678307430675,1.3507500350864792,2.520638043659319,0.4214011916472363,1.0477670332812756,1.0954451150103321,0.3196627034374737,1.3814231832469899,3.27816629527571,0.29797564021385264,0.740883174336901,0.7745966692414833,0.9768137005622531,1.2909944487358058,0.3846848973745815,0.9564760652307014,1.2610610648749485,0.3060965185318721,True,True,true,
6,591,3790794948,haar,identified_unknot,false,0_1,0_1,1,"{""2"": ""1"", ""3"": ""1"", ""4"": ""1""}",0,0,"1+a,1-a",----,1,0,0.5915381068487456,1.0865213972892944,1.1125926934714168,1.3023369527107307,2.201611253159273,0.4414538071134468,1.0649033544173725,1.0954451150103324,0.2568673699608968,1.3714776521964183,3.1067296965092654,0.31215498059053637,0.7530003832168254,0.7745966692414834,0.9697811481138926,1.2909944487358056,0.40299034708761555,0.9721193146288558,1.2519820787036713,0.08683163394490744,True,True,true,
6,592,3284816767,haar,identified_unknot,false,0_1,0_1,1,"{""2"": ""1"", ""3"": ""1"", ""4"": ""1""}",0,0,"1+a,2+c,3-c,4-a,2-c,1-a,5-c,3+c,4+a,5+c",----,5,0,0.926025832689822,1.132564889190493,1.1442456410684008,1.3895779725429223,1.5005822985592345,0.30364677293081227,1.0644504709081106,1.0954451150103321,0.2587376953277226,1.3929864802605407,4.587522754862081,0.21471069222478914,0.7526801462163388,0.7745966692414833,0.9849901862934091,1.2909944487358058,0.27719031174642494,0.971705890438948,1.2716168625640383,0.13257524854138542,True,True,true,
6,593,1298280746,haar,identified_unknot,false,0_1,0_1,1,"{""2"": ""1"", ""3"": ""1"", ""4"": ""1""}",0,0,"1+c,1-c",----,1,0,0.5931514825599163,1.0524990130938123,1.0981951476065352,1.3946083104398521,2.351184059122667,0.5931514825599163,1.069934805774426,1.0954451150103321,0.23503087327506805,1.3946083104398521,2.351184059122667,0.419421435588971,0.7565581565906082,0.7745966692414833,0.9861369934111331,1.2909944487358058,0.5414707450261639,0.9767123803042698,1.2730973841867907,0.14004738048263032,True,True,true,
6,594,298750838,haar,identified_unknot,false,0_1,0_1,1,"{""2"": ""1"", ""3"": ""1"", ""4"": ""1""}",0,0,"1+c,2+a,3+c,4-c,2-a,1-c,5-a,3-c,4+c,5+a",----,5,0,0.4932531681441153,1.1114848447835264,1.1518132068738203,1.357043797273729,2.751211517565433,0.48082978611434046,1.0492974481094388,1.0954451150103321,0.3146027103999894,1.408484579136633,2.929278966926766,0.3399980023579274,0.7419653410399236,0.7745966692414833,0.9959489971041935,1.2909944487358058,0.43893553362534765,0.9578731364369103,1.285764626485507,0.09214502840225822,True,True,true,
6,595,4256993402,haar,identified_unknot,false,0_1,0_1,1,"{""2"": ""1"", ""3"": ""1"", ""4"": ""1""}",0,0,"1+a,1-a",----,1,0,0.45729038149475715,0.9216875655271086,0.957546904404909,1.2263237708139239,2.6817178327814526,0.45729038149475715,1.0693325977511563,1.0954451150103324,0.23775574732646168,1.3987455178296568,3.0587687264655345,0.32335312972632607,0.7561323312136693,0.7745966692414834,0.9890624408116392,1.2909944487358056,0.4174470954580357,0.9761626421065105,1.2768741205409124,0.4279435617195379,True,True,true,
6,596,992754890,haar,identified_unknot,false,0_1,0_1,1,"{""2"": ""1"", ""3"": ""1"", ""4"": ""1""}",0,0,"1-c,2-a,2+a,1+c",----,2,0,0.6749025224890312,1.034239084945817,1.067055063757555,1.3902943940802217,2.059992884532177,0.6749025224890312,1.0720108789396292,1.0954451150103321,0.22537230405505435,1.3902943940802217,2.059992884532177,0.4772281502919003,0.7580261620039628,0.7745966692414833,0.9830865938997669,1.2909944487358058,0.6160988928073001,0.9786075671436246,1.2691593353511905,0.35403991309016336,True,True,true,
6,597,524167039,haar,identified_unknot,false,0_1,0_1,1,"{""2"": ""1"", ""3"": ""1"", ""4"": ""1""}",0,0,"1+a,1-a",----,1,0,0.6115844054802585,1.0432611284089273,1.080791728990595,1.412593902106064,2.3097284519489953,0.4129997297620481,1.048065469361095,1.0954451150103324,0.31868287047299493,1.412593902106064,3.4203264561938993,0.29203490954295575,0.7410942005126919,0.7745966692414834,0.9988547272419639,1.2909944487358056,0.377015447057019,0.9567484988521855,1.2895159079628926,0.04140563243724967,True,True,true,
6,598,1581813194,haar,identified_unknot,false,0_1,0_1,1,"{""2"": ""1"", ""3"": ""1"", ""4"": ""1""}",0,0,"1-a,2-c,2+c,1+a,3+c,3-c",----,3,0,0.45166778202817287,1.070286279721261,1.1230086378845525,1.3776050735112113,3.050040601357931,0.45166778202817287,1.0658616680160713,1.0954451150103321,0.2528614337023312,1.3776050735112113,3.050040601357931,0.3193773515156085,0.7536780132609686,0.7745966692414833,0.9741138892767698,1.2909944487358058,0.4123143878585946,0.9729941312541416,1.257575623492755,0.12153200966473712,True,True,true,
6,599,2935386979,haar,identified_unknot,false,0_1,0_1,1,"{""2"": ""1"", ""3"": ""1"", ""4"": ""1""}",0,0,"1-a,2-a,3-c,4-a,2+a,3+c,4+a,1+a",----,4,0,0.5911191777745168,1.061702049746429,1.085720376303896,1.2374074952197158,2.09332997768468,0.2719843782462136,1.0578468142129023,1.0954451150103321,0.28453491465831243,1.3759908901720723,5.059080595159984,0.1923219982347045,0.748010655786529,0.7745966692414833,0.9729724892915862,1.2909944487358058,0.24828663209078097,0.9656776042156388,1.2561020824480962,0.030388991694751115,True,True,true,
6,600,3342792281,haar,identified_unknot,false,0_1,0_1,1,"{""2"": ""1"", ""3"": ""1"", ""4"": ""1""}",0,0,"1-c,1+c",----,1,0,0.8146295989823009,1.061684437982157,1.0723471395086084,1.184179054971545,1.4536410860235305,0.46900643784580626,1.0654736156241404,1.0954451150103321,0.25449159987870124,1.3935711016022834,2.9713261677240417,0.3316376326209166,0.7534036187831786,0.7745966692414833,0.9854035760085817,1.2909944487358058,0.4281423427054879,0.9726398895065509,1.2721505463914906,0.14648192152135012,True,True,true,
6,601,2021178046,haar,identified_unknot,false,0_1,0_1,1,"{""2"": ""1"", ""3"": ""1"", ""4"": ""1""}",0,0,"1-a,2+a,2-a,1+a",----,2,0,0.4726120793288861,1.0795521098593956,1.1240994442120529,1.4022957996455054,2.967117983181428,0.4726120793288861,1.0636136704931722,1.0954451150103321,0.26215636543872406,1.4022957996455054,2.967117983181428,0.3341872061641299,0.7520884389684361,0.7745966692414833,0.991572869158749,1.2909944487358058,0.43143382799641994,0.9709419996666288,1.2801150696009804,0.2765688671782863,True,True,true,
6,602,3617864720,haar,identified_unknot,false,0_1,0_1,1,"{""2"": ""1"", ""3"": ""1"", ""4"": ""1""}",0,0,"1+a,2-a,3-c,3+c,2+a,1-a",----,3,0,0.8549585694353959,1.1197080755229616,1.1366365138678085,1.401199767777166,1.6389095540647085,0.39835186953041113,1.062650866026803,1.0954451150103321,0.2660322103289105,1.401199767777166,3.5174926364195085,0.2816773082432925,0.7514076334013098,0.7745966692414833,0.9907978575922496,1.2909944487358058,0.3636438412769351,0.9700630834588004,1.2791145339709238,0.10598840793810738,True,True,true,
6,603,863566179,haar,identified_unknot,false,0_1,0_1,1,"{""2"": ""1"", ""3"": ""1"", ""4"": ""1""}",0,0,"1-c,2-a,3+a,4+c,5-c,1+c,2+a,5+c,4-c,3-a",----,5,0,0.8940578099418863,1.1949944151798781,1.2068972113261769,1.3741570032909856,1.5369889821557574,0.41591177508229255,1.058531694666218,1.0954451150103324,0.2819763312532901,1.3741570032909856,3.3039627286798843,0.2940940365360232,0.7484949393993707,0.7745966692414834,0.9716757354420408,1.2909944487358056,0.3796737685743111,0.9663028116714306,1.2544279804269558,0.012781654324447833,True,True,true,
6,604,2321966718,haar,identified_unknot,false,0_1,0_1,1,"{""2"": ""1"", ""3"": ""1"", ""4"": ""1""}",0,0,----,----,0,0,0.9291543556730488,1.037589136230696,1.0431751808700684,1.244082790620876,1.338940923028557,0.333411475350285,1.0687544003006277,1.095445115010332,0.24034149004706912,1.3973671206643739,4.1911188545513856,0.23575751514559792,0.7557234838755358,0.7745966692414831,0.9880877668288993,1.290994448735806,0.30436164330071463,0.9756348224626001,1.2756158218398685,0.2860711163302953,True,True,true,
6,605,907076805,haar,identified_unknot,false,0_1,0_1,1,"{""2"": ""1"", ""3"": ""1"", ""4"": ""1""}",0,0,"1+a,2+c,3+a,1-a,2-c,3-a",----,3,0,0.5237071424126697,1.0063324327816079,1.0485100052322123,1.3166394326440305,2.514075761079744,0.5237071424126697,1.0686753808181586,1.095445115010332,0.2406926056885914,1.3166394326440305,2.514075761079744,0.37031687175582767,0.755667608663636,0.7745966692414831,0.9310046712002025,1.290994448735806,0.47807702570998295,0.9755626878742155,1.2019218622665657,0.21948832475589594,True,True,true,
6,606,4254470917,haar,identified_unknot,false,0_1,0_1,1,"{""2"": ""1"", ""3"": ""1"", ""4"": ""1""}",0,0,"1-a,1+a",----,1,0,0.38799675594789107,0.9948398694637585,1.0474755297617016,1.4043460698540513,3.6194788959592707,0.38799675594789107,1.0477892216714053,1.095445115010332,0.3195899669095236,1.4043460698540513,3.6194788959592707,0.2743551372091357,0.7408988638980253,0.7745966692414831,0.9930226291264765,1.290994448735806,0.35419095911914455,0.9564963203670162,1.2819867016713165,0.2584794749178908,True,True,true,
6,607,1317210339,haar,identified_unknot,false,0_1,0_1,1,"{""2"": ""1"", ""3"": ""1"", ""4"": ""1""}",0,0,----,----,0,0,0.750753595739968,1.0094325959047767,1.0363462754870272,1.3777208854417529,1.8351172651844907,0.750753595739968,1.0765446846227744,1.0954451150103321,0.20261180126155343,1.3976209681517917,1.8616240749060275,0.5308629585479153,0.7612320467470969,0.7745966692414833,0.9882672641086396,1.2909944487358058,0.6853411325248249,0.9827463465502976,1.2758475518315762,0.422044078133345,True,True,true,
6,608,1466072929,haar,identified_unknot,false,0_1,0_1,1,"{""2"": ""1"", ""3"": ""1"", ""4"": ""1""}",0,0,----,----,0,0,0.7672235650324413,1.0495841485315511,1.0666953422798815,1.3488871711184294,1.7581409547312237,0.3938331775032077,1.0627220516632219,1.0954451150103324,0.2657477016057001,1.3662474362654466,3.4691019302311545,0.27848211046876337,0.7514579692475446,0.7745966692414834,0.9660828269620326,1.2909944487358056,0.3595188586874049,0.970128066756862,1.247207566626978,0.23064401926431016,True,True,true,
6,609,3193196681,haar,identified_unknot,false,0_1,0_1,1,"{""2"": ""1"", ""3"": ""1"", ""4"": ""1""}",0,0,----,----,0,0,0.4490531227869769,0.9561394152973884,1.0117937420519332,1.3881360262181839,3.091251247965804,0.4490531227869769,1.0573769398307566,1.0954451150103321,0.28627610293935446,1.3932244755129324,3.10258275650352,0.3175285082356667,0.747678404424608,0.7745966692414833,0.9851584743502655,1.2909944487358058,0.40992754144760735,0.9652486695518139,1.2718341215112283,0.42624662275133,True,True,true,
6,610,1649841656,haar,identified_unknot,false,0_1,0_1,1,"{""2"": ""1"", ""3"": ""1"", ""4"": ""1""}",0,0,----,----,0,0,0.5954749694708361,0.9429424266759617,0.97110973993955,1.2251094964439266,2.0573652281851746,0.5954749694708361,1.067926569714376,1.0954451150103321,0.2439935279840149,1.3749506779640037,2.3089982760918435,0.42106438893968057,0.7551381192543235,0.7745966692414833,0.9722369481853879,1.2909944487358058,0.5435917886814619,0.9748791199861284,1.255152502963177,0.5917471646940244,True,True,true,
6,611,1002587250,haar,identified_unknot,false,0_1,0_1,1,"{""2"": ""1"", ""3"": ""1"", ""4"": ""1""}",0,0,"1-a,1+a,2-a,2+a",----,2,0,0.4418942388402533,1.0036811360652451,1.0445935184419008,1.3435070410876049,3.040336177755168,0.4418942388402533,1.0599992890345031,1.0954451150103324,0.2764082257212114,1.3645618024182842,3.0879827852011874,0.31246641285121096,0.7495326853292164,0.7745966692414834,0.9648909038381065,1.2909944487358056,0.4033924044073037,0.9676425359060595,1.2456688004906695,0.10190996140357311,True,True,true,
6,612,313859322,haar,identified_unknot,false,0_1,0_1,1,"{""2"": ""1"", ""3"": ""1"", ""4"": ""1""}",0,0,----,----,0,0,0.44972733566616924,1.0143489675242456,1.0592876088889078,1.3892376859503657,3.089066587185599,0.44972733566616924,1.061298658201635,1.0954451150103321,0.2713764140440531,1.410476395252195,3.136292334027002,0.3180052487345069,0.7504514780785599,0.7745966692414833,0.9973574237863841,1.2909944487358058,0.4105430107850976,0.9688286922450011,1.2875828975136665,0.25453872722641807,True,True,true,
6,613,653970048,haar,identified_unknot,false,0_1,0_1,1,"{""2"": ""1"", ""3"": ""1"", ""4"": ""1""}",0,0,"1-c,2-a,3+a,4-a,5-c,1+c,2+a,5+c,4+a,3-a",----,5,0,0.9750593347536358,1.2114355093411284,1.2244041056049342,1.4041348262283027,1.4400506473619674,0.6417890021097836,1.0762228448776965,1.0954451150103321,0.20431443454479117,1.4041348262283027,2.1878449484369833,0.4538133554827754,0.7610044716808969,0.7745966692414833,0.9928732573262272,1.2909944487358058,0.5858705226904319,0.9824525484031627,1.2817938635063966,0.11641470943520023,True,True,true,
6,614,3298316429,haar,identified_unknot,false,0_1,0_1,1,"{""2"": ""1"", ""3"": ""1"", ""4"": ""1""}",0,0,"1+a,1-a,2-c,2+c",----,2,0,0.43968579999491625,1.0773006583493612,1.145030583776865,1.3787535881637911,3.1357701071531823,0.43968579999491625,1.0589230322820091,1.0954451150103321,0.28050314027239504,1.3787535881637911,3.1357701071531823,0.3109048107678373,0.7487716568812299,0.7745966692414833,0.974926011775901,1.2909944487358058,0.40137638478653415,0.9666600524043795,1.258624069130827,0.04851557212709457,True,True,true,
6,615,1386650414,haar,identified_unknot,false,0_1,0_1,1,"{""2"": ""1"", ""3"": ""1"", ""4"": ""1""}",0,0,"1-a,2-c,3-a,3+a,2+c,1+a",----,3,0,0.9148632961985925,1.1563085700895426,1.1637075439045674,1.3122350503535087,1.4343509634784357,0.5181635526419067,1.068831445457916,1.0954451150103321,0.2399986274967884,1.3222779511698333,2.551854418220023,0.3663969618368048,0.7557779630287118,0.7745966692414833,0.9349917058856436,1.2909944487358058,0.4730164437649799,0.9757051547469221,1.2070691019123871,0.13295304831235347,True,True,true,
6,616,3091298797,haar,identified_unknot,false,0_1,0_1,1,"{""2"": ""1"", ""3"": ""1"", ""4"": ""1""}",0,0,----,----,0,0,0.4665243562280504,1.0866888912310477,1.130584030464473,1.3786023802348677,2.9550491026474246,0.34888273446354356,1.043463564247445,1.0954451150103321,0.3334423339769842,1.395428878473719,3.9997074679530584,0.24669734737807725,0.737840162200453,0.7745966692414833,0.9867172226323053,1.2909944487358058,0.31848490598294643,0.9525475534551112,1.2738464568903185,0.13124918643189917,True,True,true,
6,617,3901495010,haar,identified_unknot,false,0_1,0_1,1,"{""2"": ""1"", ""3"": ""1"", ""4"": ""1""}",0,0,"1+a,2+c,3+a,4+c,5+a,1-a,2-c,5-a,4-c,3-a",----,5,0,0.7069290435628561,1.172830528670488,1.1956675083361445,1.3497469368523045,1.9093103461271113,0.3854014260804778,1.0593091106843102,1.0954451150103321,0.27904158833624704,1.3497469368523045,3.50218459381221,0.2725199618604718,0.7490446555375667,0.7745966692414833,0.9544152119340352,1.2909944487358058,0.35182175793156256,0.9670124921542225,1.232144740395847,0.017134158830475026,True,True,true,
6,618,3906301585,haar,identified_unknot,false,0_1,0_1,1,"{""2"": ""1"", ""3"": ""1"", ""4"": ""1""}",0,0,"1+a,1-a",----,1,0,0.6362170365751523,0.9167370033809684,0.9386545612456383,1.1796538809008457,1.8541689597799706,0.6362170365751523,1.0707071710486755,1.0954451150103321,0.2314868330271547,1.411022621737746,2.2178321871628643,0.4498733808686999,0.7571043013135831,0.7745966692414833,0.9977436642383809,1.2909944487358058,0.5807840373355004,0.9774174501098368,1.2880815317930714,0.4516106295436776,True,True,true,
6,619,3693067939,haar,identified_unknot,false,0_1,0_1,1,"{""2"": ""1"", ""3"": ""1"", ""4"": ""1""}",0,0,"1-c,2-a,3+a,1+c,2+a,3-a",----,3,0,1.0384092896802521,1.1603903245352354,1.1650735335864468,1.3138662040377322,1.2652681530249976,0.7149840089698042,1.0768633624278872,1.0954451150103321,0.200911171069467,1.3734081904350621,1.920893576926229,0.5055700411824918,0.7614573859841057,0.7745966692414833,0.9711462447937776,1.2909944487358058,0.6526881166137297,0.9830372582543585,1.253744410939391,0.11285357416450546,True,True,true,
6,620,698396988,haar,identified_unknot,false,0_1,0_1,1,"{""2"": ""1"", ""3"": ""1"", ""4"": ""1""}",0,0,"1+c,2+a,2-a,1-c",----,2,0,0.794121313605884,1.0095088159591383,1.0244110102037796,1.2709279422798372,1.60042038981287,0.2777313429094318,1.0614937921934715,1.0954451150103321,0.27061213781854465,1.3813720300419268,4.973770751154983,0.19638571591930556,0.7505894586474275,0.7745966692414833,0.9767775297840736,1.2909944487358058,0.25353286906283046,0.9690068243934425,1.2610143686011122,0.2549320285212146,True,True,true,
6,621,233384103,haar,identified_unknot,false,0_1,0_1,1,"{""2"": ""1"", ""3"": ""1"", ""4"": ""1""}",0,0,"1-c,2+c,2-c,1+c",----,2,0,0.3929104548315021,1.0725114870882362,1.1244757450364342,1.4095909965172664,3.587562965515293,0.3929104548315021,1.0659445138885373,1.0954451150103321,0.252511966668769,1.4095909965172664,3.587562965515293,0.2778296470104458,0.7537365941391827,0.7745966692414833,0.996731352336862,1.2909944487358058,0.358676531984714,0.9730697588427177,1.2867746427478215,0.27307972714957135,True,True,true,
6,622,3160116949,haar,identified_unknot,false,0_1,0_1,1,"{""2"": ""1"", ""3"": ""1"", ""4"": ""1""}",0,0,"1-c,2+c,3+a,1+c,2-c,3-a",----,3,0,0.49897570207144926,1.0556322112677585,1.103218703926396,1.3426705091129,2.690853489536532,0.49897570207144926,1.0558357140706132,1.0954451150103321,0.29190913807724234,1.3917608661527667,2.7892357491056305,0.3528291025820402,0.7465885932382712,0.7745966692414833,0.9841235462466842,1.2909944487358058,0.45550041278585,0.9638417293600826,1.2704980350746644,0.255804515419808,True,True,true,
6,623,4147784103,haar,identified_unknot,false,0_1,0_1,1,"{""2"": ""1"", ""3"": ""1"", ""4"": ""1""}",0,0,----,----,0,0,0.5597286150295466,1.0060726582464428,1.0407721594784414,1.391240177811236,2.4855620035395116,0.5597286150295466,1.0639897019195912,1.0954451150103321,0.2606260044758759,1.4130039610614402,2.524444745400146,0.3957878993115469,0.7523543333399962,0.7745966692414833,0.9991446827099967,1.2909944487358058,0.5109599808880131,0.9712852678242633,1.2898902388625038,0.46705498063673934,True,True,true,
6,624,4249358535,haar,identified_unknot,false,0_1,0_1,1,"{""2"": ""1"", ""3"": ""1"", ""4"": ""1""}",0,0,"1+a,1-a",----,1,0,0.2140231541009328,0.8952595448464592,0.9595571722929502,1.3384738434218943,6.253874021455983,0.2140231541009328,1.0565589375923956,1.0954451150103321,0.28928050641830017,1.4048706532754665,6.5641059219832485,0.15133722359570304,0.7470999894948371,0.7745966692414833,0.9933935656210573,1.2909944487358058,0.195375515549142,0.9645019390884134,1.2824655786266534,0.20379967601228532,True,True,true,
6,625,1063979530,haar,identified_unknot,false,0_1,0_1,1,"{""2"": ""1"", ""3"": ""1"", ""4"": ""1""}",0,0,"1+c,2+a,2-a,1-c",----,2,0,0.8079379804838411,1.0968211630603084,1.111237424350127,1.309196497956676,1.6204170735638044,0.7756041720290388,1.0764868092532518,1.0954451150103321,0.2029190713160135,1.3811031381869983,1.7806803882629056,0.5484349695583108,0.7611911226808438,0.7745966692414833,0.9765873945300478,1.2909944487358058,0.70802650119237,0.982693513807945,1.260768905043656,0.31513742329414723,True,True,true,
6,626,2048503190,haar,identified_unknot,false,0_1,0_1,1,"{""2"": ""1"", ""3"": ""1"", ""4"": ""1""}",0,0,"1-a,2+a,3+c,1+a,2-a,3-c",----,3,0,0.5298770892057418,1.1238096941159839,1.156842137001024,1.3205218128060483,2.4921285326479046,0.5298770892057418,1.0655119277134117,1.0954451150103324,0.254331146147006,1.3343512270115805,2.518227819609456,0.3746796829727692,0.7534307095213039,0.7745966692414834,0.9435288011044788,1.2909944487358056,0.48370939077193653,0.9726748634990822,1.2180904444482321,0.07088280502679804,True,True,true,
6,627,1492384386,haar,identified_unknot,false,0_1,0_1,1,"{""2"": ""1"", ""3"": ""1"", ""4"": ""1""}",0,0,"1+a,2+c,2-c,1-a",----,2,0,0.8003831319421005,1.08203147481927,1.0943514373378977,1.349022336872609,1.6854707240009612,0.66095760265765,1.0751254292963237,1.0954451150103321,0.21001264552496832,1.3902024729353528,2.103315654961038,0.4673676029160279,0.7602284816815285,0.7745966692414833,0.9830215958348957,1.2909944487358058,0.6033689808835525,0.9814507496217035,1.2690754232102632,0.020270217293930904,True,True,true,
6,628,1017896564,haar,identified_unknot,false,0_1,0_1,1,"{""2"": ""1"", ""3"": ""1"", ""4"": ""1""}",0,0,"1+a,2+c,2-c,1-a",----,2,0,0.2545906418008025,0.9087415782863028,1.0109805742129536,1.3985642528440272,5.493384371678106,0.2545906418008025,1.0403789862765898,1.0954451150103324,0.3429454255622831,1.3985642528440272,5.493384371678106,0.18002276924398272,0.7356590362001626,0.7745966692414834,0.9889342671111088,1.2909944487358056,0.2324083957400286,0.949731731896743,1.2767086490050539,0.2545906418008025,True,True,true,
6,629,1860046249,haar,identified_unknot,false,0_1,0_1,1,"{""2"": ""1"", ""3"": ""1"", ""4"": ""1""}",0,0,"1-c,1+c",----,1,0,0.1308357184775418,0.8908211239526035,0.9849354329566896,1.3675358985784394,10.45231313353608,0.1308357184775418,1.0498061993141214,1.0954451150103324,0.31290085311746785,1.3675358985784394,10.45231313353608,0.09251482375688387,0.7423250824666915,0.7745966692414834,0.9669939074008531,1.2909944487358056,0.1194361238959085,0.9583375606218479,1.248383766415847,0.1308357184775418,True,True,true,
6,630,3264995653,haar,identified_unknot,false,0_1,0_1,1,"{""2"": ""1"", ""3"": ""1"", ""4"": ""1""}",0,0,"1-c,2-a,2+a,1+c",----,2,0,0.5055369276166561,1.055247864054693,1.1046759715958714,1.3272488865726473,2.6254242055668136,0.5055369276166561,1.0670107869290535,1.0954451150103321,0.24796770067297488,1.3353959663093578,2.6415399021492965,0.35746858965795036,0.754490563036728,0.7745966692414833,0.9442675433465092,1.2909944487358058,0.4614899648458316,0.9740431285039683,1.2190441565817403,0.24908284215924234,True,True,true,
6,631,3353501166,haar,identified_unknot,false,0_1,0_1,1,"{""2"": ""1"", ""3"": ""1"", ""4"": ""1""}",0,0,"1+c,2+a,3+c,4+a,5+c,1-c,2-a,5-c,4-a,3-c",----,5,0,1.0438319597113377,1.1418474421033948,1.144826495415557,1.2940343386655973,1.2396960321309292,0.3649791629666949,1.0573194526082477,1.0954451150103324,0.286488350786198,1.349721223754237,3.6980774814188555,0.25807924112554,0.7476377548197404,0.7745966692414834,0.9543970300280264,1.2909944487358056,0.33317886762702154,0.9651961911375861,1.232121267656122,0.15921376825731812,True,True,true,
6,632,822200197,haar,identified_unknot,false,0_1,0_1,1,"{""2"": ""1"", ""3"": ""1"", ""4"": ""1""}",0,0,"1-a,1+a",----,1,0,0.6027323364797488,1.0412961500319486,1.0674330400468324,1.3611064974521,2.258227101936536,0.529627614628533,1.0641880462937363,1.0954451150103321,0.2598149382262693,1.3995772112742642,2.642568424714582,0.3745032778074912,0.7524945839919644,0.7745966692414833,0.9896505368861894,1.2909944487358058,0.48348165268283444,0.9714663306373859,1.2776333493084804,0.392334701066234,True,True,true,
6,633,2043255609,haar,identified_unknot,false,0_1,0_1,1,"{""2"": ""1"", ""3"": ""1"", ""4"": ""1""}",0,0,"1+a,1-a",----,1,0,0.7470991542633721,1.028089060088672,1.0407425194931665,1.2045277872532933,1.61227298997673,0.4010452812728067,1.0577091334029711,1.0954451150103321,0.2850462929349119,1.402325300478417,3.4966757270596096,0.2835818379508679,0.7479133007521874,0.7745966692414833,0.9915937293977515,1.2909944487358058,0.36610257855686734,0.9655519194067473,1.280142000053732,0.2621243582260932,True,True,true,
6,634,681047396,haar,identified_unknot,false,0_1,0_1,1,"{""2"": ""1"", ""3"": ""1"", ""4"": ""1""}",0,0,"1+a,1-a",----,1,0,0.6971926894437651,1.0691499547031955,1.0878368551096282,1.3375732428348643,1.9185130066438423,0.5709931418110304,1.058803014709287,1.0954451150103321,0.2809558257849884,1.4079518882511137,2.4657947445489174,0.4037531225855916,0.7486867916416966,0.7745966692414833,0.9955723277667666,1.2909944487358058,0.521243039917746,0.9665504918512515,1.28527834846188,0.1333026318563488,True,True,true,
6,635,3358623224,haar,identified_unknot,false,0_1,0_1,1,"{""2"": ""1"", ""3"": ""1"", ""4"": ""1""}",0,0,"1-a,2-c,3+c,4+a,5+c,1+a,2+c,3-c,4-a,5-c",----,5,0,0.9954615225588997,1.1269925028396912,1.1296513785395843,1.218934700199646,1.2244920296530333,0.6720709883322105,1.0717006910290088,1.0954451150103321,0.22684274034657714,1.4099871139939095,2.097973485647532,0.475225953288451,0.757806826028921,0.7745966692414833,0.997011449690743,1.2909944487358058,0.6135140675905717,0.9783244056174378,1.2871362468767873,0.33522624264685047,True,True,true,
6,636,795634149,haar,identified_unknot,false,0_1,0_1,1,"{""2"": ""1"", ""3"": ""1"", ""4"": ""1""}",0,0,"1+c,2+a,3+c,4+a,5+c,1-c,2-a,3-c,4-a,5-c",----,5,0,0.3161641203607597,1.046657217541892,1.10393058892999,1.3714711438574412,4.337845617309521,0.3161641203607597,1.062797157237358,1.0954451150103321,0.2654471747225622,1.41078679934392,4.46219766409338,0.22356179347497296,0.7515110769083212,0.7745966692414833,0.997576912624551,1.2909944487358058,0.2886170343256108,0.97019662845211,1.2878662563852992,0.2823294014704836,True,True,true,
6,637,1471050666,haar,identified_unknot,false,0_1,0_1,1,"{""2"": ""1"", ""3"": ""1"", ""4"": ""1""}",0,0,"1+a,2+c,3+a,1-a,2-c,3-a",----,3,0,0.8339927785488929,1.1853004797489464,1.1988207890965366,1.3354535080030814,1.6012770642051672,0.583259691397589,1.0684886537493923,1.0954451150103326,0.24152017888534963,1.3354535080030814,2.2896379223517203,0.4124268829800082,0.7555355726870803,0.7745966692414836,0.9443082314683421,1.2909944487358054,0.5324408164366021,0.9753922301614483,1.2190966847211555,0.05530045636399379,True,True,true,
6,638,2930741103,haar,identified_unknot,false,0_1,0_1,1,"{""2"": ""1"", ""3"": ""1"", ""4"": ""1""}",0,0,"1-c,2-a,3-a,4+a,2+a,1+c,4-a,3+a",----,4,0,1.1015543122728821,1.2005735567278795,1.2023229792719787,1.2721201352160867,1.1548410469124024,0.23505486201779655,1.038720864723451,1.0954451150103321,0.3479352887940023,1.4012968773808956,5.961573674127193,0.16620888688365218,0.7344865672059065,0.7745966692414833,0.9908665244515652,1.2909944487358058,0.21457475029735243,0.948218080933844,1.2792031825051122,0.0483510532616961,True,True,true,
6,639,3906995920,haar,identified_unknot,false,0_1,0_1,1,"{""2"": ""1"", ""3"": ""1"", ""4"": ""1""}",0,0,"1+a,1-a,2+a,2-a",----,2,0,0.4972745361961357,1.113433518997817,1.1519306442339625,1.3538266068493177,2.7224933277406738,0.4972745361961357,1.0597150078042017,1.0954451150103321,0.27749613012534174,1.3711159968297137,2.75726162718478,0.3516261966556828,0.749331668143506,0.7745966692414833,0.9695254191516434,1.2909944487358058,0.4539474679125713,0.9673830238352076,1.2516519340330268,0.03112123450881398,True,True,true,
6,640,1429348162,haar,identified_unknot,false,0_1,0_1,1,"{""2"": ""1"", ""3"": ""1"", ""4"": ""1""}",0,0,"1-a,1+a",----,1,0,0.9013448798636361,1.1142219578913386,1.1272060933205212,1.3421265710333994,1.4890266767105271,0.45509901057702296,1.0706478955180836,1.0954451150103321,0.23176083323697783,1.4100631184288728,3.098365598820012,0.3218035964903012,0.757062387183943,0.7745966692414833,0.9970651929421057,1.2909944487358058,0.4154466566521961,0.977363339201148,1.2872056291159537,0.06308490286531852,True,True,true,
6,641,2941428190,haar,identified_unknot,false,0_1,0_1,1,"{""2"": ""1"", ""3"": ""1"", ""4"": ""1""}",0,0,----,----,0,0,0.40990125478413547,0.9192035927385557,0.9720749697853375,1.3448157769908404,3.280828641764112,0.40990125478413547,1.0627915900035467,1.0954451150103324,0.2654694638140762,1.3663420543001434,3.3333444051536127,0.2898439568747369,0.7515071402795408,0.7745966692414834,0.9661497320159893,1.2909944487358056,0.3741869393249056,0.9701915462862074,1.2472939406802284,0.40070140808785515,True,True,true,
6,642,16503060,haar,identified_unknot,false,0_1,0_1,1,"{""2"": ""1"", ""3"": ""1"", ""4"": ""1""}",0,0,"1+c,2-c,2+c,1-c",----,2,0,0.8082975959884949,1.162076284421733,1.183487421232178,1.411811800284296,1.7466485206574724,0.6587917004358258,1.0686095780685863,1.0954451150103321,0.24098458386394278,1.411811800284296,2.1430321592550534,0.46583607876758903,0.7556210790931926,0.7745966692414833,0.9983016977402134,1.2909944487358058,0.6013917917098129,0.9755026184570711,1.2888019499461458,0.06320629407245346,True,True,true,
6,643,407976467,haar,identified_unknot,false,0_1,0_1,1,"{""2"": ""1"", ""3"": ""1"", ""4"": ""1""}",0,0,"1+a,1-a",----,1,0,0.17631942054918692,1.054861780881179,1.1314823343425484,1.360863342076618,7.718170453588718,0.17631942054918692,1.04645950413801,1.0954451150103324,0.32391743731887984,1.407242354813572,7.981210183372856,0.12467665792521276,0.7399586116130988,0.7745966692414834,0.9950706118616023,1.2909944487358056,0.16095687326838265,0.9552824598867645,1.2846306360134698,0.08159870477285805,True,True,true,
6,644,4256187329,haar,identified_unknot,false,0_1,0_1,1,"{""2"": ""1"", ""3"": ""1"", ""4"": ""1""}",0,0,"1-a,1+a",----,1,0,0.937649796713022,1.2011654249177859,1.2134103199239084,1.4039734785885245,1.4973324619812465,0.26375382013976784,1.0615820905637992,1.0954451150103321,0.27026554533309194,1.4039734785885245,5.323045095022828,0.1865021147846868,0.750651895023854,0.7745966692414833,0.9927591673160117,1.2909944487358058,0.24077319486451873,0.9690874294088083,1.2816465739365521,0.04703541425594171,True,True,true,
6,645,3286988291,haar,identified_unknot,false,0_1,0_1,1,"{""2"": ""1"", ""3"": ""1"", ""4"": ""1""}",0,0,----,----,0,0,0.7978382972490559,1.1250067328826807,1.1432864381176024,1.3362270711116524,1.6748093889688669,0.5919345455425278,1.0687106915571403,1.0954451150103324,0.24053577229064968,1.4035941825401042,2.371198290604349,0.4185609311716986,0.7556925771266186,0.7745966692414834,0.9924909645080964,1.2909944487358056,0.5403598386003525,0.9755949220213193,1.2813003256003979,0.3791987273558738,True,True,true,
6,646,2975729696,haar,identified_unknot,false,0_1,0_1,1,"{""2"": ""1"", ""3"": ""1"", ""4"": ""1""}",0,0,"1+a,2+c,3+a,4-a,5-c,1-a,2-c,3-a,4+a,5+c",----,5,0,0.998614469485554,1.1379260029121328,1.143990807551452,1.3176976111931917,1.3195258545292425,0.5784671522851376,1.0729425617018036,1.0954451150103321,0.22089422647224502,1.4109996194256726,2.4392043936319547,0.409038046074492,0.758684961203011,0.7745966692414833,0.9977273991475308,1.2909944487358058,0.5280658468039099,0.9794580732524272,1.288060533651076,0.015714057591147287,True,True,true,
6,647,4123079657,haar,identified_unknot,false,0_1,0_1,1,"{""2"": ""1"", ""3"": ""1"", ""4"": ""1""}",0,0,"1-c,2-a,3-c,1+c,2+a,3+c",----,3,0,1.1180836506452234,1.2241622934432088,1.2263870412739497,1.332816432600683,1.1920543081293977,0.32519063532401116,1.0499478941044225,1.0954451150103321,0.3124250624800908,1.3780513371719068,4.237672268141589,0.22994450341596992,0.7424252758137722,0.7745966692414833,0.9744294453374446,1.2909944487358058,0.2968570774273287,0.9584669096767292,1.2579830046153513,0.002605976115425252,True,True,true,
6,648,2096722102,haar,identified_unknot,false,0_1,0_1,1,"{""2"": ""1"", ""3"": ""1"", ""4"": ""1""}",0,0,"1+a,1-a",----,1,0,0.848187923191262,1.1575303726234543,1.1740242269878551,1.3719447893048218,1.6175009709439772,0.5178030653740571,1.0538283792513936,1.0954451150103321,0.29907481853941037,1.3719447893048218,2.6495493770662386,0.3661420588451769,0.7451691931754891,0.7745966692414833,0.9701114639309886,1.2909944487358058,0.47268736541782214,0.9620092917584956,1.2524085145898722,0.1473380143578184,True,True,true,
6,649,3624341546,haar,identified_unknot,false,0_1,0_1,1,"{""2"": ""1"", ""3"": ""1"", ""4"": ""1""}",0,0,"1+a,2+c,3+a,4+c,5-c,1-a,2-c,3-a,4-c,5+c",----,5,0,0.8116325201171943,1.125909406954619,1.1473130807716936,1.4133248166609174,1.7413358652224071,0.571220559127935,1.0558860672784802,1.0954451150103324,0.2917269492645221,1.4133248166609174,2.4742190981686605,0.403913930912534,0.7466241983330084,0.7745966692414834,0.9993715618801686,1.2909944487358056,0.5214506425751392,0.9638876953397347,1.2901831386117293,0.04259914363168446,True,True,true,
6,650,3086204566,haar,identified_unknot,false,0_1,0_1,1,"{""2"": ""1"", ""3"": ""1"", ""4"": ""1""}",0,0,"1-c,2-a,2+a,1+c",----,2,0,0.36890617486040284,0.9532934406319654,1.0340145168297312,1.3842334417723101,3.7522642235417054,0.36890617486040284,1.0554307525639566,1.0954451150103321,0.2933699482603491,1.3842334417723101,3.7522642235417054,0.2608560578653811,0.7463022422107948,0.7745966692414833,0.9788008534223944,1.2909944487358058,0.3367637226233131,0.9634720517732209,1.2636264681861804,0.10406690386650148,True,True,true,
6,651,792345803,haar,identified_unknot,false,0_1,0_1,1,"{""2"": ""1"", ""3"": ""1"", ""4"": ""1""}",0,0,"1+c,1-c",----,1,0,0.6761013384466865,0.9946567537197505,1.0087157601808674,1.196413166316653,1.769576686633043,0.40935473146385654,1.0634482092290969,1.0954451150103321,0.2628267609803596,1.4008439736849205,3.42207837362839,0.28945750652889113,0.7519714401865848,0.7745966692414833,0.9905462731769168,1.2909944487358058,0.3736880340737067,0.9707909548887499,1.2787897398873407,0.3885324051584056,True,True,true,
6,652,2825100468,haar,identified_unknot,false,0_1,0_1,1,"{""2"": ""1"", ""3"": ""1"", ""4"": ""1""}",0,0,"1+c,2+a,2-a,1-c",----,2,0,0.6195890353944178,1.0245927584209,1.0621227587146451,1.365962126198808,2.20462604753692,0.6195890353944178,1.0706503290997833,1.0954451150103321,0.2317495907192197,1.365962126198808,2.20462604753692,0.4381156084762246,0.7570641079860655,0.7745966692414833,0.9658810822791717,1.2909944487358058,0.5656048184473157,0.9773655607471351,1.2469471153613427,0.35868858617890026,True,True,true,
6,653,3058434589,haar,identified_unknot,false,0_1,0_1,1,"{""2"": ""1"", ""3"": ""1"", ""4"": ""1""}",0,0,"1-c,2-a,3-c,1+c,2+a,3+c",----,3,0,0.9392615975441212,1.096437579683527,1.1051091378720581,1.3012653433712291,1.385413123216829,0.2705398768376084,1.0605416581241107,1.0954451150103324,0.2743198705587367,1.4014874470499075,5.180335939500521,0.19130058149324625,0.7499161981903838,0.7745966692414834,0.991001277556812,1.2909944487358056,0.2469679887477125,0.9681376488808457,1.2793771480159355,0.1222101350149712,True,True,true,
6,654,280234432,haar,identified_unknot,false,0_1,0_1,1,"{""2"": ""1"", ""3"": ""1"", ""4"": ""1""}",0,0,"1-a,2+a,2-a,1+a",----,2,0,0.7636537750779124,1.172672200948046,1.1914671140984165,1.4003368783182244,1.8337326731284131,0.0745957367450802,1.0445601434946807,1.0954451150103321,0.3299910705191462,1.4003368783182244,18.772344632826226,0.052747151300052725,0.7386155608222819,0.7745966692414833,0.9901877026044177,1.2909944487358058,0.06809627951499571,0.9535485887714495,1.2783268272687642,0.020594166978162035,True,True,true,
6,655,484793607,haar,identified_unknot,false,0_1,0_1,1,"{""2"": ""1"", ""3"": ""1"", ""4"": ""1""}",0,0,"1-a,1+a",----,1,0,0.22129532971568341,1.073501784854172,1.1439651403687994,1.3513235571772915,6.1064260095929255,0.22129532971568341,1.0414036153970618,1.0954451150103324,0.3398212910309307,1.4088202848319176,6.3662449932492775,0.15647942828687264,0.7363835583994497,0.7745966692414834,0.9961863768778122,1.2909944487358056,0.20201407325970513,0.9506670860340083,1.2860710824554906,0.17264398489340316,True,True,true,
6,656,3024042973,haar,identified_unknot,false,0_1,0_1,1,"{""2"": ""1"", ""3"": ""1"", ""4"": ""1""}",0,0,"1+a,2+c,2-c,1-a",----,2,0,0.6349893468151433,1.0125695443431009,1.0413907947276113,1.257136244724708,1.9797753317122702,0.3857548524663598,1.0508473014043378,1.095445115010332,0.30938640747650964,1.4097162983451346,3.6544356845597177,0.2727698720545792,0.743061252814591,0.7745966692414831,0.9968199541090428,1.290994448735806,0.3521443906048378,0.9592879524543102,1.2868890271438551,0.29036394911545915,True,True,true,
6,657,805726812,haar,identified_unknot,false,0_1,0_1,1,"{""2"": ""1"", ""3"": ""1"", ""4"": ""1""}",0,0,"1+a,2+c,3-c,1-a,2-c,3+c",----,3,0,0.5961386173965797,1.1032288745511611,1.1389425285489847,1.3903922820054953,2.332330504065534,0.5101167951411383,1.0587706750595316,1.0954451150103321,0.28107767188801003,1.4079965770301595,2.7601455008761224,0.36070704504144774,0.7486639240560534,0.7745966692414833,0.9956039275054728,1.2909944487358058,0.4656707927684053,0.9665209699251299,1.2853191435491311,0.09716798795089869,True,True,true,
6,658,3013949836,haar,identified_unknot,false,0_1,0_1,1,"{""2"": ""1"", ""3"": ""1"", ""4"": ""1""}",0,0,"1-c,2-a,2+a,1+c",----,2,0,0.22057955344524333,0.8941664167797052,0.9678711080668477,1.2376336927519882,5.610826903134603,0.22057955344524333,1.0563585644997293,1.0954451150103321,0.29001135013663015,1.3932528312160315,6.316328097753143,0.15597329803223203,0.7469583043222455,0.7745966692414833,0.9851785248602122,1.2909944487358058,0.20136066191062693,0.9643190243171296,1.271860006608264,0.12623999881570458,True,True,true,
6,659,4221996696,haar,identified_unknot,false,0_1,0_1,1,"{""2"": ""1"", ""3"": ""1"", ""4"": ""1""}",0,0,"1-a,2-c,3-a,1+a,2+c,3+a",----,3,0,0.7489445863266018,1.0845298975347906,1.1022577006658003,1.268807431302088,1.6941272484861558,0.49641913768660645,1.0582392283450186,1.0954451150103321,0.28307196186083083,1.3859396685565033,2.7918739696765247,0.3510213385689778,0.7482881344803819,0.7745966692414833,0.9800073379517396,1.2909944487358058,0.45316659948036214,0.9660358276690453,1.2651840330160504,0.18266851227698744,True,True,true,
6,660,3937608646,haar,identified_unknot,false,0_1,0_1,1,"{""2"": ""1"", ""3"": ""1"", ""4"": ""1""}",0,0,"1-c,2-a,3+a,1+c,2+a,3-a",----,3,0,0.5639518190168452,1.081167008840912,1.1091143674944017,1.3422037833759866,2.3799972588365654,0.41784111516699013,1.0509626250321424,1.0954451150103324,0.3089944348779577,1.3806200645354545,3.304174755477785,0.2954582859931279,0.7431427989338427,0.7745966692414834,0.9762458098752287,1.2909944487358056,0.3814350070501241,0.95939322804158,1.260327921150511,0.31430592695490084,True,True,true,
6,661,1721387050,haar,identified_unknot,false,0_1,0_1,1,"{""2"": ""1"", ""3"": ""1"", ""4"": ""1""}",0,0,"1-a,1+a",----,1,0,0.7743812565666751,1.1033984221070492,1.1187142878405667,1.3533601470242995,1.7476664569912324,0.6273525758155287,1.0623895375397532,1.0954451150103321,0.26707390461456415,1.3906270693292029,2.216659535543396,0.443605260554008,0.7512228462559997,0.7745966692414833,0.9833218308242544,1.2909944487358058,0.572691928805225,0.9698245242800073,1.2694630249148418,0.2698533075133291,True,True,true,
6,662,124441875,haar,identified_unknot,false,0_1,0_1,1,"{""2"": ""1"", ""3"": ""1"", ""4"": ""1""}",0,0,"1-c,1+c,2+a,2-a",----,2,0,0.9653887513419158,1.1623009607602273,1.176375948865555,1.3941073566656728,1.4440890830018753,0.444220998388599,1.0656679304944683,1.0954451150103324,0.25367668776542546,1.3941073566656728,3.1383193539314074,0.31411168030603676,0.7535410201456729,0.7745966692414834,0.9857827656003499,1.2909944487358056,0.4055164355581695,0.9728172739027795,1.2726400780494815,0.07726489516851479,True,True,true,
6,663,3073489990,haar,identified_unknot,false,0_1,0_1,1,"{""2"": ""1"", ""3"": ""1"", ""4"": ""1""}",0,0,"1+c,2+a,3-a,1-c,2-a,3+a",----,3,0,0.8338229235488417,1.1490768603997241,1.1618776612393196,1.3633375053707586,1.635044404354158,0.17833568417600612,1.0515598626005995,1.0954451150103321,0.30695578731701434,1.3917205216355908,7.803937434428715,0.1261023716083964,0.7435651096684781,0.7745966692414833,0.9840950183650055,1.2909944487358058,0.16279746171885945,0.9599384288556357,1.2704612057377829,0.09023064180606966,True,True,true,
6,664,1999186500,haar,identified_unknot,false,0_1,0_1,1,"{""2"": ""1"", ""3"": ""1"", ""4"": ""1""}",0,0,"1-c,1+c",----,1,0,0.6361722014911184,1.0653551682549056,1.0947340150943603,1.4123521910520982,2.220078443763651,0.6361722014911184,1.0756875744080219,1.0954451150103324,0.20711408031369277,1.4123521910520982,2.220078443763651,0.4498416776767445,0.7606259783020212,0.7745966692414834,0.9986838117166169,1.2909944487358056,0.5807431086906787,0.9819639155521503,1.2892952569684668,0.1407059561139292,True,True,true,
6,665,876027052,haar,identified_unknot,false,0_1,0_1,1,"{""2"": ""1"", ""3"": ""1"", ""4"": ""1""}",0,0,----,----,0,0,0.5417986727384552,0.9702191681773226,1.0101123369012746,1.3145452484390754,2.426261477893379,0.5417986727384552,1.0630086098122205,1.0954451150103321,0.2645991221925933,1.384561921368298,2.555491534097341,0.3831095155312327,0.7516605964579058,0.7745966692414833,0.9790331235721988,1.2909944487358058,0.4945922578086853,0.9703896573606008,1.2639263276601849,0.01818137625926802,True,True,true,
6,666,1670107560,haar,identified_unknot,false,0_1,0_1,1,"{""2"": ""1"", ""3"": ""1"", ""4"": ""1""}",0,0,"1+c,2+a,2-a,1-c",----,2,0,0.8691153702358785,1.080359745763769,1.0934465477476294,1.3820105375500757,1.5901347334071392,0.3385713454675766,1.0557187731296556,1.0954451150103321,0.29233178421378436,1.38423697208041,4.08846463414894,0.23940609429557666,0.7465059035059217,0.7745966692414833,0.9788033497271915,1.2909944487358058,0.3090719387291103,0.9637349773746522,1.2636296909018156,0.23092759493940757,True,True,true,
6,667,4104863442,haar,identified_unknot,false,0_1,0_1,1,"{""2"": ""1"", ""3"": ""1"", ""4"": ""1""}",0,0,"1-a,1+a",----,1,0,0.6501326462414577,1.065717770516066,1.0930627159116753,1.3648669499007606,2.099366887344175,0.6501326462414577,1.0720657293374467,1.0954451150103321,0.2251112435667477,1.3669222080649355,2.102528177853207,0.45971320282808953,0.7580649470922104,0.7745966692414833,0.9665599626772047,1.2909944487358058,0.5934871928616211,0.9786576384772462,1.2478235461865588,0.03149900662163888,True,True,true,
6,668,2581734875,haar,identified_unknot,false,0_1,0_1,1,"{""2"": ""1"", ""3"": ""1"", ""4"": ""1""}",0,0,"1-c,2-a,2+a,1+c",----,2,0,0.4707501899429509,1.0589292886466055,1.1018375288371074,1.3948253026431259,2.9629840464050825,0.37259740454673324,1.0419960149288494,1.0954451150103321,0.33800045099436976,1.3948253026431259,3.7435185688959334,0.2634661514075024,0.7368024481255484,0.7745966692414833,0.9862904300695327,1.2909944487358058,0.3401333388968729,0.9512078703450345,1.273295470061017,0.10001617213717995,True,True,true,
6,669,4066885452,haar,identified_unknot,false,0_1,0_1,1,"{""2"": ""1"", ""3"": ""1"", ""4"": ""1""}",0,0,"1-c,2-a,3-c,1+c,2+a,3+c",----,3,0,0.6820723470365416,1.1423722935550544,1.1711920251888384,1.4010862404788873,2.0541607449214254,0.36285296143420664,1.0524352339810659,1.0954451150103324,0.3039409124734924,1.4087842533575778,3.882521029425364,0.2565757896037483,0.7441840907076624,0.7745966692414834,0.9961608987779704,1.2909944487358056,0.3312379200584451,0.9607375299410953,1.2860381903700306,0.10828918064736816,True,True,true,
6,670,2670454776,haar,identified_unknot,false,0_1,0_1,1,"{""2"": ""1"", ""3"": ""1"", ""4"": ""1""}",0,0,"1-a,2+a,3+c,1+a,2-a,3-c",----,3,0,0.7084565385139938,1.1141522028421564,1.1359242637105258,1.3952673303522305,1.9694466131667587,0.5081885918986325,1.053188694819646,1.0954451150103321,0.30131971907608457,1.3952673303522305,2.7455699568921887,0.359343599453166,0.744716867975981,0.7745966692414833,0.9866029908601129,1.2909944487358058,0.4639105920827803,0.9614253424369074,1.2736989843065487,0.17874538547457372,True,True,true,
6,671,2860734279,haar,identified_unknot,false,0_1,0_1,1,"{""2"": ""1"", ""3"": ""1"", ""4"": ""1""}",0,0,"1-c,1+c",----,1,0,0.5089702726248039,1.0761972110813849,1.113823525843046,1.3163781306230782,2.58635563101633,0.504197062452687,1.055803960041581,1.0954451150103321,0.29202396812678855,1.363866607912608,2.705026882302772,0.3565211619146322,0.7465661397490125,0.7745966692414833,0.9643993270888993,1.2909944487358058,0.4602668408886295,0.9638127420300951,1.2450341776363156,0.1264005374379628,True,True,true,
6,672,3656718968,haar,identified_unknot,false,0_1,0_1,1,"{""2"": ""1"", ""3"": ""1"", ""4"": ""1""}",0,0,"1-c,1+c",----,1,0,0.8997866954032212,1.0895746276617224,1.0982406435049836,1.2928915934111034,1.4368867644033347,0.6338484071587909,1.0719966963967227,1.0954451150103321,0.2254397545121832,1.4088904043637345,2.222756085605783,0.4481985069462728,0.7580161334316992,0.7745966692414833,0.9962359588742535,1.2909944487358058,0.5786217843993147,0.9785946203125033,1.286135092537654,0.3594038517625849,True,True,true,
6,673,1315359092,haar,identified_unknot,false,0_1,0_1,1,"{""2"": ""1"", ""3"": ""1"", ""4"": ""1""}",0,0,"1+c,1-c",----,1,0,0.8274887270211034,1.1345745860540184,1.1510775359301582,1.37840609983621,1.665770245352305,0.43444739402992094,1.0571169994512837,1.0954451150103324,0.287234485170418,1.4081967598315301,3.2413516093839103,0.30720069838738107,0.7474945988195785,0.7745966692414834,0.9957454781217989,1.2909944487358056,0.3965943962658715,0.9650113775360738,1.285501884609023,0.030237181035422413,True,True,true,
6,674,1368089081,haar,identified_unknot,false,0_1,0_1,1,"{""2"": ""1"", ""3"": ""1"", ""4"": ""1""}",0,0,"1-c,1+c",----,1,0,0.8598164988533767,1.1264035045392122,1.139447151695313,1.352767259109827,1.5733208898803794,0.4009333681851789,1.0541528002147098,1.0954451150103321,0.2979293100711743,1.3876899777183924,3.461148629259166,0.2835027034477028,0.7453985934386091,0.7745966692414833,0.9812449934292843,1.2909944487358058,0.3660004163525777,0.9623054462247222,1.2667818393670083,0.032918656344013156,True,True,true,
6,675,2776199168,haar,identified_unknot,false,0_1,0_1,1,"{""2"": ""1"", ""3"": ""1"", ""4"": ""1""}",0,0,----,----,0,0,0.5812796155618313,1.0058259924931399,1.0506995525332345,1.3938881080529724,2.397964887699908,0.5812796155618313,1.0577456105831744,1.0954451150103321,0.28491090412974274,1.4003934942245273,2.4091563797071878,0.4110267579292803,0.7479390940136678,0.7745966692414833,0.9902277360956875,1.2909944487358058,0.5306332627685767,0.965585218364133,1.278378510283757,0.22406361348512518,True,True,true,
6,676,3924530004,haar,identified_unknot,false,0_1,0_1,1,"{""2"": ""1"", ""3"": ""1"", ""4"": ""1""}",0,0,"1-c,2-a,3+a,3-a,2+a,1+c",----,3,0,0.7048250701024327,1.1664041385423158,1.189981031543453,1.3885485792995071,1.9700612793153178,0.7048250701024327,1.0755193276635795,1.0954451150103324,0.20798599910109736,1.3885485792995071,1.9700612793153178,0.49838658661971386,0.7605070098881134,0.7745966692414834,0.981852116429628,1.2909944487358056,0.6434143166504372,0.9818103279902208,1.2675656317901516,0.16747445105448305,True,True,true,
6,677,4281145024,haar,identified_unknot,false,0_1,0_1,1,"{""2"": ""1"", ""3"": ""1"", ""4"": ""1""}",0,0,"1+c,1-c",----,1,0,0.2514856075032806,0.9272079677434683,1.0083080119226655,1.346878686114418,5.355688937772903,0.2514856075032806,1.0558711146975222,1.0954451150103321,0.29178106372314916,1.3524873934609036,5.377991237304746,0.17782717843638818,0.7466136252616168,0.7745966692414833,0.9563530073855231,1.2909944487358058,0.22957390019572874,0.9638740455632622,1.2346464235665036,0.20150206682205013,True,True,true,
6,678,2351150145,haar,identified_unknot,false,0_1,0_1,1,"{""2"": ""1"", ""3"": ""1"", ""4"": ""1""}",0,0,"1-c,2-a,2+a,1+c",----,2,0,0.24382160089051447,1.0033809041843924,1.0789086314181615,1.3531133009764946,5.5496038744495655,0.24382160089051447,1.0492622629512043,1.0954451150103321,0.31472003995061626,1.3670569239800492,5.606791682882567,0.17240790738944273,0.7419404613759388,0.7745966692414833,0.9666552212143154,1.2909944487358058,0.22257765135792748,0.9578410169288197,1.2479465244291634,0.2404600788114676,True,True,true,
6,679,302387992,haar,identified_unknot,false,0_1,0_1,1,"{""2"": ""1"", ""3"": ""1"", ""4"": ""1""}",0,0,"1+a,1-a,2+a,2-a",----,2,0,0.8957458300328435,1.11046681735085,1.1212537972849472,1.338923483442486,1.4947582657386111,0.16434054892520303,1.0566244235308644,1.0954451150103321,0.2890412212783305,1.4060347904299684,8.55561697721907,0.11620631656893064,0.7471462950460008,0.7745966692414833,0.9942167348972368,1.2909944487358058,0.15002170959852515,0.9645617192979115,1.283528285592571,0.013747121379227099,True,True,true,
6,680,927258352,haar,identified_unknot,false,0_1,0_1,1,"{""2"": ""1"", ""3"": ""1"", ""4"": ""1""}",0,0,"1+a,2-a,2+a,1-a",----,2,0,0.7352460009083416,1.104975174802152,1.1215187711539274,1.314802973296189,1.7882490644924938,0.45860583460937976,1.067345553068361,1.095445115010332,0.24652275827029377,1.371183639668052,2.9898957583825023,0.3242832955440087,0.7547272784439442,0.7745966692414831,0.969573249861331,1.290994448735806,0.418647934365068,0.974348726780615,1.2517136832137128,0.1981318789470149,True,True,true,
6,681,1457346930,haar,identified_unknot,false,0_1,0_1,1,"{""2"": ""1"", ""3"": ""1"", ""4"": ""1""}",0,0,"1-c,2+c,3+a,3-a,2-c,1+c",----,3,0,0.8775976721242277,1.1502048722868972,1.1601066554723831,1.3324691382378628,1.5183143490030204,0.7347296037785387,1.0759878342354632,1.0954451150103324,0.20554848716854543,1.4107286434586397,1.920065063669137,0.5195322851703099,0.7608382940621228,0.7745966692414834,0.9975357902037033,1.2909944487358056,0.6707132960938975,0.9822380140198206,1.287813167568266,0.03376277281979898,True,True,true,
6,682,4127503594,haar,identified_unknot,false,0_1,0_1,1,"{""2"": ""1"", ""3"": ""1"", ""4"": ""1""}",0,0,----,----,0,0,0.8922906667416767,1.0725255605451312,1.0848567326581633,1.3403193683988663,1.5021107116285646,0.46828236618309377,1.0672110975351141,1.0954451150103321,0.247104174990827,1.3523337496780807,2.8878596490847395,0.3311256366381476,0.7546322040246171,0.7745966692414833,0.9562443648248019,1.2909944487358058,0.4274813587339581,0.9742259862330466,1.2345061666237158,0.33850616670735734,True,True,true,
6,683,3115518612,haar,identified_unknot,false,0_1,0_1,1,"{""2"": ""1"", ""3"": ""1"", ""4"": ""1""}",0,0,"1+a,1-a",----,1,0,0.6723222115295744,1.0519825872166855,1.0694755717628206,1.3033756671079202,1.9386175925121683,0.45946589408158545,1.0529612500354932,1.095445115010332,0.3021135646138573,1.4057148776011779,3.0594542396036277,0.32489144942902903,0.744556040226761,0.7745966692414831,0.9939905223666105,1.290994448735806,0.41943305765460637,0.9612177147054619,1.283236246471298,0.19243175826976217,True,True,true,
6,684,2213719044,haar,identified_unknot,false,0_1,0_1,1,"{""2"": ""1"", ""3"": ""1"", ""4"": ""1""}",0,0,"1-a,2-c,3-a,3+a,2+c,1+a",----,3,0,0.5474882191808906,1.0766138825954232,1.1122989715556075,1.390479255214332,2.53974278623686,0.4852996536386463,1.0574746014269933,1.0954451150103321,0.28591514009723523,1.390479255214332,2.8651972957097587,0.34315867599536953,0.7477474616015685,0.7745966692414833,0.9832173104612741,1.2909944487358058,0.4430159457455511,0.9653378219839149,1.2693280897064543,0.21864066690188522,True,True,true,
6,685,4126594392,haar,identified_unknot,false,0_1,0_1,1,"{""2"": ""1"", ""3"": ""1"", ""4"": ""1""}",0,0,"1+a,2+c,3-a,4-c,5-a,6+a,2-c,1-a,6-a,3+a,4+c,5+a",----,6,0,0.5340754806115169,1.0694885577437514,1.1048205685197214,1.3993215930382155,2.6200820742341344,0.28153406398933184,1.053119390794792,1.0954451150103321,0.30156184893319354,1.3993215930382155,4.97034558877124,0.19907464578186393,0.7446678626300431,0.7745966692414833,0.9894697874980845,1.2909944487358058,0.25700426258843323,0.9613620768073433,1.2774000028518244,0.024344502613405032,True,True,true,
6,686,683792909,haar,identified_unknot,false,0_1,0_1,1,"{""2"": ""1"", ""3"": ""1"", ""4"": ""1""}",0,0,"1-c,2+c,2-c,1+c",----,2,0,0.4125321807211309,1.0419108590217645,1.1006498458960485,1.4032095184384143,3.4014546840576663,0.4125321807211309,1.0585277860683773,1.0954451150103324,0.28199100361745527,1.4032095184384143,3.4014546840576663,0.291704302445586,0.7484921756033326,0.7745966692414834,0.9922189659133125,1.2909944487358056,0.37658863512960195,0.9662992436260883,1.2809491769244679,0.18795618287851573,True,True,true,
6,687,1043972070,haar,identified_unknot,false,0_1,0_1,1,"{""2"": ""1"", ""3"": ""1"", ""4"": ""1""}",0,0,"1-a,2-c,2+c,1+a",----,2,0,0.44293445249838703,1.0392140248901856,1.0818317560260131,1.3721044379729301,3.0977595674337994,0.44293445249838703,1.064879165562119,1.0954451150103321,0.2569676297741125,1.3721044379729301,3.0977595674337994,0.31320195498276016,0.7529832791132466,0.7745966692414833,0.9702243525868154,1.2909944487358058,0.4043419852159451,0.9720972333260851,1.25255425321787,0.17645070519580636,True,True,true,
6,688,2482629306,haar,identified_unknot,false,0_1,0_1,1,"{""2"": ""1"", ""3"": ""1"", ""4"": ""1""}",0,0,"1+c,1-c",----,1,0,0.4712670879184791,1.0626318146185179,1.104058135915414,1.3684585660563715,2.90378556266397,0.4712670879184791,1.061027298514048,1.0954451150103324,0.27243544521222096,1.3999878287805143,2.9706887339917265,0.33323615361719344,0.7502595978033266,0.7745966692414834,0.9899408873093328,1.2909944487358056,0.4302060244378689,0.9685809758748528,1.2780081900929463,0.19897346575566677,True,True,true,
6,689,1578325124,haar,identified_unknot,false,0_1,0_1,1,"{""2"": ""1"", ""3"": ""1"", ""4"": ""1""}",0,0,"1-c,2-a,3+a,4+c,5+a,1+c,2+a,3-a,4-c,5-a",----,5,0,0.7015872463530134,1.0597247376959353,1.0794190405844641,1.3644703831234652,1.9448335046229062,0.5337015150966091,1.0701420566154707,1.0954451150103324,0.23408540890626056,1.393118817393547,2.6102957889137124,0.37738396045434686,0.7567047050657175,0.7745966692414834,0.9850837627775606,1.2909944487358056,0.4872005979884946,0.9769015735721065,1.27173766928561,0.15129016603563086,True,True,true,
6,690,3767035734,haar,identified_unknot,false,0_1,0_1,1,"{""2"": ""1"", ""3"": ""1"", ""4"": ""1""}",0,0,"1+c,1-c,2-a,2+a",----,2,0,0.6106752299396957,1.0215492459421582,1.0548474066464415,1.3391531071354237,2.1929055600759595,0.26613160933128854,1.0529633329917785,1.0954451150103324,0.3021063047585157,1.3624057333394741,5.119293182658025,0.1881834656462432,0.7445575130992752,0.7745966692414834,0.9633663327717733,1.2909944487358056,0.24294380949316513,0.9612196161757012,1.24370058770733,0.17916791584498043,True,True,true,
6,691,1705483647,haar,identified_unknot,false,0_1,0_1,1,"{""2"": ""1"", ""3"": ""1"", ""4"": ""1""}",0,0,"1-a,2-c,3-a,3+a,2+c,1+a",----,3,0,0.6091928490888924,1.0629263985858337,1.0916624483295052,1.3238491213063701,2.17311992956962,0.5181532529788939,1.0618506149549234,1.0954451150103324,0.26920860223969717,1.3513315383994453,2.607976560275478,0.36638967887524454,0.7508417704417318,0.7745966692414834,0.9555356944334972,1.2909944487358056,0.4730070415020351,0.9693325575192399,1.233591277082558,0.08716199815385432,True,True,true,
6,692,1772058130,haar,identified_unknot,false,0_1,0_1,1,"{""2"": ""1"", ""3"": ""1"", ""4"": ""1""}",0,0,"1-c,1+c",----,1,0,0.4656557884512191,0.9995285081038303,1.0448206683195076,1.3742322023212907,2.951176032605577,0.4656557884512191,1.0576995498982533,1.0954451150103321,0.28508185165848793,1.4043202221199953,3.015790326135092,0.3292683657126254,0.747906524191014,0.7745966692414833,0.9930043520184473,1.2909944487358058,0.42508363227931056,0.9655431709038907,1.2819631060263115,0.3898804544719473,True,True,true,
6,693,1806494337,haar,identified_unknot,false,0_1,0_1,1,"{""2"": ""1"", ""3"": ""1"", ""4"": ""1""}",0,0,"1-c,1+c",----,1,0,0.5298221718531789,1.0389929434128204,1.0773889939436212,1.3190417357720967,2.4895933123342777,0.5298221718531789,1.0596910961146344,1.0954451150103321,0.2775874291378571,1.3868366099428842,2.6175511022728504,0.37464085054036717,0.7493147600256634,0.7745966692414833,0.9806415712883763,1.2909944487358058,0.4836592583172747,0.9673611955489338,1.2660028247328516,0.19129135639472536,True,True,true,
6,694,239811067,haar,identified_unknot,false,0_1,0_1,1,"{""2"": ""1"", ""3"": ""1"", ""4"": ""1""}",0,0,"1+c,1-c",----,1,0,0.5930376112257123,1.0041525004708656,1.0449911286189737,1.3021815662189171,2.1957824285841157,0.524818680288294,1.0568948583907902,1.0954451150103321,0.28805079119334365,1.3865367446730026,2.641934818157289,0.37110284772522734,0.7473375213693236,0.7745966692414833,0.9804295345226007,1.2909944487358058,0.47909171632331754,0.9648085914197735,1.2657290864453075,0.3534288464025288,True,True,true,
6,695,973565535,haar,identified_unknot,false,0_1,0_1,1,"{""2"": ""1"", ""3"": ""1"", ""4"": ""1""}",0,0,"1-c,2-a,2+a,1+c",----,2,0,0.5521958865707148,0.9346842442481806,0.9666916762938738,1.3114464857699373,2.3749660540109656,0.5521958865707148,1.0637360440400987,1.0954451150103321,0.26165937516152826,1.4105325248133551,2.5544060705941547,0.39046145593747006,0.7521749701333057,0.7745966692414833,0.9973971133797055,1.2909944487358058,0.5040835720605743,0.9710537109201182,1.2876341365583168,0.36564493304956,True,True,true,
6,696,724586986,haar,identified_unknot,false,0_1,0_1,1,"{""2"": ""1"", ""3"": ""1"", ""4"": ""1""}",0,0,"1-a,1+a",----,1,0,0.759187364811147,1.0815985621680264,1.0966090651720897,1.3170048916142292,1.7347560729515605,0.5033157843889697,1.068582850152332,1.0954451150103321,0.24110307414116183,1.367826584497233,2.71763101202516,0.3558980042196667,0.7556021796023623,0.7745966692414833,0.9671994533852275,1.2909944487358058,0.4594623477637421,0.9754782193193251,1.2486491251406346,0.1514688504832432,True,True,true,
6,697,3360459600,haar,identified_unknot,false,0_1,0_1,1,"{""2"": ""1"", ""3"": ""1"", ""4"": ""1""}",0,0,"1-a,2+a,3-c,3+c,4+c,1+a,2-a,4-c",----,4,0,0.9133402888710191,1.14212294605716,1.1491788854300171,1.3031253151916706,1.4267686765493124,0.5107701489785088,1.0709075520326619,1.0954451150103321,0.2305580512569716,1.3709627368603536,2.684108966826169,0.3611690359703667,0.7572459920661806,0.7745966692414833,0.9694170479880243,1.2909944487358058,0.46626722049300595,0.9776003720848772,1.2515120274623917,0.06302549232109042,True,True,true,
6,698,3596181354,haar,identified_unknot,false,0_1,0_1,1,"{""2"": ""1"", ""3"": ""1"", ""4"": ""1""}",0,0,"1-a,2-c,3+c,1+a,2+c,3-c",----,3,0,0.6304618883898688,1.0358650897584563,1.0821016645260415,1.3889356203441523,2.203044539125661,0.4922172835624833,1.056993946022892,1.0954451150103321,0.2876869793211974,1.3889356203441523,2.8217936808142117,0.34805017902425367,0.7474075869059146,0.7745966692414833,0.9821257957768941,1.2909944487358058,0.44933084900181486,0.9648990456385602,1.267918950308206,0.1765887486670816,True,True,true,
6,699,1858873414,haar,identified_unknot,false,0_1,0_1,1,"{""2"": ""1"", ""3"": ""1"", ""4"": ""1""}",0,0,"1+a,1-a",----,1,0,1.008597290592845,1.1317950532340078,1.1360683517105428,1.2869321278751331,1.275962309118127,0.4933892636143203,1.0716984444877582,1.0954451150103324,0.22685335369467105,1.374968166572273,2.7867816913970755,0.34887889406632294,0.7578052374843686,0.7745966692414834,0.9722493144988886,1.2909944487358056,0.4504007155207101,0.9783223548152385,1.2551684678052575,0.07859870179912148,True,True,true,
6,700,2069028382,haar,identified_unknot,false,0_1,0_1,1,"{""2"": ""1"", ""3"": ""1"", ""4"": ""1""}",0,0,----,----,0,0,0.5986201925553171,1.053505988972139,1.0827993231363011,1.3327068610271913,2.226297872342552,0.5986201925553171,1.0730666534730704,1.0954451150103324,0.22029061987317006,1.3327068610271913,2.226297872342552,0.4232883975110615,0.7587727073359631,0.7745966692414834,0.9423660587661646,1.2909944487358056,0.5464629714010554,0.9795713530229665,1.2165893505441585,0.06464393040324674,True,True,true,
6,701,2747605503,haar,identified_unknot,false,0_1,0_1,1,"{""2"": ""1"", ""3"": ""1"", ""4"": ""1""}",0,0,"1+a,2+c,2-c,1-a",----,2,0,0.7597131504126404,1.1082183228610243,1.1242060582828572,1.367834945282629,1.8004623778589135,0.4456266430910474,1.0673560014529444,1.0954451150103321,0.24647751654538663,1.3793534089713153,3.0953118049754833,0.3151056212070769,0.7547346665675354,0.7745966692414833,0.9753501491363982,1.2909944487358058,0.40679960774378393,0.9743582648071577,1.2591716281087304,0.060539779571125406,True,True,true,
6,702,844530940,haar,identified_unknot,false,0_1,0_1,1,"{""2"": ""1"", ""3"": ""1"", ""4"": ""1""}",0,0,"1+c,1-c",----,1,0,0.3193814404085251,1.0460426991075202,1.1048286992309415,1.3896459553410856,4.351054192640532,0.3193814404085251,1.0435138334618113,1.095445115010332,0.33328498222067404,1.3966450781533228,4.372968812360716,0.22583678229799534,0.7378757079028163,0.7745966692414831,0.9875772056730302,1.290994448735806,0.2915540322670687,0.9525934427595392,1.2749566902219014,0.0247548817410494,True,True,true,
6,703,1064530905,haar,identified_unknot,false,0_1,0_1,1,"{""2"": ""1"", ""3"": ""1"", ""4"": ""1""}",0,0,----,----,0,0,0.25863375903146996,1.0435148902328122,1.1056927022643794,1.3320909261647331,5.150491301495747,0.25863375903146996,1.0487313787880912,1.0954451150103324,0.3164845891117439,1.373733917212972,5.311502730182332,0.18288168485491987,0.741565069584177,0.7745966692414834,0.9713765684072518,1.2909944487358056,0.2360992399231526,0.957356388209554,1.2540417574457985,0.04227318809314038,True,True,true,
6,704,2185680379,haar,identified_unknot,false,0_1,0_1,1,"{""2"": ""1"", ""3"": ""1"", ""4"": ""1""}",0,0,"1+c,2-c,3-a,1-c,2+c,3+a",----,3,0,0.7130729461888645,1.064450146105779,1.0835667441108878,1.3277030387869868,1.8619456058221164,0.4332499202740855,1.060552334440592,1.095445115010332,0.2742785917869104,1.372061312623482,3.166904939660414,0.3063539565743369,0.7499237474861659,0.7745966692414831,0.9701938583597796,1.290994448735806,0.39550125728571917,0.9681473949797925,1.2525148853400483,0.18685896865519688,True,True,true,
6,705,3997584411,haar,identified_unknot,false,0_1,0_1,1,"{""2"": ""1"", ""3"": ""1"", ""4"": ""1""}",0,0,"1-c,1+c",----,1,0,0.6605773794257541,1.0858200308423251,1.124202617790984,1.3932370304061268,2.1091201028065485,0.6110277540037414,1.0623687591441935,1.0954451150103321,0.26715654510871745,1.3932370304061268,2.2801534321100507,0.43206186834923116,0.7512081537115972,0.7745966692414833,0.9851673520003803,1.2909944487358058,0.557789473549278,0.9698055562867461,1.2718455825082444,0.057584345160843986,True,True,true,
6,706,1465575301,haar,identified_unknot,false,0_1,0_1,1,"{""2"": ""1"", ""3"": ""1"", ""4"": ""1""}",0,0,"1+c,2+a,2-a,1-c",----,2,0,0.1814643539246049,0.8941722469278411,0.9780292003964302,1.3408859923186174,7.3892528384705845,0.1814643539246049,1.0535468112356672,1.0954451150103324,0.3000651871429904,1.398201465252197,7.705102600112439,0.1283146752037238,0.7449700945222038,0.7745966692414834,0.9886777375447954,1.2909944487358056,0.16565353337934535,0.9617522565023534,1.2763774707590065,0.02194830777998837,True,True,true,
6,707,3080248378,haar,identified_unknot,false,0_1,0_1,1,"{""2"": ""1"", ""3"": ""1"", ""4"": ""1""}",0,0,----,----,0,0,0.6034958199851381,1.0033467511524947,1.0425293146751156,1.3605058840752062,2.254374991542958,0.6034958199851381,1.0648315379188271,1.0954451150103321,0.2571649195621857,1.3942988507430352,2.3103703531490436,0.42673598672922713,0.7529496012837029,0.7745966692414833,0.98591817236101,1.2909944487358058,0.5509137899432287,0.9720537554350989,1.2728148874258152,0.3813773598752435,True,True,true,
6,708,4283249641,haar,identified_unknot,false,0_1,0_1,1,"{""2"": ""1"", ""3"": ""1"", ""4"": ""1""}",0,0,----,----,0,0,0.7381749104577385,1.039828058258397,1.0623665821519082,1.3305243328684915,1.8024513079744746,0.245611341868636,1.0509249362942372,1.095445115010332,0.3091225942485494,1.3805909530219265,5.621039087683209,0.1736734453716399,0.7431161489716955,0.7745966692414831,0.9762252249266024,1.290994448735806,0.2242114538676084,0.9593588230883893,1.2603013460961074,0.19016919061121962,True,True,true,
6,709,2311108681,haar,identified_unknot,false,0_1,0_1,1,"{""2"": ""1"", ""3"": ""1"", ""4"": ""1""}",0,0,"1+c,2+c,3+a,1-c,4-a,3-a,2-c,4+a",----,4,0,0.5122323344966799,1.1336666212283,1.1700198107546456,1.3652628959805617,2.6653196294647636,0.5069529193918594,1.0492099195034101,1.0954451150103324,0.31489449791263097,1.3819698221326318,2.726031884362048,0.35846984704430096,0.7419034489690529,0.7745966692414834,0.9772002326251508,1.2909944487358056,0.46278258257336585,0.9577932341169954,1.2615600756224075,0.0862339933408513,True,True,true,
6,710,2582139765,haar,identified_unknot,false,0_1,0_1,1,"{""2"": ""1"", ""3"": ""1"", ""4"": ""1""}",0,0,"1-c,2-a,2+a,1+c",----,2,0,0.873256575603042,1.0970774470842466,1.1073333010113942,1.2592868663254848,1.442058269593748,0.6540259499098333,1.074690403250873,1.0954451150103321,0.21222755985139108,1.3778339668061828,2.1066961746642265,0.46246618425321634,0.7599208718147976,0.7745966692414833,0.9742757412778121,1.2909944487358058,0.5970412765989327,0.9810536269913774,1.2577845735276176,0.38292089063588064,True,True,true,
6,711,1366191823,haar,identified_unknot,false,0_1,0_1,1,"{""2"": ""1"", ""3"": ""1"", ""4"": ""1""}",0,0,"1+a,2+c,2-c,1-a",----,2,0,0.5443736098915773,1.0808781676207566,1.1151138797333875,1.3719037944052765,2.520151178302927,0.5026503035503395,1.06320104280143,1.0954451150103324,0.26382483314872274,1.392207315133427,2.7697333619415594,0.35542743820592154,0.7517966671294999,0.7745966692414834,0.984439233348363,1.2909944487358056,0.4588548496522333,0.9705653238422649,1.270905585370469,0.059386418469900316,True,True,true,
6,712,1438647414,haar,identified_unknot,false,0_1,0_1,1,"{""2"": ""1"", ""3"": ""1"", ""4"": ""1""}",0,0,"1+c,2+a,3+c,1-c,2-a,3-c",----,3,0,0.856695940608302,1.1920569752706565,1.207548633995679,1.3890100388618039,1.6213570918469966,0.5224174183886378,1.062315978713175,1.0954451150103324,0.26736634300276013,1.3890100388618039,2.6588126466879953,0.3694048991525755,0.7511708323109101,0.7745966692414834,0.9821784176153714,1.2909944487358056,0.476899674141785,0.9697573745656396,1.2679868848095621,0.044921290930571386,True,True,true,
6,713,109768506,haar,identified_unknot,false,0_1,0_1,1,"{""2"": ""1"", ""3"": ""1"", ""4"": ""1""}",0,0,"1+c,1-c,2-a,2+a",----,2,0,0.6627530060081441,1.0931730194400544,1.1170795166009486,1.3858895201920218,2.0911101234220455,0.5720328052758181,1.0627838777277594,1.0954451150103324,0.26550033755524194,1.3858895201920218,2.422744827586916,0.4044882756716948,0.7515016868770332,0.7745966692414834,0.9799718777031492,1.2909944487358056,0.5221921184708762,0.9701845059738433,1.2651382540319693,0.1545711850265421,True,True,true,
6,714,4277198714,haar,identified_unknot,false,0_1,0_1,1,"{""2"": ""1"", ""3"": ""1"", ""4"": ""1""}",0,0,"1-c,2-a,3+a,4+c,5+a,1+c,2+a,3-a,4-c,5-a",----,5,0,0.7445449303896988,1.0840787210141993,1.1105675925340466,1.3372351464139272,1.7960435855953127,0.43745681694584676,1.0653706466574495,1.0954451150103321,0.2549223121672323,1.3583067292268662,3.1050075724274575,0.30932868173869044,0.7533308087285797,0.7745966692414833,0.9604678991676368,1.2909944487358058,0.3993416109594142,0.9725458921302514,1.2399587260143607,0.06265488354775671,True,True,true,
6,715,1153985032,haar,identified_unknot,false,0_1,0_1,1,"{""2"": ""1"", ""3"": ""1"", ""4"": ""1""}",0,0,----,----,0,0,0.8397030547524235,1.0747253307956122,1.0865265174222083,1.2766679075476166,1.5203802109830684,0.3788911481820669,1.0631677795760741,1.095445115010332,0.2639588461697772,1.4104479315037015,3.7225676510815324,0.2679165002110965,0.7517731464772865,0.7745966692414831,0.9973372968768064,1.290994448735806,0.345878714497251,0.9705349588108269,1.2875569137851317,0.1876309035140119,True,True,true,
6,716,1228423923,haar,identified_unknot,false,0_1,0_1,1,"{""2"": ""1"", ""3"": ""1"", ""4"": ""1""}",0,0,"1+a,1-a,2+a,3+c,3-c,2-a",----,3,0,0.7531727930424057,1.0598753904583396,1.0910307795141903,1.3970022735576488,1.8548230717608964,0.540797209315647,1.0577590493302786,1.0954451150103321,0.28486100744030496,1.409520955940658,2.6063761640418583,0.3824013739538547,0.7479485966428758,0.7745966692414833,0.9966818261701841,1.2909944487358058,0.4936780509633714,0.9655974862056887,1.2867107047415731,0.0032478814810769432,True,True,true,
6,717,401927434,haar,identified_unknot,false,0_1,0_1,1,"{""2"": ""1"", ""3"": ""1"", ""4"": ""1""}",0,0,"1+c,2+a,3+c,1-c,2-a,3-c",----,3,0,0.8798325598523872,1.1347033644943283,1.1460469275279515,1.306290220571384,1.4847032039716117,0.27794472894687283,1.0565251698956921,1.0954451150103321,0.2894038102321369,1.3940213951544749,5.015462608110594,0.19653660263339065,0.747076112127513,0.7745966692414833,0.9857219816328608,1.2909944487358058,0.2537276629731023,0.9644711135397479,1.2725616062848815,0.11294150274395662,True,True,true,
6,718,4187830166,haar,identified_unknot,false,0_1,0_1,1,"{""2"": ""1"", ""3"": ""1"", ""4"": ""1""}",0,0,"1+a,1-a",----,1,0,0.46005032004364016,0.9143853635927103,0.9538854793887661,1.2097831486481574,2.6296757027218196,0.46005032004364016,1.0641014308966932,1.0954451150103321,0.26016945394033014,1.324533379131635,2.879105440044016,0.3253047009898994,0.7524333376573601,0.7745966692414833,0.9365865342919113,1.2909944487358058,0.4199665631256213,0.9713872619594064,1.209128016531565,0.4591189475170061,True,True,true,
6,719,3797341252,haar,identified_unknot,false,0_1,0_1,1,"{""2"": ""1"", ""3"": ""1"", ""4"": ""1""}",0,0,"1-a,1+a",----,1,0,0.9143756578225687,1.1277057641867902,1.1382739435409308,1.354651906801578,1.481504778930197,0.16145756379419302,1.0487518858238842,1.0954451150103324,0.3164166272193152,1.3613821565157556,8.431826447295366,0.11416773823273348,0.7415795702482483,0.7745966692414834,0.9626425546586564,1.2909944487358056,0.1473899162831815,0.9573751084863728,1.2427661941811798,0.08824316792058513,True,True,true,
6,720,2060339923,haar,identified_unknot,false,0_1,0_1,1,"{""2"": ""1"", ""3"": ""1"", ""4"": ""1""}",0,0,----,----,0,0,0.6508378564641452,1.042294781918889,1.0745782962241583,1.3450583807301,2.0666566447709385,0.6192263788156671,1.0574241095233554,1.0954451150103321,0.2861018220821712,1.3889842208713066,2.24309601203986,0.4378591715501481,0.7477117584341111,0.7745966692414833,0.9821601615392141,1.2909944487358058,0.5652737597993001,0.9652917293929254,1.2679633163165878,0.08482127996185025,True,True,true,
6,721,2203087046,haar,identified_unknot,false,0_1,0_1,1,"{""2"": ""1"", ""3"": ""1"", ""4"": ""1""}",0,0,"1+a,2+c,3+a,1-a,2-c,3-a",----,3,0,0.6134680972093973,1.0289106989085075,1.067414725278813,1.3919914391963875,2.2690526948808127,0.41674762844057095,1.048637682356263,1.0954451150103321,0.3167949039086413,1.3919914391963875,3.34013043914631,0.2946850741137394,0.7414988162018584,0.7745966692414833,0.9842865860093872,1.2909944487358058,0.38043679480613707,0.9572708554607706,1.2707085185032372,0.22761834613904783,True,True,true,
6,722,2421815556,haar,identified_unknot,false,0_1,0_1,1,"{""2"": ""1"", ""3"": ""1"", ""4"": ""1""}",0,0,"1+a,2+c,3-c,3+c,2-c,1-a",----,3,0,0.8027321638474825,1.1033449690313784,1.1227532408267464,1.2716143121029118,1.5841078374237363,0.5543440867333764,1.0666560023536853,1.0954451150103321,0.24948942390982226,1.3693419157319986,2.4702020793641344,0.3919804628398341,0.7542396924576248,0.7745966692414833,0.9682709543770741,1.2909944487358058,0.5060446015391177,0.9737192559789951,1.2500324269729233,0.0341325281965045,True,True,true,
6,723,853097747,haar,identified_unknot,false,0_1,0_1,1,"{""2"": ""1"", ""3"": ""1"", ""4"": ""1""}",0,0,"1-c,2+c,2-c,1+c,3+a,3-a",----,3,0,0.9077179311231346,1.162333763634864,1.1747527839202,1.411158000856457,1.5546217084313931,0.10381018802687834,1.0537341202021648,1.0954451150103321,0.2994067533002047,1.411158000856457,13.593636883608019,0.07340488791005621,0.7451025419625913,0.7745966692414833,0.9978393917312526,1.2909944487358058,0.09476530280195664,0.9619232454126433,1.28820511545496,0.0026128833862435717,True,True,true,
6,724,3736294408,haar,identified_unknot,false,0_1,0_1,1,"{""2"": ""1"", ""3"": ""1"", ""4"": ""1""}",0,0,"1-c,1+c",----,1,0,0.3505352248568099,0.8712441020592872,0.9358559033313077,1.339815825820689,3.8222002549615097,0.3505352248568099,1.0586315014168841,1.0954451150103324,0.2816013924110343,1.3825604426004108,3.944141257601637,0.24786583454100147,0.7485655134295749,0.7745966692414834,0.9776178643630249,1.2909944487358056,0.3199934164237006,0.9663939223526496,1.2620992358776189,0.34515786596941744,True,True,true,
6,725,2083232299,haar,identified_unknot,false,0_1,0_1,1,"{""2"": ""1"", ""3"": ""1"", ""4"": ""1""}",0,0,"1-c,2-a,3-c,3+c,2+a,1+c",----,3,0,0.8274312663957135,1.1587236477967826,1.1756018963526174,1.3731093268837806,1.659484458286231,0.4670380598709477,1.0605678801798233,1.0954451150103321,0.27421847408749794,1.3863818794011507,2.968455889407036,0.33024577920695586,0.7499347399837948,0.7745966692414833,0.9803200282387039,1.2909944487358058,0.4263454676746106,0.9681615862332088,1.265587714440695,0.1794103077810489,True,True,true,
6,726,3604821251,haar,identified_unknot,false,0_1,0_1,1,"{""2"": ""1"", ""3"": ""1"", ""4"": ""1""}",0,0,----,----,0,0,0.5338156244433502,0.9122824726935472,0.9445034293266052,1.359158790792643,2.5461202867749337,0.5338156244433502,1.0714082209392501,1.0954451150103321,0.22822012203964617,1.4062901237414678,2.6344116945020346,0.37746464794722423,0.7576000184451585,0.7745966692414833,0.9943972828132608,1.2909944487358058,0.48730476509388176,0.9780574181748436,1.2837613719498888,0.5338156244433502,True,True,true,
6,727,913003985,haar,identified_unknot,false,0_1,0_1,1,"{""2"": ""1"", ""3"": ""1"", ""4"": ""1""}",0,0,"1+a,2+c,2-c,1-a",----,2,0,0.222226613497613,0.9269962072177814,1.0177825178679096,1.382476798922495,6.221022663144461,0.222226613497613,1.0483273604067282,1.0954451150103324,0.3178203036664935,1.382476798922495,6.221022663144461,0.1571379453642841,0.7412793854469912,0.7745966692414834,0.9775587193511673,1.2909944487358056,0.20286421515104108,0.9569875715743552,1.2620228799956403,0.010811847453702991,True,True,true,
6,728,582338489,haar,identified_unknot,false,0_1,0_1,1,"{""2"": ""1"", ""3"": ""1"", ""4"": ""1""}",0,0,"1+a,1-a",----,1,0,0.7186994813393275,1.0645731088205757,1.0971500544638224,1.3966751381442293,1.9433367831871327,0.5887519951226562,1.0608754755012695,1.095445115010332,0.27302605274946745,1.3966751381442293,2.3722639578542006,0.4163105281883393,0.7501522427214506,0.7745966692414831,0.9875984612964425,1.290994448735806,0.5374545808414174,0.9684423810601077,1.274984131113731,0.3586063874109833,True,True,true,
6,729,2343553492,haar,identified_unknot,false,0_1,0_1,1,"{""2"": ""1"", ""3"": ""1"", ""4"": ""1""}",0,0,"1-c,2-a,3-c,1+c,2+a,3+c",----,3,0,0.5626848634035865,1.0233614237045106,1.0804939311721695,1.360564936104115,2.417987446604278,0.5626848634035865,1.0556824641931537,1.0954451150103321,0.2924628776358992,1.4016758140747871,2.491049440349763,0.39787828258370217,0.7464802292107036,0.7745966692414833,0.9911344731574563,1.2909944487358058,0.5136586540880957,0.9637018320020502,1.2795491027969637,0.2184520123214106,True,True,true,
6,730,1888387787,haar,identified_unknot,false,0_1,0_1,1,"{""2"": ""1"", ""3"": ""1"", ""4"": ""1""}",0,0,----,----,0,0,0.5039441921363058,1.0090082924894348,1.0444886865362832,1.3396867305527442,2.6584029570289966,0.48778837619362475,1.0611601303083815,1.0954451150103321,0.27191759384765485,1.4032716217210834,2.876804143369056,0.3449184685904867,0.750353524065857,0.7745966692414833,0.9922628795656218,1.2909944487358058,0.44528782821677376,0.9687022341583703,1.281005869205823,0.38255162551675015,True,True,true,
6,731,4227687049,haar,identified_unknot,false,0_1,0_1,1,"{""2"": ""1"", ""3"": ""1"", ""4"": ""1""}",0,0,"1-a,1+a",----,1,0,0.5951891978402396,0.940029413017376,0.9789147663143519,1.3340877729529141,2.2414515884930584,0.5951891978402396,1.066894807583624,1.0954451150103321,0.24846623422731215,1.391770475855142,2.3383664906981734,0.420862317881815,0.7544085532550973,0.7745966692414833,0.9841303413323989,1.2909944487358058,0.5433309160675073,0.9739372543311412,1.2705068074926007,0.5156881640446626,True,True,true,
6,732,3173150357,haar,identified_unknot,false,0_1,0_1,1,"{""2"": ""1"", ""3"": ""1"", ""4"": ""1""}",0,0,"1+c,2+a,3-a,1-c,2-a,3+a",----,3,0,0.9808973559939707,1.1562220579565008,1.1637466381445494,1.4134781306607977,1.441005138838896,0.1306701559040045,1.0529235272116049,1.0954451150103321,0.3022450096267471,1.4134781306607977,10.817145819426397,0.09239775333842495,0.744529366162184,0.7745966692414833,0.9994799712491349,1.2909944487358058,0.11928498663556687,0.9611832786361677,1.290323094505256,0.07065836645385223,True,True,true,
6,733,4237775774,haar,identified_unknot,false,0_1,0_1,1,"{""2"": ""1"", ""3"": ""1"", ""4"": ""1""}",0,0,"1-c,1+c",----,1,0,0.3608841073242877,1.0933223109342114,1.1495287406608026,1.4075298833417793,3.9002268450602164,0.3608841073242877,1.0441236129491924,1.0954451150103321,0.3313697042306744,1.4075298833417793,3.9002268450602164,0.25518359951145764,0.738306887113372,0.7745966692414833,0.9952739252336822,1.2909944487358058,0.3294406103777129,0.9531500927267766,1.2848931124481793,0.19036956719775938,True,True,true,
6,734,1069782361,haar,identified_unknot,false,0_1,0_1,1,"{""2"": ""1"", ""3"": ""1"", ""4"": ""1""}",0,0,"1-c,1+c",----,1,0,0.4596150041269461,1.0648086957153924,1.112004151245229,1.3948969009780603,3.0349246400859196,0.4596150041269461,1.0651727782349876,1.0954451150103324,0.2557478299168109,1.3948969009780603,3.0349246400859196,0.3249968861532466,0.7531908946252742,0.7745966692414834,0.9863410577376864,1.2909944487358056,0.41956917588026393,0.9723652637995842,1.2733608300995558,0.21911077294755135,True,True,true,
6,735,538653645,haar,identified_unknot,false,0_1,0_1,1,"{""2"": ""1"", ""3"": ""1"", ""4"": ""1""}",0,0,"1+a,1-a",----,1,0,0.47727429297577606,1.0131098325061274,1.0468973010329095,1.3017027921039694,2.727368331505835,0.47727429297577606,1.0704206266027028,1.0954451150103324,0.23280825188011967,1.3878015772712076,2.907765194346315,0.33748388904918625,0.7569016837927244,0.7745966692414834,0.9813239062298572,1.2909944487358056,0.43568982730026995,0.9771558720151912,1.2668837153544819,0.3913805681018126,True,True,true,
6,736,140433663,haar,identified_unknot,false,0_1,0_1,1,"{""2"": ""1"", ""3"": ""1"", ""4"": ""1""}",0,0,"1-a,1+a",----,1,0,0.3810770646223768,1.0404864348791412,1.1061462376132019,1.3404201053349982,3.5174515334930208,0.3810770646223768,1.0496601612014467,1.0954451150103324,0.31339040506459814,1.4082634636441858,3.6954820806119244,0.2694621765491468,0.7422218179269076,0.7745966692414834,0.9957926448400587,1.2909944487358056,0.34787417406921606,0.9582042466742354,1.2855627765804614,0.1310201932200661,True,True,true,
6,737,2735948223,haar,identified_unknot,false,0_1,0_1,1,"{""2"": ""1"", ""3"": ""1"", ""4"": ""1""}",0,0,"1+a,2-c,2+c,3+c,4+a,1-a,3-c,4-a",----,4,0,0.8300134743353317,1.162237005194108,1.1809268058404585,1.400223264969756,1.686988595084006,0.5395124489220355,1.056824364678149,1.0954451150103321,0.2883093169195661,1.400223264969756,2.595349315418857,0.38149291116733214,0.7472876747870839,0.7745966692414833,0.9901073658352822,1.2909944487358058,0.49250523054908774,0.9647442397588135,1.278223112945781,0.1333296118956482,True,True,true,
6,738,2530969291,haar,identified_unknot,false,0_1,0_1,1,"{""2"": ""1"", ""3"": ""1"", ""4"": ""1""}",0,0,"1-c,2-c,2+c,1+c",----,2,0,0.8738619194468205,1.0795560025622015,1.0904700649370975,1.3794281449362964,1.5785424610440901,0.5515680314409593,1.0641337241761157,1.0954451150103324,0.2600373378403018,1.4123777767308228,2.5606592409661904,0.39001749531761715,0.7524561724542266,0.7745966692414834,0.9987019035235443,1.2909944487358056,0.5035104213648868,0.9714167415553983,1.2893186133907777,0.25615431145258727,True,True,true,
6,739,3722797326,haar,identified_unknot,false,0_1,0_1,1,"{""2"": ""1"", ""3"": ""1"", ""4"": ""1""}",0,0,"1-c,1+c",----,1,0,0.8601266711456633,1.0834348873913742,1.1022570333020882,1.3952611689186574,1.622157777133234,0.605644309117135,1.0701663466959712,1.0954451150103321,0.23397433705301554,1.3952611689186574,2.3037633606308785,0.42825519796376765,0.756721880746355,0.7745966692414833,0.9865986340686516,1.2909944487358058,0.5528750832134777,0.9769237472804629,1.2736933597129578,0.2445478183289769,True,True,true,
6,740,3246782170,haar,identified_unknot,false,0_1,0_1,1,"{""2"": ""1"", ""3"": ""1"", ""4"": ""1""}",0,0,"1-c,2-a,3-c,3+c,2+a,1+c",----,3,0,0.4547334423728051,1.0299740500024586,1.0990126731694772,1.3960104071420465,3.0699532452630836,0.31468043182908445,1.0414172837277649,1.0954451150103324,0.339779400719179,1.3960104071420465,4.436279685481923,0.22251266725305668,0.7363932233687772,0.7745966692414834,0.9871284254971341,1.2909944487358056,0.28726261819709364,0.9506795634557575,1.2743773175061164,0.13320675404819318,True,True,true,
6,741,1023856093,haar,identified_unknot,false,0_1,0_1,1,"{""2"": ""1"", ""3"": ""1"", ""4"": ""1""}",0,0,----,----,0,0,0.6566680768412309,0.9924045619439505,1.0231547437232271,1.3276489759746346,2.0217961292728313,0.6566680768412309,1.0661348027969109,1.0954451150103321,0.2517073345478668,1.4096463977258458,2.1466650312996256,0.46433445012316316,0.7538711487166782,0.7745966692414833,0.9967705269071345,1.2909944487358058,0.5994531974657965,0.9732434680553166,1.2868252169005747,0.466708129002281,True,True,true,
6,742,2158439456,haar,identified_unknot,false,0_1,0_1,1,"{""2"": ""1"", ""3"": ""1"", ""4"": ""1""}",0,0,"1+c,1-c",----,1,0,0.9853345380241996,1.1401634628330775,1.1474354388091246,1.3958561193537204,1.4166316773516352,0.45370516564534874,1.067163073027266,1.0954451150103324,0.2473114950159052,1.3958561193537204,3.076570921047944,0.3208179992871919,0.7545982455694547,0.7745966692414834,0.9870193275557545,1.2909944487358056,0.4141742561342924,0.974182146055944,1.2742364726694269,0.027119383483608355,True,True,true,
6,743,1775182611,haar,identified_unknot,false,0_1,0_1,1,"{""2"": ""1"", ""3"": ""1"", ""4"": ""1""}",0,0,"1+a,2+c,3+a,4-a,5-c,1-a,2-c,3-a,6-a,6+a,4+a,5+c",----,6,0,0.5455625378450193,1.042058411803737,1.0754320303288247,1.361685048538578,2.4959284299784508,0.5455625378450193,1.070297656471432,1.0954451150103321,0.2333729344884725,1.393183058646176,2.55366335113344,0.3857709700715556,0.7568147307790194,0.7745966692414833,0.9851291882029265,1.2909944487358058,0.4980281808458049,0.9770436161571973,1.271796313257589,0.3433709313107633,True,True,true,
6,744,1213522291,haar,identified_unknot,false,0_1,0_1,1,"{""2"": ""1"", ""3"": ""1"", ""4"": ""1""}",0,0,"1+c,1-c",----,1,0,0.5615251288015779,0.9362620494999864,0.9750127308412294,1.3325421997118592,2.373076700157314,0.5615251288015779,1.061630860462174,1.0954451150103321,0.2700739086145572,1.399948505261718,2.4931181766513744,0.39705822638224525,0.7506863805497126,0.7745966692414833,0.9899130813825319,1.2909944487358058,0.5125999660843634,0.9691319500312537,1.2779722927958046,0.2825596036444633,True,True,true,
6,745,2695829451,haar,identified_unknot,false,0_1,0_1,1,"{""2"": ""1"", ""3"": ""1"", ""4"": ""1""}",0,0,"1+c,2+a,2-a,1-c,3-a,3+a",----,3,0,0.42356095488021295,0.9977387085115987,1.0414446063585443,1.2747434004281615,3.009586662181057,0.42356095488021295,1.0617350673464625,1.0954451150103321,0.2696639515523022,1.3775561884834013,3.252321000345717,0.29950282344164786,0.7507600659442393,0.7745966692414833,0.9740793223421068,1.2909944487358058,0.3866564824438675,0.9692270774665405,1.2575309977719955,0.3341545066403196,True,True,true,
6,746,3075752424,haar,identified_unknot,false,0_1,0_1,1,"{""2"": ""1"", ""3"": ""1"", ""4"": ""1""}",0,0,"1-c,2-a,3-c,1+c,2+a,3+c",----,3,0,0.4109603614239112,1.0958633964532862,1.161525211697615,1.4071899941176327,3.424150176532712,0.4109603614239112,1.0512852976503282,1.0954451150103324,0.30789482448437056,1.4071899941176327,3.424150176532712,0.29059285836172205,0.7433709629302651,0.7745966692414834,0.9950335872584359,1.2909944487358056,0.37515376698725333,0.9596877864943625,1.2845828374563155,0.06952117041467368,True,True,true,
6,747,931986225,haar,identified_unknot,false,0_1,0_1,1,"{""2"": ""1"", ""3"": ""1"", ""4"": ""1""}",0,0,"1+c,1-c",----,1,0,0.9197991341354506,1.0605506438528922,1.0634093987779207,1.1889805752985618,1.2926524185262729,0.49670264486294974,1.0667082241035957,1.0954451150103324,0.24926605189987916,1.4025372390499695,2.823695934691384,0.3512218084158852,0.7542766188111119,0.7745966692414834,0.9917435925988912,1.2909944487358056,0.45342540493985845,0.9737669276963586,1.280335472614473,0.0922905327538999,True,True,true,
6,748,1284579226,haar,identified_unknot,false,0_1,0_1,1,"{""2"": ""1"", ""3"": ""1"", ""4"": ""1""}",0,0,"1-a,2+a,2-a,1+a",----,2,0,0.5803262139678993,0.9824168975188412,1.0199810937826426,1.381202067411081,2.3800442478159054,0.5803262139678993,1.069956968698784,1.0954451150103321,0.23492995792982382,1.381202067411081,2.3800442478159054,0.4103526011970169,0.7565738281447126,0.7745966692414833,0.9766573480552543,1.2909944487358058,0.5297629301696468,0.976732612193622,1.2608592146563669,0.47749678866701617,True,True,true,
6,749,4104548971,haar,identified_unknot,false,0_1,0_1,1,"{""2"": ""1"", ""3"": ""1"", ""4"": ""1""}",0,0,"1+c,2+a,3-a,1-c,4-c,4+c,2-a,3+a",----,4,0,0.4449794763808459,1.035534626860181,1.0843453746752298,1.3849881926919962,3.1124765662374556,0.4449794763808459,1.0527744517445374,1.095445115010332,0.30276385807091993,1.3849881926919962,3.1124765662374556,0.3146480052377353,0.7444239538885121,0.7745966692414831,0.9793345429158112,1.290994448735806,0.4062088280677111,0.961047191976029,1.2643154583595304,0.16522698380324471,True,True,true,
6,750,1126082719,haar,identified_unknot,false,0_1,0_1,1,"{""2"": ""1"", ""3"": ""1"", ""4"": ""1""}",0,0,----,----,0,0,0.5556790360169874,0.9782017103460149,1.0178059253680527,1.3114312381899647,2.3600516722568483,0.5556790360169874,1.0639692830088534,1.0954451150103321,0.26070934930229556,1.4141380886238129,2.5448829215514652,0.39292441453081556,0.7523398949897491,0.7745966692414833,0.9999466320000809,1.2909944487358058,0.5072632379320495,0.971266627994245,1.2909255509441702,0.41664636937431104,True,True,true,
6,751,3201110237,haar,identified_unknot,false,0_1,0_1,1,"{""2"": ""1"", ""3"": ""1"", ""4"": ""1""}",0,0,"1+a,2+c,3-a,4-c,2-c,1-a,4+c,3+a",----,4,0,0.9447648279917289,1.180902732950604,1.1928431486267177,1.362823878497311,1.4425006500233961,0.5590117651213735,1.0648727283697565,1.0954451150103324,0.2569943041671365,1.364649537181334,2.441182140209588,0.3952810098803847,0.7529787273308752,0.7745966692414834,0.9649529416840049,1.2909944487358056,0.5103055894462598,0.9720913570003119,1.2457488910053358,0.04049624308109392,True,True,true,
6,752,1119050940,haar,identified_unknot,false,0_1,0_1,1,"{""2"": ""1"", ""3"": ""1"", ""4"": ""1""}",0,0,"1-c,2-a,2+a,1+c",----,2,0,0.8501380779813402,1.0539984942384668,1.0612414546285398,1.2432570213818126,1.4624177572823658,0.7515971283798066,1.0780218705520785,1.0954451150103321,0.19459919478609666,1.34629414831813,1.791244401399314,0.5314594261976974,0.7622765749347812,0.7745966692414833,0.9519737217475173,1.2909944487358058,0.6861111689495439,0.9840948266421461,1.2289927901184095,0.5107100100311277,True,True,true,
6,753,4193591112,haar,identified_unknot,false,0_1,0_1,1,"{""2"": ""1"", ""3"": ""1"", ""4"": ""1""}",0,0,"1+a,1-a",----,1,0,0.7871776810135439,1.063685934287306,1.0798984157555171,1.3246011484826306,1.682721932330599,0.5584165631979794,1.0722428565085045,1.0954451150103326,0.2242660399313347,1.3695780069248884,2.452609928117985,0.39486013856417745,0.7581901949159977,0.7745966692414836,0.9684378960605449,1.2909944487358054,0.509762246913404,0.9788193327224711,1.2502479477595463,0.28086817402093284,True,True,true,
6,754,2203511851,haar,identified_unknot,false,0_1,0_1,1,"{""2"": ""1"", ""3"": ""1"", ""4"": ""1""}",0,0,"1-a,1+a",----,1,0,0.510633950649854,0.9940312222896278,1.029289989536233,1.3804497811094236,2.7034038362561006,0.510633950649854,1.068791365897005,1.0954451150103321,0.2401770517431142,1.3804497811094236,2.7034038362561006,0.36107272920858857,0.7557496224994047,0.7745966692414833,0.9761254013099586,1.2909944487358058,0.4661428889981747,0.9756685672809123,1.260172474361167,0.23874859634849782,True,True,true,
6,755,1187901280,haar,identified_unknot,false,0_1,0_1,1,"{""2"": ""1"", ""3"": ""1"", ""4"": ""1""}",0,0,----,----,0,0,0.5455768117210865,1.0371790222189683,1.074852188209339,1.3877179838713412,2.543579481491563,0.5455768117210865,1.0589155267193995,1.0954451150103321,0.2805314728735027,1.3928113633169628,2.5529152511507496,0.38578106322611655,0.748766349647012,0.7745966692414833,0.9848663599151045,1.2909944487358058,0.49804121105231336,0.966653200794466,1.27145700339704,0.24408661421778044,True,True,true,
6,756,3626904773,haar,identified_unknot,false,0_1,0_1,1,"{""2"": ""1"", ""3"": ""1"", ""4"": ""1""}",0,0,"1+c,2+a,3+c,3-c,2-a,1-c",----,3,0,0.9054795597542272,1.0809467738642988,1.0929920048384498,1.3290573645297334,1.4677938891193494,0.5590434134106392,1.0686824280634868,1.0954451150103324,0.2406613137758762,1.3878775617291876,2.48259353108546,0.3953033886003375,0.7556725918185963,0.7745966692414834,0.9813776353553597,1.2909944487358056,0.5103344802494886,0.9755691210996061,1.266953079357241,0.31264160811393665,True,True,true,
6,757,405473027,haar,identified_unknot,false,0_1,0_1,1,"{""2"": ""1"", ""3"": ""1"", ""4"": ""1""}",0,0,"1-a,1+a",----,1,0,0.5643090285291086,1.0042322147678806,1.033553018774646,1.3369320581047803,2.3691488005952004,0.49629691566634726,1.0595082849500714,1.0954451150103324,0.27828437635296405,1.397538896256443,2.8159330677686234,0.3509349145496422,0.7491854930115244,0.7745966692414834,0.9882092305148937,1.2909944487358056,0.45305502655116237,0.967194312551276,1.2757726307842099,0.3203731168456947,True,True,true,
6,758,2029178073,haar,identified_unknot,false,0_1,0_1,1,"{""2"": ""1"", ""3"": ""1"", ""4"": ""1""}",0,0,"1-a,2-c,3-a,3+a,2+c,1+a",----,3,0,0.7514444640039802,1.0417219546334755,1.0622550392392642,1.273811046811534,1.695149951633401,0.7514444640039802,1.0763067704121314,1.0954451150103321,0.20387186163128918,1.3879879847939478,1.8470932334749304,0.5313514761823049,0.7610638159954106,0.7745966692414833,0.981455716253251,1.2909944487358058,0.6859718060789314,0.982529161583764,1.2670538813629713,0.4408196905389961,True,True,true,
6,759,248558361,haar,identified_unknot,false,0_1,0_1,1,"{""2"": ""1"", ""3"": ""1"", ""4"": ""1""}",0,0,"1-c,1+c",----,1,0,0.786989085879322,1.0701885012212917,1.0922834728468964,1.330954646054276,1.6911983532365866,0.3061715633657948,1.0472563903759673,1.0954451150103321,0.32133168660544376,1.4131629237517036,4.6155916905429395,0.21649598866244024,0.7405220952757926,0.7745966692414833,0.9992570863062376,1.2909944487358058,0.2794951195367803,0.9560099141672561,1.2900353512812688,0.029242247562906658,True,True,true,
6,760,2507720686,haar,identified_unknot,false,0_1,0_1,1,"{""2"": ""1"", ""3"": ""1"", ""4"": ""1""}",0,0,----,----,0,0,0.8312943942272657,1.1497086447765807,1.166821271087766,1.3407996919890455,1.6129059708569227,0.6986494443020281,1.070938499793717,1.095445115010332,0.23041425663266177,1.3858565307726354,1.9836221757209695,0.4940197597381772,0.7572678754378853,0.7745966692414831,0.9799485506609937,1.290994448735806,0.6377767673877834,0.9776286233962679,1.2651081389500416,0.2052074073688472,True,True,true,
6,761,1995881764,haar,identified_unknot,false,0_1,0_1,1,"{""2"": ""1"", ""3"": ""1"", ""4"": ""1""}",0,0,"1-c,1+c",----,1,0,0.3929900394230729,0.9198025591221765,0.9615009701225165,1.2665434290018365,3.222838499574135,0.3929900394230729,1.068238135357224,1.0954451150103321,0.24262581513211096,1.3788212810419695,3.508540020673657,0.27788592181482347,0.755358429433166,0.7745966692414833,0.9749738778690991,1.2909944487358058,0.3587491824447693,0.9751635392040142,1.2586858639914285,0.15748173988249145,True,True,true,
6,762,2973972609,haar,identified_unknot,false,0_1,0_1,1,"{""2"": ""1"", ""3"": ""1"", ""4"": ""1""}",0,0,"1-c,2-a,3-c,4-a,5+a,1+c,2+a,3+c,4+a,5-a",----,5,0,0.5308733362834194,1.11539398166648,1.152872592860831,1.394742833389703,2.627261039618472,0.5308733362834194,1.069267221458976,1.0954451150103321,0.23804959381061858,1.394742833389703,2.627261039618472,0.3753841360371323,0.7560861031941397,0.7745966692414833,0.9862321155011979,1.2909944487358058,0.4846188357674243,0.9761029619899223,1.2732201862770165,0.004179800222970661,True,True,true,
6,763,2198327163,haar,identified_unknot,false,0_1,0_1,1,"{""2"": ""1"", ""3"": ""1"", ""4"": ""1""}",0,0,"1-c,2-a,3-c,4+c,5+c,5-c,6+a,1+c,2+a,3+c,4-c,6-a",----,6,0,0.9634982257358782,1.2167484701131241,1.2239440471472272,1.3904193484744107,1.4430948717237841,0.5466156771548408,1.0685273460004987,1.095445115010332,0.2413489400207294,1.3904193484744107,2.5436872863061777,0.3865156520190645,0.755562932240217,0.7745966692414831,0.983174949999237,1.290994448735806,0.4989895611061128,0.9754275511926683,1.2692734025851187,0.030791287342051346,True,True,true,
6,764,3456376675,haar,identified_unknot,false,0_1,0_1,1,"{""2"": ""1"", ""3"": ""1"", ""4"": ""1""}",0,0,"1-a,2-c,2+c,1+a",----,2,0,0.5381683134967692,1.1161922265421558,1.1537861539897816,1.3842636256894079,2.5721760106891134,0.5381683134967692,1.055449977233166,1.0954451150103324,0.29330077660741005,1.3917350954492234,2.586059157601404,0.38054246389329327,0.7463158361047588,0.7745966692414834,0.9841053236074527,1.2909944487358056,0.4912782083944873,0.963489601414865,1.270474509748575,0.16852969687783775,True,True,true,
6,765,2791195110,haar,identified_unknot,false,0_1,0_1,1,"{""2"": ""1"", ""3"": ""1"", ""4"": ""1""}",0,0,----,----,0,0,0.486231418156739,0.9258015350455745,0.9867385488257295,1.3811024161839698,2.8404219978618594,0.486231418156739,1.0538390740543362,1.0954451150103321,0.2990371314674811,1.3811024161839698,2.8404219978618594,0.3438175330045819,0.7451767555431733,0.7745966692414833,0.9765868839968104,1.2909944487358058,0.4438665264869549,0.9620190547331952,1.2607682459480805,0.32511050466452274,True,True,true,
6,766,1993868770,haar,identified_unknot,false,0_1,0_1,1,"{""2"": ""1"", ""3"": ""1"", ""4"": ""1""}",0,0,"1-c,1+c",----,1,0,0.693344967573777,1.0815284258019715,1.1115656307203525,1.3557716271430318,1.9554070348087842,0.4295483904624658,1.0542114444737407,1.0954451150103321,0.2977217330672879,1.37697757943838,3.2056401793424976,0.30373657974377644,0.7454400611918475,0.7745966692414833,0.9736701839627164,1.2909944487358058,0.3921222383272158,0.9623589808639547,1.2570028023954376,0.16925540996188118,True,True,true,
6,767,601905175,haar,identified_unknot,false,0_1,0_1,1,"{""2"": ""1"", ""3"": ""1"", ""4"": ""1""}",0,0,"1+a,1-a,2-c,2+c",----,2,0,0.26445441559896316,0.9619589576414066,1.0439540456663527,1.381236373919816,5.222965821128196,0.26445441559896316,1.0563169479780898,1.095445115010332,0.29016289461999356,1.381236373919816,5.222965821128196,0.18699751058475234,0.7469288769975848,0.7745966692414831,0.9766816064202195,1.290994448735806,0.2414127480923304,0.9642810338043516,1.2608905320708728,0.176573553838739,True,True,true,
6,768,1080337664,haar,identified_unknot,false,0_1,0_1,1,"{""2"": ""1"", ""3"": ""1"", ""4"": ""1""}",0,0,"1-c,1+c",----,1,0,0.4017526546034509,0.9357307378309604,1.0024642433984723,1.3059281308803465,3.2505774782480534,0.4017526546034509,1.0522334216249198,1.0954451150103321,0.3046388458741157,1.4059463393309415,3.4995321704063858,0.2840820264297969,0.7440413878221044,0.7745966692414833,0.9941541905253115,1.2909944487358058,0.3667483191064863,0.9605533013080215,1.2834475411556157,0.3589248209140684,True,True,true,
6,769,2468145546,haar,identified_unknot,false,0_1,0_1,1,"{""2"": ""1"", ""3"": ""1"", ""4"": ""1""}",0,0,"1+c,1-c",----,1,0,1.0795081402246511,1.2387668970757064,1.2450379084816292,1.406472080037077,1.3028823291173912,0.4766065505551454,1.0672205766621579,1.0954451150103321,0.24706323228860014,1.406472080037077,2.951012902359054,0.33701172385547234,0.7546389067796295,0.7745966692414833,0.9945259453437656,1.2909944487358058,0.4350802646562992,0.9742346394525588,1.2839274745625309,0.006814491291650686,True,True,true,
6,770,841594128,haar,identified_unknot,false,0_1,0_1,1,"{""2"": ""1"", ""3"": ""1"", ""4"": ""1""}",0,0,"1+a,1-a",----,1,0,0.39538563844915375,1.0234454124192889,1.0748439924994306,1.381168289007054,3.4932181513332106,0.39538563844915375,1.0640079250944892,1.0954451150103321,0.26055159822215757,1.381168289007054,3.4932181513332106,0.27957986613116914,0.7523672190705414,0.7745966692414833,0.9766334631167091,1.2909944487358058,0.3609360551536391,0.9713019032308645,1.2608283793332968,0.3320206655055652,True,True,true,
6,771,3084170709,haar,identified_unknot,false,0_1,0_1,1,"{""2"": ""1"", ""3"": ""1"", ""4"": ""1""}",0,0,"1+a,1-a",----,1,0,0.8100238528850578,1.079513357949448,1.0872317284026072,1.198020620184418,1.4789942492649246,0.3023957863405732,1.0579516547228536,1.0954451150103324,0.28414485085810787,1.3648583926365458,4.5134835017157755,0.21382611112365765,0.7480847892220587,0.7745966692414834,0.9651006247926729,1.2909944487358056,0.2760483224554075,0.9657733100693728,1.2459395490787983,0.21767753932825504,True,True,true,
6,772,1801151142,haar,identified_unknot,false,0_1,0_1,1,"{""2"": ""1"", ""3"": ""1"", ""4"": ""1""}",0,0,"1-a,1+a",----,1,0,0.7742105615047049,1.0457371600785128,1.062125236429374,1.3870495469689503,1.7915662946694653,0.4653853351506863,1.0586395664992516,1.0954451150103324,0.2815710713874503,1.4028409652523948,3.0143643542144947,0.3290771263498244,0.7485712163040078,0.7745966692414834,0.9919583594562501,1.2909944487358056,0.4248367433235546,0.966401284731884,1.2806127354350958,0.3255868566748885,True,True,true,
6,773,3872193491,haar,identified_unknot,false,0_1,0_1,1,"{""2"": ""1"", ""3"": ""1"", ""4"": ""1""}",0,0,"1-c,1+c",----,1,0,0.6733552130142916,1.0396842653459597,1.079513884228533,1.410396943080773,2.0945808628511178,0.24946754008638727,1.0411216305713835,1.0954451150103324,0.34068423849128054,1.410396943080773,5.653629095762805,0.1764001892810113,0.7361841650170208,0.7745966692414834,0.9973012426171917,1.2909944487358056,0.22773166511773094,0.9504096702841781,1.287510367936115,0.07009513094563666,True,True,true,
6,774,521445870,haar,identified_unknot,false,0_1,0_1,1,"{""2"": ""1"", ""3"": ""1"", ""4"": ""1""}",0,0,"1-c,1+c",----,1,0,0.8136266736279694,1.0809974365905797,1.0930587333991315,1.3069387691948293,1.606312589737473,0.22500119142321628,1.060069515232022,1.0954451150103321,0.27613877466908926,1.4109967095783338,6.271063280390893,0.15909986823040867,0.7495823427496989,0.7745966692414833,0.9977253415747454,1.2909944487358058,0.2053970466800558,0.9677066433602415,1.2880578773360318,0.08130889216747829,True,True,true,
6,775,2014237293,haar,identified_unknot,false,0_1,0_1,1,"{""2"": ""1"", ""3"": ""1"", ""4"": ""1""}",0,0,"1-c,1+c",----,1,0,0.48450715299791414,0.9404177196488891,0.9874871308045203,1.3164788558299534,2.717150505795775,0.48450715299791414,1.0579781054469763,1.0954451150103324,0.2840463490256949,1.322121870074737,2.7287974220690794,0.34259829341821313,0.7481034927084531,0.7745966692414834,0.934881339884886,1.2909944487358056,0.44229249494927386,0.9657974561664802,1.2069266200180797,0.41467431311146824,True,True,true,
6,776,1068213701,haar,identified_unknot,false,0_1,0_1,1,"{""2"": ""1"", ""3"": ""1"", ""4"": ""1""}",0,0,"1-a,2-c,2+c,1+a",----,2,0,0.3464590084021103,0.9524147498568546,1.045763210352137,1.3378769854463586,3.8615736725009038,0.3464590084021103,1.0425257688055036,1.0954451150103324,0.33636293103802894,1.39750821891733,4.033689946071028,0.24498351424429923,0.7371770406840904,0.7745966692414834,0.9881875383603782,1.2909944487358056,0.31627235692117944,0.9516914672586496,1.2757446263331491,0.13096320865088418,True,True,true,
6,777,3127335212,haar,identified_unknot,false,0_1,0_1,1,"{""2"": ""1"", ""3"": ""1"", ""4"": ""1""}",0,0,"1-a,2-c,3-a,1+a,2+c,3+a",----,3,0,0.1955099940060045,0.942949730357296,1.0422888281084062,1.4038395566852937,7.18039793220074,0.1955099940060045,1.0366600442212035,1.0954451150103324,0.35402818067957914,1.4136139931814153,7.2303924940941915,0.13824644255138702,0.7330293470539592,0.7745966692414834,0.9995760405587727,1.2909944487358056,0.17847538989131412,0.9463368178070936,1.290447119450692,0.18553515862134345,True,True,true,
6,778,972419077,haar,identified_unknot,false,0_1,0_1,1,"{""2"": ""1"", ""3"": ""1"", ""4"": ""1""}",0,0,"1+c,1-c",----,1,0,0.7195649873109772,1.0545244861758867,1.0761662053729277,1.3652311383743096,1.8973006781169197,0.5768315760579604,1.0655100553803034,1.0954451150103321,0.25433899009680516,1.4120458786624488,2.4479344357538526,0.40788151903310754,0.7534293855818663,0.7745966692414833,0.9984672161487343,1.2909944487358058,0.5265727768136698,0.9726731543006185,1.28901563329271,0.2466650962408504,True,True,true,
6,779,1151209282,haar,identified_unknot,false,0_1,0_1,1,"{""2"": ""1"", ""3"": ""1"", ""4"": ""1""}",0,0,"1+a,1-a",----,1,0,0.6392102048777591,1.0386287595893777,1.0617264814145433,1.3049427782178153,2.0414924046266893,0.6392102048777591,1.0695305311496484,1.0954451150103324,0.23686376451190505,1.3678017310752357,2.139830873533708,0.45198987047270583,0.7562722912619663,0.7745966692414834,0.9671818793619975,1.2909944487358056,0.583516413665079,0.9763433297519069,1.2486264371742024,0.4183342554669192,True,True,true,
6,780,1671260836,haar,identified_unknot,false,0_1,0_1,1,"{""2"": ""1"", ""3"": ""1"", ""4"": ""1""}",0,0,"1+a,2+c,2-c,1-a",----,2,0,0.5883115514986554,0.9473201297116507,0.9763097583587727,1.3360453638228744,2.270982713868959,0.5883115514986554,1.0714387546215167,1.0954451150103321,0.22807673071818155,1.390570749083253,2.3636638538558956,0.415999087515078,0.7576216090189437,0.7745966692414833,0.9832820063964253,1.2909944487358058,0.5370525126611264,0.9780852914857454,1.2694116117995902,0.2226072514321276,True,True,true,
6,781,782295244,haar,identified_unknot,false,0_1,0_1,1,"{""2"": ""1"", ""3"": ""1"", ""4"": ""1""}",0,0,----,----,0,0,0.7251615457640262,1.0453580875822241,1.0837658502179244,1.4124840483560024,1.94781984318793,0.453364444589348,1.0570464609198955,1.0954451150103321,0.28749396420920525,1.4124840483560024,3.1155598221545877,0.3205770731180007,0.747444720545699,0.7745966692414833,0.9987770489103566,1.2909944487358058,0.41386322178731144,0.964946984961383,1.2894156256680007,0.08989691931565341,True,True,true,
6,782,2916418436,haar,identified_unknot,false,0_1,0_1,1,"{""2"": ""1"", ""3"": ""1"", ""4"": ""1""}",0,0,"1+a,1-a",----,1,0,0.32378604506444353,0.9963271800968787,1.0782847613152426,1.4092650769629838,4.352457736967929,0.32378604506444353,1.0528952529858755,1.0954451150103324,0.3023434904869119,1.4092650769629838,4.352457736967929,0.22895130811864106,0.744509373265438,0.7745966692414834,0.9965008924099076,1.2909944487358056,0.29557486781196657,0.9611574679174542,1.2864771202614669,0.12815158999904977,True,True,true,
6,783,2900104461,haar,identified_unknot,false,0_1,0_1,1,"{""2"": ""1"", ""3"": ""1"", ""4"": ""1""}",0,0,"1+a,1-a",----,1,0,0.3405034131271555,0.940444444103188,0.9984891113900078,1.3143600563434394,3.860049578570929,0.3405034131271555,1.0554671525686525,1.0954451150103321,0.29323896372859637,1.3801497474307964,4.053262593627518,0.2407722724393761,0.7463279809009505,0.7745966692414833,0.9759132454612169,1.2909944487358058,0.3108356671287396,0.9635052802793295,1.259898582338175,0.19929225246219778,True,True,true,
6,784,1887945383,haar,identified_unknot,false,0_1,0_1,1,"{""2"": ""1"", ""3"": ""1"", ""4"": ""1""}",0,0,"1-c,2-a,3-c,3+c,2+a,1+c",----,3,0,0.5640337333118528,1.0986429389059167,1.1466704039593647,1.3532241108961014,2.3991900323945825,0.48587854470789527,1.0526462912521168,1.0954451150103321,0.3032091448376249,1.3729501562753923,2.825706488235233,0.3435680137960038,0.7443333307352413,0.7745966692414833,0.97082236573346,1.2909944487358058,0.44354439857382766,0.960930197988229,1.253326284870459,0.12447411704475336,True,True,true,
6,785,1280377133,haar,identified_unknot,false,0_1,0_1,1,"{""2"": ""1"", ""3"": ""1"", ""4"": ""1""}",0,0,"1-c,2-a,2+a,1+c",----,2,0,0.7158803138935499,1.0161904155230126,1.0478170862974112,1.407716769857875,1.9664135785513441,0.31746209862438884,1.0527206646255087,1.0954451150103324,0.30295082483866476,1.4138248879183184,4.453523409706654,0.2244796027070179,0.7443859206519065,0.7745966692414834,0.9997251656573534,1.2909944487358056,0.28980192094917917,0.9609980912787032,1.2906396391251267,0.27112126328173425,True,True,true,
6,786,273615224,haar,identified_unknot,false,0_1,0_1,1,"{""2"": ""1"", ""3"": ""1"", ""4"": ""1""}",0,0,----,----,0,0,0.4770376710393862,0.9020049663678109,0.9440339798613019,1.2977279655813987,2.7203888589214853,0.4770376710393862,1.0678167540248502,1.0954451150103324,0.24447367920459898,1.3510088480708042,2.8320800014120047,0.3373165720733875,0.7550604678355791,0.7745966692414834,0.9553075179138917,1.2909944487358056,0.4354738220133345,0.9747788724355927,1.2332967024624153,0.3791499109938555,True,True,true,
6,787,2140137652,haar,identified_unknot,false,0_1,0_1,1,"{""2"": ""1"", ""3"": ""1"", ""4"": ""1""}",0,0,"1-a,2-c,2+c,1+a",----,2,0,0.5739420853638573,1.0411654156089922,1.0754419741920036,1.4077272007361186,2.4527338848895766,0.33465700135779675,1.041460280152486,1.0954451150103326,0.33964758922257426,1.4077272007361186,4.206477662276829,0.2366382350316537,0.7364236264322643,0.7745966692414836,0.9954134497012656,1.2909944487358054,0.3054986477845037,0.9507188136419433,1.2850732377612917,0.20126893951736907,True,True,true,
6,788,91308560,haar,identified_unknot,false,0_1,0_1,1,"{""2"": ""1"", ""3"": ""1"", ""4"": ""1""}",0,0,"1+a,1-a",----,1,0,0.953591405213324,1.0528748296417934,1.057584719204336,1.2364822024216564,1.2966582916558986,0.280361115070573,1.059087230477878,1.0954451150103324,0.2798825436476852,1.4138547251040052,5.042977250065892,0.1982452456474241,0.7488877625389875,0.7745966692414834,0.999746263733684,1.2909944487358056,0.25593351161909067,0.966809944164011,1.2906668766245488,0.20746805141169142,True,True,true,
6,789,2023247810,haar,identified_unknot,false,0_1,0_1,1,"{""2"": ""1"", ""3"": ""1"", ""4"": ""1""}",0,0,----,----,0,0,0.6975017689634375,1.0211176517326532,1.0506882826507093,1.327996061282535,1.9039321767686406,0.5895560129920481,1.066446028757697,1.0954451150103321,0.2503854383684039,1.3721310403229283,2.3273972448508222,0.41687905467598146,0.7540912187040313,0.7745966692414833,0.9702431632888946,1.2909944487358058,0.5381885453809225,0.9735275771873227,1.2525785377298309,0.37135913917688895,True,True,true,
6,790,1074552145,haar,identified_unknot,false,0_1,0_1,1,"{""2"": ""1"", ""3"": ""1"", ""4"": ""1""}",0,0,"1-c,2-a,2+a,1+c",----,2,0,0.389814299502949,0.9551730819775917,1.0225236552267152,1.3639655590156317,3.499013660491213,0.389814299502949,1.0448522198118573,1.0954451150103321,0.32906509804935885,1.3687301985178173,3.5112365048257104,0.27564033458201903,0.7388220899667813,0.7745966692414833,0.9678384049867579,1.2909944487358058,0.35585014179306673,0.9538152167505007,1.2494740081112212,0.29029687175175894,True,True,true,
6,791,478590433,haar,identified_unknot,false,0_1,0_1,1,"{""2"": ""1"", ""3"": ""1"", ""4"": ""1""}",0,0,"1-a,2+a,2-a,1+a",----,2,0,0.5483554483084402,1.1117123548752996,1.1477657016084142,1.389576992728955,2.5340807627889976,0.5483554483084402,1.0634720331833638,1.095445115010332,0.26273034586214444,1.389576992728955,2.5340807627889976,0.38774585599948735,0.7519882862662016,0.7745966692414831,0.9825793145394538,1.290994448735806,0.5005777476156514,0.9708127030840183,1.2685044405130683,0.21597834805494173,True,True,true,
6,792,2451393514,haar,identified_unknot,false,0_1,0_1,1,"{""2"": ""1"", ""3"": ""1"", ""4"": ""1""}",0,0,"1-c,2+c,3+a,1+c,4-a,4+a,2-c,3-a",----,4,0,0.5151580462270482,1.0934507447944755,1.1402067844649508,1.3448766273883468,2.6106097676976057,0.5151580462270482,1.060761735696229,1.0954451150103321,0.2734676216350377,1.3448766273883468,2.6106097676976057,0.3642717478699587,0.7500718165340157,0.7745966692414833,0.9509713830855937,1.2909944487358058,0.4702728043314057,0.9683385512985959,1.2276987764701128,0.1772889519471003,True,True,true,
6,793,1038821260,haar,identified_unknot,false,0_1,0_1,1,"{""2"": ""1"", ""3"": ""1"", ""4"": ""1""}",0,0,"1-c,2+c,2-c,1+c",----,2,0,0.6769480849596897,1.0973956928188795,1.1237120158957798,1.3938660935567393,2.0590442967864218,0.5933032120210323,1.059667891183937,1.0954451150103321,0.27767599895163436,1.3938660935567393,2.34933178401085,0.41952872451983186,0.7492983516618104,0.7745966692414833,0.985612166819973,1.2909944487358058,0.541609254440316,0.9673400124422865,1.2724198359710541,0.03160652535356254,True,True,true,
6,794,2681972950,haar,identified_unknot,false,0_1,0_1,1,"{""2"": ""1"", ""3"": ""1"", ""4"": ""1""}",0,0,"1-c,1+c",----,1,0,0.7642913882515188,1.13638691502484,1.1550909187477427,1.3333434584007273,1.744548583035899,0.682385042091027,1.0738756786114831,1.0954451150103321,0.21631233641825956,1.3442247702142378,1.969891904569216,0.4825190906428328,0.7593447744974852,0.7745966692414833,0.9505104504574161,1.2909944487358058,0.6229294674289463,0.9803098885527958,1.2271037150058943,0.06811906820113459,True,True,true,
6,795,750035088,haar,identified_unknot,false,0_1,0_1,1,"{""2"": ""1"", ""3"": ""1"", ""4"": ""1""}",0,0,----,----,0,0,0.7741469015695815,0.9695196585462069,0.9889875858756021,1.293584886427862,1.6709811584921686,0.5196637260040358,1.0638965742912334,1.0954451150103321,0.26100589880571323,1.373179754062857,2.6424391108110417,0.36745774459412167,0.7522884821624687,0.7745966692414833,0.9709847158859217,1.2909944487358058,0.47438590841599065,0.9712002543196322,1.2535358780160384,0.3576570858026781,True,True,true,
6,796,1928981917,haar,identified_unknot,false,0_1,0_1,1,"{""2"": ""1"", ""3"": ""1"", ""4"": ""1""}",0,0,"1-a,1+a",----,1,0,0.4909064874805348,1.0675302467598378,1.1144548424140537,1.4142062214252138,2.8808057287718962,0.4909064874805348,1.058603483496165,1.095445115010332,0.2817066998311971,1.4142062214252138,2.8808057287718962,0.3471233062259551,0.7485457017678397,0.7745966692414831,0.9999948091659727,1.290994448735806,0.44813426136452733,0.9663683456073291,1.2909877473978926,0.1480610956753622,True,True,true,
6,797,2466426458,haar,identified_unknot,false,0_1,0_1,1,"{""2"": ""1"", ""3"": ""1"", ""4"": ""1""}",0,0,"1+c,2+a,3+c,3-c,2-a,1-c",----,3,0,0.9036493338395735,1.2023920257767118,1.2129579440079683,1.392769175089308,1.541271733329877,0.5741710070815353,1.0658373141236117,1.0954451150103321,0.2529640682424396,1.392769175089308,2.425704464195503,0.4060002126680628,0.7536607924584622,0.7745966692414833,0.9848365283332436,1.2909944487358058,0.5241440207400256,0.972971899293703,1.2714184909904607,0.11637139748353773,True,True,true,
6,798,4274743201,haar,identified_unknot,false,0_1,0_1,1,"{""2"": ""1"", ""3"": ""1"", ""4"": ""1""}",0,0,"1+c,1-c,2+c,2-c",----,2,0,0.8528281905696878,1.124646734219599,1.1381868118336116,1.4137538042537812,1.657724052612984,0.7332195367041416,1.0752793045993392,1.0954451150103321,0.2092233665257334,1.4137538042537812,1.9281453009403908,0.5184645065019572,0.7603372879517478,0.7745966692414833,0.9996749019161275,1.2909944487358058,0.6693347997605759,0.9815912179125443,1.2905747489142319,0.0381447214061752,True,True,true,
6,799,3608475167,haar,identified_unknot,false,0_1,0_1,1,"{""2"": ""1"", ""3"": ""1"", ""4"": ""1""}",0,0,----,----,0,0,0.333587503850153,1.0237057783127133,1.0784726237526534,1.410617209902936,4.228627252586125,0.13456446709773587,1.0387337302160793,1.0954451150103324,0.34789687798453967,1.410617209902936,10.482835776240892,0.09515144719156308,0.7344956644829874,0.7745966692414834,0.9974569947808134,1.2909944487358056,0.12283999011348609,0.9482298254680533,1.2877114431147294,0.07435813378001702,True,True,true,
6,800,1341786133,haar,identified_unknot,false,0_1,0_1,1,"{""2"": ""1"", ""3"": ""1"", ""4"": ""1""}",0,0,"1-a,2-c,3-c,4-a,2+c,1+a,4+a,3+c",----,4,0,0.6983292274512047,1.1702077532630302,1.1942892398606346,1.3889730909411298,1.9889946408382044,0.4715804625475121,1.0503570390390338,1.0954451150103321,0.3110467658426194,1.3889730909411298,2.945357582113974,0.3334577429424345,0.742714584971524,0.7745966692414833,0.982152291490112,1.2909944487358058,0.43049209502665425,0.9588404061933555,1.2679531561268855,0.01202094381581409,True,True,true,
6,801,842048193,haar,identified_unknot,false,0_1,0_1,1,"{""2"": ""1"", ""3"": ""1"", ""4"": ""1""}",0,0,"1-a,2-a,3-c,4-a,5-c,6-a,2+a,3+c,4+a,5+c,6+a,1+a",----,6,0,0.5315211288210397,1.053906244930132,1.1138043348639217,1.357638304238822,2.5542508672236273,0.16099103079935506,1.037610991636883,1.0954451150103321,0.35123130560120075,1.407953812765098,8.745541945873038,0.11383784958843629,0.7337017684201379,0.7745966692414833,0.9955736886036554,1.2909944487358058,0.14696403187469287,0.9472049100580422,1.285280105294749,0.019073595136720398,True,True,true,
6,802,1923286910,haar,identified_unknot,false,0_1,0_1,1,"{""2"": ""1"", ""3"": ""1"", ""4"": ""1""}",0,0,----,----,0,0,0.3497798824959583,0.9319220879775071,0.9922689202858531,1.3011967699186076,3.7200446195862704,0.3497798824959583,1.0527269674043014,1.0954451150103324,0.3029289225210155,1.3961372384053672,3.9914738047334652,0.24733172683552587,0.7443903773895311,0.7745966692414834,0.9872181087434947,1.2909944487358056,0.31930388634090456,0.9610038449022358,1.2744930980793123,0.31896378617370547,True,True,true,
6,803,2102189978,haar,identified_unknot,false,0_1,0_1,1,"{""2"": ""1"", ""3"": ""1"", ""4"": ""1""}",0,0,"1+c,2+a,3-a,4-c,5+c,1-c,4+c,3+a,2-a,5-c",----,5,0,1.127394106242441,1.232871586397265,1.236781088331943,1.3401329518828882,1.1886996255014115,0.5481643216296034,1.0692925489305642,1.0954451150103321,0.2379357997476984,1.3401329518828882,2.4447650075052145,0.38761070902881617,0.7561040124210501,0.7745966692414833,0.9476170979679354,1.2909944487358058,0.5004032736267514,0.9761260827024444,1.2233684130037388,0.05440502461045379,True,True,true,
6,804,2849891172,haar,identified_unknot,false,0_1,0_1,1,"{""2"": ""1"", ""3"": ""1"", ""4"": ""1""}",0,0,"1+a,2+c,2-c,1-a",----,2,0,0.5542988423460649,0.9732798508704862,1.0274082770492337,1.3691063752463215,2.4699787743585953,0.5542988423460649,1.0637105323990352,1.0954451150103324,0.2617630670346012,1.392122957241009,2.511502552213281,0.39194847022675544,0.7521569306789105,0.7745966692414834,0.9843795833105875,1.2909944487358056,0.5060032992532325,0.9710304220846356,1.2708285775028338,0.30350632863710253,True,True,true,
6,805,3931398254,haar,identified_unknot,false,0_1,0_1,1,"{""2"": ""1"", ""3"": ""1"", ""4"": ""1""}",0,0,"1+c,1-c,2-a,3-c,3+c,2+a",----,3,0,1.0240138349643957,1.1655017033171948,1.1753097259947876,1.3807864179301503,1.3484060183407185,0.24368485325562336,1.0522897094052759,1.095445115010332,0.30444435859407754,1.3807864179301503,5.666279210557732,0.1723112122095,0.744081189293292,0.7745966692414831,0.9763634394886915,1.290994448735806,0.22245281841740194,0.9606046847863765,1.2604797803284988,0.0293129613159032,True,True,true,
6,806,2727965684,haar,identified_unknot,false,0_1,0_1,1,"{""2"": ""1"", ""3"": ""1"", ""4"": ""1""}",0,0,"1-c,2-a,2+a,1+c",----,2,0,0.7736608764154176,1.12487861839319,1.1398594115103295,1.3340760824498277,1.7243680314183225,0.4941074119841556,1.063253815358462,1.0954451150103324,0.263612071282165,1.376979928481125,2.7868028187467875,0.3493867016485316,0.7518339829624378,0.7745966692414834,0.9736718449867707,1.2909944487358056,0.45105629229036737,0.9706134983754375,1.2570049467682707,0.1686568113970302,True,True,true,
6,807,398750654,haar,identified_unknot,false,0_1,0_1,1,"{""2"": ""1"", ""3"": ""1"", ""4"": ""1""}",0,0,"1+c,2+a,2-a,1-c",----,2,0,0.5462300766822323,1.005380378976264,1.046235715637648,1.3658086944047068,2.500427480486875,0.4212699026982132,1.0475501508735587,1.0954451150103321,0.3203727226291036,1.406192947386123,3.3379857862608406,0.2978828049077036,0.7407298153156843,0.7745966692414833,0.9943285687534256,1.2909944487358058,0.3845650475096964,0.9562780795856471,1.2836726624800914,0.28490287097910605,True,True,true,
6,808,154508795,haar,identified_unknot,false,0_1,0_1,1,"{""2"": ""1"", ""3"": ""1"", ""4"": ""1""}",0,0,"1+a,2+c,2-c,1-a",----,2,0,0.6771587116257188,1.079204952201162,1.10014470150929,1.2914947822715732,1.9072261201084748,0.28648226909632246,1.0598992823623485,1.0954451150103324,0.27679145804699046,1.3875904897959852,4.84354754021249,0.2025735551677189,0.7494619699331719,0.7745966692414834,0.981174644844704,1.2909944487358056,0.26152133518220155,0.9675512427223261,1.2666910197348384,0.01606256372084348,True,True,true,
6,809,4142173392,haar,identified_unknot,false,0_1,0_1,1,"{""2"": ""1"", ""3"": ""1"", ""4"": ""1""}",0,0,"1-a,2-c,2+c,1+a",----,2,0,1.0088937914930758,1.180746082969965,1.187967288588694,1.3709102876406716,1.3588251798158482,0.45164436750719206,1.0680795990008296,1.0954451150103324,0.2433227695844077,1.3709102876406716,3.0353755881143387,0.3193607949490447,0.755246327300495,0.7745966692414834,0.9693799607891193,1.2909944487358056,0.41229301342307056,0.9750188159730444,1.2514641480944857,0.2439849041378844,True,True,true,
6,810,3193389496,haar,identified_unknot,false,0_1,0_1,1,"{""2"": ""1"", ""3"": ""1"", ""4"": ""1""}",0,0,"1-a,2+a,2-a,1+a",----,2,0,1.0275576543131024,1.158513746703796,1.166470126953274,1.3703117807091765,1.333561941714304,0.45205500592460673,1.0599129437864214,1.0954451150103321,0.2767391399748186,1.3703117807091765,3.0312943397373098,0.31965116015861433,0.7494716300187745,0.7745966692414833,0.9689567524792719,1.2909944487358058,0.41266787329673105,0.9675637138392136,1.2509177885158143,0.07134999243400958,True,True,true,
6,811,665916576,haar,identified_unknot,false,0_1,0_1,1,"{""2"": ""1"", ""3"": ""1"", ""4"": ""1""}",0,0,"1-a,2-c,3+c,1+a,2+c,3-c",----,3,0,0.7345164019993904,1.148379828496546,1.1686411234838276,1.404464031881784,1.9120934917978178,0.5878021388078134,1.0705768968646936,1.0954451150103324,0.23208857770162622,1.404464031881784,2.3893482843229066,0.4156388783469611,0.7570121835546759,0.7745966692414834,0.9931060408762089,1.2909944487358056,0.5365874846247036,0.9772985265944573,1.2820943857771796,0.11082025640719184,True,True,true,
6,812,2320648540,haar,identified_unknot,false,0_1,0_1,1,"{""2"": ""1"", ""3"": ""1"", ""4"": ""1""}",0,0,----,----,0,0,0.7352384692852559,1.091562800306414,1.1111714374729602,1.3942278989300738,1.8962934573940864,0.5308919239411412,1.0661893700813267,1.095445115010332,0.25147609652923963,1.3942278989300738,2.6261991114497514,0.3753972794959537,0.7539097336135197,0.7745966692414831,0.9858680018529276,1.290994448735806,0.48463580389980004,0.973293280942944,1.2727501175783908,0.14461301828040102,True,True,true,
6,813,577905812,haar,identified_unknot,false,0_1,0_1,1,"{""2"": ""1"", ""3"": ""1"", ""4"": ""1""}",0,0,"1-a,1+a",----,1,0,0.9236281774230125,1.112688320628797,1.1236665842779172,1.362355102577373,1.475003833662199,0.3750900987355002,1.060332686497984,1.0954451150103321,0.2751265053461183,1.3713377941367628,3.656022376383174,0.2652287523718038,0.7497684329364741,0.7745966692414833,0.9696822535315066,1.2909944487358058,0.3424088469571224,0.9679468847583322,1.2518544063468013,0.025033230022928146,True,True,true,
6,814,2555826555,haar,identified_unknot,false,0_1,0_1,1,"{""2"": ""1"", ""3"": ""1"", ""4"": ""1""}",0,0,"1+a,1-a",----,1,0,0.616810836810969,1.01462339914438,1.0563439747595833,1.381141150781252,2.2391648595572966,0.616810836810969,1.0612173635162594,1.095445115010332,0.27169414305722284,1.4112512262113892,2.287980596300529,0.43615112541838513,0.7503939940552564,0.7745966692414831,0.9979053120119036,1.290994448735806,0.5630686817250096,0.9687544806900256,1.28829021817134,0.33846479414218883,True,True,true,
6,815,4121187100,haar,identified_unknot,false,0_1,0_1,1,"{""2"": ""1"", ""3"": ""1"", ""4"": ""1""}",0,0,"1-a,2-c,2+c,1+a",----,2,0,0.5969097326690839,1.0436728427960635,1.071630931811767,1.253983272496859,2.1007921363414006,0.5228055115987632,1.0586854585088872,1.0954451150103321,0.28139847181857125,1.4009594149704179,2.679695190447055,0.3696793224931877,0.7486036668552234,0.7745966692414833,0.9906279024927208,1.2909944487358058,0.47725395315111896,0.966443178213362,1.2788951228808978,0.3052613937920705,True,True,true,
6,816,1485718466,haar,identified_unknot,false,0_1,0_1,1,"{""2"": ""1"", ""3"": ""1"", ""4"": ""1""}",0,0,----,----,0,0,0.7304526542247842,1.0217557612415369,1.0407647155527695,1.294172839859623,1.7717408956958403,0.4223127020835522,1.06147965888984,1.0954451150103321,0.2706675705789456,1.3994973811394895,3.3138889127294275,0.298620175424494,0.7505794648925892,0.7745966692414833,0.9895940884565473,1.2909944487358058,0.3855169887535342,0.9689939225114244,1.2775604746991724,0.30851599144228914,True,True,true,
6,817,2177836648,haar,identified_unknot,false,0_1,0_1,1,"{""2"": ""1"", ""3"": ""1"", ""4"": ""1""}",0,0,"1-c,1+c,2+a,2-a",----,2,0,0.895471795310351,1.1672421956689656,1.18203037184836,1.3873064337931058,1.5492463761098088,0.49748316899583644,1.0623247805412581,1.0954451150103324,0.26733136861948653,1.3873064337931058,2.78864998909082,0.35177372232312915,0.7511770561432345,0.7745966692414834,0.9809737869188312,1.2909944487358056,0.4541379227302904,0.9697654094986203,1.266431713267552,0.23231219047640053,True,True,true,
6,818,53479221,haar,identified_unknot,false,0_1,0_1,1,"{""2"": ""1"", ""3"": ""1"", ""4"": ""1""}",0,0,"1-a,2-c,3+a,4+c,2+c,1+a,4-c,3-a",----,4,0,0.8843389078814545,1.15193046486437,1.1667588275602239,1.3891005726905017,1.570778533332054,0.39782186190827884,1.0628340869904487,1.0954451150103321,0.2652992716371071,1.3891005726905017,3.491765299240318,0.2813025362596022,0.7515371901871591,0.7745966692414833,0.9822424346995704,1.2909944487358058,0.3631600127264492,0.9702303405501279,1.2680695305098877,0.03970894187419371,True,True,true,
6,819,2848705812,haar,identified_unknot,false,0_1,0_1,1,"{""2"": ""1"", ""3"": ""1"", ""4"": ""1""}",0,0,"1+a,2+c,2-c,1-a",----,2,0,0.39749195545695964,1.0423275650906685,1.0958645808153828,1.3965966059054915,3.5135216869985553,0.39749195545695964,1.0663878301948901,1.0954451150103321,0.25063318936691975,1.4049511442030926,3.5345398187692894,0.28106925717071723,0.7540500661056153,0.7745966692414833,0.9934504813018057,1.2909944487358058,0.3628588507176925,0.9734744494112167,1.2825390564545456,0.3499141034824728,True,True,true,
6,820,4097519047,haar,identified_unknot,false,0_1,0_1,1,"{""2"": ""1"", ""3"": ""1"", ""4"": ""1""}",0,0,"1-c,1+c",----,1,0,0.503489741749303,1.0607020391829465,1.1128174279857104,1.4140310130718412,2.808460422965109,0.503489741749303,1.0595396755230342,1.0954451150103321,0.2781648360101316,1.4140310130718412,2.808460422965109,0.3560210106487957,0.7492076894985317,0.7745966692414833,0.9998709181511825,1.2909944487358058,0.4596211483809065,0.9672229680927837,1.29082780478555,0.35858203388943233,True,True,true,
6,821,2832867290,haar,identified_unknot,false,0_1,0_1,1,"{""2"": ""1"", ""3"": ""1"", ""4"": ""1""}",0,0,"1-a,1+a",----,1,0,0.723136912438063,1.028004869811349,1.0500303374192266,1.3349804791645428,1.8460964392809702,0.3930098474369756,1.0645445096086805,1.0954451150103321,0.25835051202197046,1.399184814923412,3.5601774969462823,0.2778999281957759,0.7527466416192058,0.7745966692414833,0.9893730707655891,1.2909944487358058,0.3587672646048257,0.9717917356349154,1.277275142087073,0.047108872911974804,True,True,true,
6,822,20834238,haar,identified_unknot,false,0_1,0_1,1,"{""2"": ""1"", ""3"": ""1"", ""4"": ""1""}",0,0,"1-a,2+a,3+c,1+a,2-a,3-c",----,3,0,0.7492078605413175,1.1564256508442523,1.1908994119810314,1.392673770299497,1.8588616639623383,0.6261414413358094,1.064181496989706,1.095445115010332,0.2598417623569162,1.392673770299497,2.2242159332695954,0.44274885915046963,0.7524899529346727,0.7745966692414831,0.9847690669594105,1.290994448735806,0.5715863193473676,0.97146035196813,1.2713313987313382,0.15732665724261796,True,True,true,
6,823,3392803504,haar,identified_unknot,false,0_1,0_1,1,"{""2"": ""1"", ""3"": ""1"", ""4"": ""1""}",0,0,"1-c,2-a,2+a,1+c",----,2,0,0.7752795384676283,1.1477512363957982,1.1733387642823239,1.4097726395526202,1.8184055809586996,0.3784274930413917,1.0643876112211577,1.0954451150103324,0.2589961642166117,1.4097726395526202,3.7253441292607716,0.2675886465169931,0.752635697705431,0.7745966692414834,0.9968597933589161,1.2909944487358056,0.34545545719816584,0.9716485076581112,1.2869404593942828,0.24471337370709675,True,True,true,
6,824,201114701,haar,identified_unknot,false,0_1,0_1,1,"{""2"": ""1"", ""3"": ""1"", ""4"": ""1""}",0,0,"1-c,2-a,2+a,1+c",----,2,0,0.8544583142572041,1.069657884925612,1.0804206985745526,1.2700486173048244,1.4863786753703725,0.12191367850590246,1.0482180996471062,1.0954451150103321,0.318180476415838,1.407270231005091,11.543169300210707,0.08620598879092027,0.7412021264229449,0.7745966692414833,0.995090323305659,1.2909944487358058,0.11129145297685916,0.9568878306031966,1.284656083378324,0.10072969905074673,True,True,true,
6,825,62947354,haar,identified_unknot,false,0_1,0_1,1,"{""2"": ""1"", ""3"": ""1"", ""4"": ""1""}",0,0,"1+c,1-c",----,1,0,0.9627961215131309,1.122984938240437,1.1325730386537924,1.3949109180397725,1.4488123569167788,0.39201199568614364,1.0665504357042315,1.0954451150103321,0.24994032907698896,1.3949109180397725,3.558337329954003,0.2771943404561438,0.7541650455639288,0.7745966692414833,0.9863509692970754,1.2909944487358058,0.3578563547498646,0.9736228872536183,1.2733736258677057,0.13819544082976792,True,True,true,
6,826,3993624260,haar,identified_unknot,false,0_1,0_1,1,"{""2"": ""1"", ""3"": ""1"", ""4"": ""1""}",0,0,"1+a,1-a",----,1,0,0.44545435915500375,0.9218837890056641,0.9933588861785719,1.4127727665095786,3.171532026736726,0.44545435915500375,1.051640078403148,1.0954451150103324,0.3066808528360074,1.4127727665095786,3.171532026736726,0.31498379806761095,0.7436218308064185,0.7745966692414834,0.998981203474602,1.2909944487358056,0.40664233474700573,0.9600116555298425,1.2896791880771252,0.39729335199820137,True,True,true,
6,827,2115083342,haar,identified_unknot,false,0_1,0_1,1,"{""2"": ""1"", ""3"": ""1"", ""4"": ""1""}",0,0,"1-c,2+c,2-c,1+c",----,2,0,0.8189061010160917,1.1175857065864168,1.133976533328095,1.379841142727384,1.684980904422728,0.5620294128430187,1.0666752630468153,1.0954451150103321,0.24940706326005987,1.379841142727384,2.455104859632657,0.39741480904759213,0.7542533118243474,0.7745966692414833,0.975695028982728,1.2909944487358058,0.5130603123258418,0.9737368385058291,1.259616866075823,0.13414771991990038,True,True,true,
6,828,601559050,haar,identified_unknot,false,0_1,0_1,1,"{""2"": ""1"", ""3"": ""1"", ""4"": ""1""}",0,0,"1-c,2-a,3-a,4-c,2+a,5+c,6+a,1+c,4+c,3+a,5-c,6-a",----,6,0,0.6620248977364124,1.1184346002054106,1.144638787477041,1.37738151907609,2.080558486222522,0.6620248977364124,1.0758658253529272,1.0954451150103321,0.20618614366068494,1.383456334881238,2.0897346000302033,0.4681222945037478,0.7607520207539166,0.7745966692414833,0.9782513558700106,1.2909944487358058,0.6043432835338064,0.982126635657853,1.262917069896459,0.025376566515809575,True,True,true,
6,829,1970166514,haar,identified_unknot,false,0_1,0_1,1,"{""2"": ""1"", ""3"": ""1"", ""4"": ""1""}",0,0,"1+a,1-a",----,1,0,0.3136994544465396,0.9593355825726225,1.0244333976569948,1.3787184445440506,4.39502978089817,0.3136994544465396,1.0534818244859383,1.0954451150103321,0.30029326578826004,1.3787184445440506,4.39502978089817,0.22181901149366862,0.7449241419507832,0.7745966692414833,0.974901161484067,1.2909944487358058,0.2863671124623901,0.9616929319877446,1.25859198754202,0.2683026160094094,True,True,true,
6,830,2300801476,haar,identified_unknot,false,0_1,0_1,1,"{""2"": ""1"", ""3"": ""1"", ""4"": ""1""}",0,0,"1+a,2+c,3+a,1-a,2-c,3-a",----,3,0,0.9136508585325824,1.2026827840054792,1.2130246867349017,1.393140499379887,1.5248062061884498,0.5595798636301299,1.0672399618211865,1.0954451150103324,0.24697948071026585,1.393140499379887,2.489618712049872,0.39568271618830836,0.754652614157033,0.7745966692414834,0.9850990942571313,1.2909944487358056,0.5108241900598113,0.9742523356006935,1.2717574621406265,0.05068078961281028,True,True,true,
6,831,3318737711,haar,identified_unknot,false,0_1,0_1,1,"{""2"": ""1"", ""3"": ""1"", ""4"": ""1""}",0,0,----,----,0,0,0.8198865049443433,1.066710442972089,1.0812119366929511,1.2942941958514615,1.5786260513451464,0.48222391422114125,1.0691204283502906,1.0954451150103324,0.23870800087992672,1.4030167346932068,2.909471499270778,0.34098379979608895,0.7559823047915569,0.7745966692414834,0.9920826472197737,1.2909944487358056,0.44020819264559213,0.9759689588283996,1.2807731902478503,0.07628522242099134,True,True,true,
6,832,3805233033,haar,identified_unknot,false,0_1,0_1,1,"{""2"": ""1"", ""3"": ""1"", ""4"": ""1""}",0,0,"1+a,2+c,2-c,1-a",----,2,0,0.7948515742639201,1.0377308881150589,1.0518453470121654,1.2172019228288018,1.5313575040170277,0.6682052416374121,1.0718430842606097,1.0954451150103324,0.22616896940717585,1.3596967199863552,2.034848928533498,0.47249245758620967,0.7579075132485811,0.7745966692414834,0.961450771059458,1.2909944487358056,0.6099851398133347,0.978454392259077,1.2412276081705202,0.4494127483854701,True,True,true,
6,833,1611701886,haar,identified_unknot,false,0_1,0_1,1,"{""2"": ""1"", ""3"": ""1"", ""4"": ""1""}",0,0,"1+c,2-c,3-a,3+a,2+c,1-c",----,3,0,0.9095068732510267,1.1111624500863273,1.1173217859929965,1.3026546850787104,1.432264805676926,0.2115541643536599,1.054055376971238,1.0954451150103321,0.2982738042101948,1.3563891963196106,6.411545716737129,0.1495913842027263,0.7453297048025049,0.7745966692414833,0.9591119986457679,1.2909944487358058,0.19312164658442477,0.9622165113779306,1.2382082659675901,0.03658574027957233,True,True,true,
6,834,2800390554,haar,identified_unknot,false,0_1,0_1,1,"{""2"": ""1"", ""3"": ""1"", ""4"": ""1""}",0,0,"1+a,1-a",----,1,0,0.9395458086567398,1.051442483217373,1.0578133404218195,1.218700996096424,1.2971171654086668,0.3708258900340215,1.0668971101286027,1.0954451150103321,0.24845634706973468,1.4114020990228768,3.806104527635294,0.26221350148259354,0.7544101814002657,0.7745966692414833,0.9980119952000032,1.2909944487358058,0.33851617479760626,0.973939356257515,1.2884279455749499,0.3379119793059151,True,True,true,
6,835,815567088,haar,identified_unknot,false,0_1,0_1,1,"{""2"": ""1"", ""3"": ""1"", ""4"": ""1""}",0,0,"1-c,1+c",----,1,0,0.6215871354809204,1.0921365179067504,1.1371902174895496,1.4075438492474022,2.2644352962008925,0.6215871354809204,1.0577566529027946,1.0954451150103321,0.2848699058164557,1.4075438492474022,2.2644352962008925,0.43952847859688,0.7479469021127513,0.7745966692414833,0.9952838006202536,1.2909944487358058,0.5674288259298665,0.9655952985767051,1.2849058615174218,0.0015712494821464305,True,True,true,
6,836,1151557158,haar,identified_unknot,false,0_1,0_1,1,"{""2"": ""1"", ""3"": ""1"", ""4"": ""1""}",0,0,"1+a,2+c,3+a,3-a,2-c,1-a",----,3,0,0.7382872730205189,1.1413618519204207,1.1682037665001588,1.3945167177010613,1.8888537953468205,0.2826111914669315,1.0576865956077333,1.0954451150103321,0.28512990981607506,1.4085228191342547,4.98395980648582,0.199836289925477,0.7478973641243418,0.7745966692414833,0.9959760368658245,1.2909944487358058,0.25798754094974985,0.965531345308667,1.2857995346676676,0.21470194466553563,True,True,true,
6,837,4169655387,haar,identified_unknot,false,0_1,0_1,1,"{""2"": ""1"", ""3"": ""1"", ""4"": ""1""}",0,0,----,----,0,0,0.5971586143508277,1.0857580861786713,1.1100844487768748,1.2924904985313774,2.164400659172348,0.30809393255186757,1.0486310666500944,1.0954451150103324,0.3168168020422622,1.3963370266197435,4.532179569568999,0.21785530894985633,0.7414941381911642,0.7745966692414834,0.9873593803446813,1.2909944487358056,0.28124999448188837,0.957264816174933,1.2746754789322083,0.1517009448765757,True,True,true,
6,838,2436007776,haar,identified_unknot,false,0_1,0_1,1,"{""2"": ""1"", ""3"": ""1"", ""4"": ""1""}",0,0,"1+a,1-a",----,1,0,0.7250579888771305,1.0855952336660672,1.1069294008866404,1.3550145797542072,1.8688361490267371,0.6340029146879478,1.0730969243362294,1.095445115010332,0.22014311476883638,1.3550145797542072,2.1372371457016675,0.448307760267884,0.7587941120685753,0.7745966692414831,0.9581399979508398,1.290994448735806,0.5787628298310208,0.9795989864139455,1.2369534184662707,0.14291906657820935,True,True,true,
6,839,2627494883,haar,identified_unknot,false,0_1,0_1,1,"{""2"": ""1"", ""3"": ""1"", ""4"": ""1""}",0,0,"1+a,1-a,2-c,2+c",----,2,0,0.6013784799260002,1.0953641385337998,1.1273461728364562,1.3688653522779175,2.2762127312010842,0.43710727632931484,1.0600167894551165,1.0954451150103324,0.27634110456692373,1.3688653522779175,3.131646226009333,0.30908151919844057,0.7495450599953056,0.7745966692414834,0.9679339731270277,1.2909944487358056,0.3990225254920161,0.9676585115312858,1.249597386049785,0.15946021748719102,True,True,true,
6,840,3477030903,haar,identified_unknot,false,0_1,0_1,1,"{""2"": ""1"", ""3"": ""1"", ""4"": ""1""}",0,0,"1+a,1-a",----,1,0,0.47330123996451634,1.067131844690204,1.1216726484032282,1.4113253767929816,2.9818755110356134,0.47330123996451634,1.0647515732227766,1.0954451150103321,0.25749580058638155,1.4113253767929816,2.9818755110356134,0.33467451632291084,0.75289305770487,0.7745966692414833,0.9979577443909765,1.2909944487358058,0.43206294270621876,0.9719807579887141,1.288357908081657,0.14128943841703834,True,True,true,
6,841,1637635263,haar,identified_unknot,false,0_1,0_1,1,"{""2"": ""1"", ""3"": ""1"", ""4"": ""1""}",0,0,"1-a,2-c,3-a,4-c,5+c,1+a,2+c,3+a,4+c,5-c",----,5,0,0.8955758879293695,1.0785709786145097,1.08832437391547,1.305921461092743,1.4581918502876619,0.28292404471645693,1.063683661085709,1.0954451150103324,0.26187223819890176,1.3981136063810617,4.941657071890918,0.2000575105797327,0.7521379297910381,0.7745966692414834,0.9886156119412282,1.2909944487358056,0.2582731355863396,0.9710058920438717,1.276297266949677,0.13913252744721527,True,True,true,
6,842,2231692547,haar,identified_unknot,false,0_1,0_1,1,"{""2"": ""1"", ""3"": ""1"", ""4"": ""1""}",0,0,----,----,0,0,0.9549515526588602,1.1110212155513801,1.1227438062259498,1.3500300191671988,1.413715717209241,0.5058314293317353,1.0742516368638084,1.095445115010332,0.21443745170894984,1.4138205852650456,2.7950429793041414,0.3576768338177539,0.7596106171271474,0.7745966692414831,0.9997221232220471,1.290994448735806,0.4617588069001197,0.980653089911927,1.2906357113580362,0.24848678169211288,True,True,true,
6,843,97671112,haar,identified_unknot,false,0_1,0_1,1,"{""2"": ""1"", ""3"": ""1"", ""4"": ""1""}",0,0,----,----,0,0,0.5967707079282726,1.0616973332375037,1.0987167907145043,1.2995014326167975,2.1775556597409067,0.5923896053010187,1.0647299468608515,1.0954451150103324,0.25758520970290305,1.3310071739248641,2.246844242394365,0.41888270701277264,0.7528777655577005,0.7745966692414834,0.9411641984902138,1.2909944487358056,0.5407752494249164,0.9719610159116087,1.2150377555997498,0.39466411517391947,True,True,true,
6,844,3986839377,haar,identified_unknot,false,0_1,0_1,1,"{""2"": ""1"", ""3"": ""1"", ""4"": ""1""}",0,0,"1-c,1+c",----,1,0,0.5591450056083999,0.9195940140267421,0.9605844151376157,1.304320902722884,2.3327059879640095,0.5591450056083999,1.0623484067764362,1.0954451150103321,0.2672374648502106,1.3952387009549228,2.4953074550612824,0.3953752251322897,0.7511937624143428,0.7745966692414833,0.9865827468191353,1.2909944487358058,0.5104272208134554,0.9697869772018806,1.2736728493620266,0.4583809719887841,True,True,true,
6,845,3122507162,haar,identified_unknot,false,0_1,0_1,1,"{""2"": ""1"", ""3"": ""1"", ""4"": ""1""}",0,0,"1+a,2+c,2-c,1-a",----,2,0,0.5181025856612359,1.0190926037309564,1.056181914450325,1.3891583519914532,2.681241882278043,0.474588029602213,1.0495217655867566,1.095445115010332,0.31385357025156924,1.3949228124182518,2.939228816174396,0.33558441400168676,0.7421239574492736,0.7745966692414831,0.9863593798927561,1.290994448735806,0.4332376155584361,0.9580779093408599,1.2733844839000403,0.3090239866663346,True,True,true,
6,846,3373240222,haar,identified_unknot,false,0_1,0_1,1,"{""2"": ""1"", ""3"": ""1"", ""4"": ""1""}",0,0,"1+c,1-c",----,1,0,0.5078406457753397,1.0367680909078163,1.0712581486916146,1.3572591326949213,2.6726083151984454,0.5078406457753397,1.0725433611346737,1.0954451150103324,0.22282445666025374,1.382253387167987,2.721825042297762,0.3590975643898981,0.7584026837749399,0.7745966692414834,0.9774007433845578,1.2909944487358056,0.46359296218190693,0.9790936546597842,1.261818933899714,0.3394969097264599,True,True,true,
6,847,2705587003,haar,identified_unknot,false,0_1,0_1,1,"{""2"": ""1"", ""3"": ""1"", ""4"": ""1""}",0,0,"1-a,1+a",----,1,0,0.47332220589452517,1.093984237188482,1.1347412438371323,1.3860177709612533,2.928275398239213,0.47332220589452517,1.0666728648860133,1.0954451150103321,0.24941731959882954,1.3860177709612533,2.928275398239213,0.334689341474194,0.7542516160685819,0.7745966692414833,0.9800625646917652,1.2909944487358058,0.4320820818942269,0.9737346492945498,1.2652553304308456,0.058544219929359424,True,True,true,
6,848,1306985479,haar,identified_unknot,false,0_1,0_1,1,"{""2"": ""1"", ""3"": ""1"", ""4"": ""1""}",0,0,"1-a,2-c,2+c,1+a,3+c,3-c",----,3,0,0.5183537553006254,1.069724723581302,1.1062163369683784,1.4116430531502884,2.7233198153095066,0.5183537553006254,1.0655600116341002,1.0954451150103321,0.2541296157600218,1.4116430531502884,2.7233198153095066,0.36653145542658455,0.7534647099876887,0.7745966692414833,0.9981823754974508,1.2909944487358058,0.4731900742427761,0.97271875791244,1.2886479055931286,0.012094055474137248,True,True,true,
6,849,3119687134,haar,identified_unknot,false,0_1,0_1,1,"{""2"": ""1"", ""3"": ""1"", ""4"": ""1""}",0,0,"1+a,2-a,3-c,4-a,5+c,5-c,6-c,1-a,2+a,3+c,4+a,6+c",----,6,0,1.085731076251508,1.239893203528945,1.2434384155658866,1.3889965797511725,1.2793191704033104,0.5310040267849804,1.0677473088156655,1.0954451150103324,0.24477680551249986,1.3889965797511725,2.6157929312909323,0.3754765481770227,0.7550113626572437,0.7745966692414834,0.9821689005869751,1.2909944487358056,0.4847381393270186,0.9747154779229577,1.2679745983787343,0.04360447792980982,True,True,true,
6,850,1928457279,haar,identified_unknot,false,0_1,0_1,1,"{""2"": ""1"", ""3"": ""1"", ""4"": ""1""}",0,0,----,----,0,0,0.5074984836082127,1.0088650008060673,1.0701902951237188,1.4064623828522453,2.7713627297023216,0.45263569083350563,1.0507828250747966,1.0954451150103324,0.3096053205741614,1.4064623828522453,3.107272385574183,0.32006176639542944,0.7430156611647464,0.7745966692414834,0.9945190883986128,1.2909944487358056,0.4131979636690756,0.959229093887452,1.283918622284403,0.10089933609099602,True,True,true,
6,851,1535674367,haar,identified_unknot,false,0_1,0_1,1,"{""2"": ""1"", ""3"": ""1"", ""4"": ""1""}",0,0,"1-a,1+a",----,1,0,0.2245791053295701,1.0589115218682372,1.136994844443845,1.406120175724139,6.261135352109699,0.2245791053295701,1.0409518738794896,1.0954451150103324,0.34120257365204565,1.406120175724139,6.261135352109699,0.15880140829134692,0.7360641289090308,0.7745966692414834,0.9942771114177584,1.2909944487358056,0.205011736555557,0.950254704335115,1.2836062313453982,0.08009540618465151,True,True,true,
6,852,3156489698,haar,identified_unknot,false,0_1,0_1,1,"{""2"": ""1"", ""3"": ""1"", ""4"": ""1""}",0,0,"1+a,2+c,2-c,1-a",----,2,0,0.4282707274794999,0.9944002336383028,1.0328884714679274,1.3494786339778813,3.1509943299649796,0.4282707274794999,1.0630392249415217,1.095445115010332,0.26447609766428554,1.3494786339778813,3.1509943299649796,0.30283313558445024,0.7516822446234416,0.7745966692414831,0.9542254931521187,1.290994448735806,0.39095589693278293,0.9704176050221333,1.231899814501572,0.35526864368511146,True,True,true,
6,853,2319211363,haar,identified_unknot,false,0_1,0_1,1,"{""2"": ""1"", ""3"": ""1"", ""4"": ""1""}",0,0,"1-c,1+c",----,1,0,0.6692886811975749,1.0266759322489425,1.0472368281666435,1.3392017462461114,2.0009329066343158,0.32149920524131265,1.0517280425155007,1.095445115010332,0.30637905376594016,1.3763149577688043,4.2809280251121065,0.22733426817221777,0.743684030826764,0.7745966692414831,0.9732016396867982,1.290994448735806,0.29348727821775017,0.9600919554108205,1.2563979143362407,0.27148130330524717,True,True,true,
6,854,3778013838,haar,identified_unknot,false,0_1,0_1,1,"{""2"": ""1"", ""3"": ""1"", ""4"": ""1""}",0,0,"1-a,1+a",----,1,0,0.4716686952192085,1.0543719199834853,1.0955318702976184,1.3122371243944186,2.782116213552301,0.4716686952192085,1.0634202484050173,1.0954451150103321,0.2629398700886031,1.3584398234523658,2.8800720446817643,0.3335201328629132,0.7519516688982705,0.7745966692414833,0.9605620109970242,1.2909944487358058,0.4305726400676494,0.970765430265292,1.2400802238636603,0.0305169877694315,True,True,true,
6,855,605736786,haar,identified_unknot,false,0_1,0_1,1,"{""2"": ""1"", ""3"": ""1"", ""4"": ""1""}",0,0,"1-c,2+c,3+a,4+c,5+a,1+c,2-c,3-a,4-c,5-a",----,5,0,0.9305073493008252,1.1094047166436918,1.1237259762522454,1.404382540850102,1.5092653936643727,0.21681490966308992,1.0616931132023446,1.0954451150103321,0.2698290817882934,1.4098418830593489,6.502513527552654,0.15331129288511958,0.7507303998844347,0.7745966692414833,0.9969087559120771,1.2909944487358058,0.1979240280431986,0.9691887787480167,1.28700366977861,0.013895796477939216,True,True,true,
6,856,1421320694,haar,identified_unknot,false,0_1,0_1,1,"{""2"": ""1"", ""3"": ""1"", ""4"": ""1""}",0,0,----,----,0,0,0.3433590047557095,0.9158497731201686,1.004427801024403,1.4055022201406,4.093389719429599,0.3433590047557095,1.0454689611911994,1.0954451150103324,0.32710036867266656,1.4055022201406,4.093389719429599,0.2427914806442262,0.7392581919783525,0.7745966692414834,0.9938401508341659,1.2909944487358056,0.3134424537120428,0.9543782220265214,1.2830421176576638,0.15420993105936526,True,True,true,
6,857,3615575702,haar,identified_unknot,false,0_1,0_1,1,"{""2"": ""1"", ""3"": ""1"", ""4"": ""1""}",0,0,----,----,0,0,0.8781937326163206,1.1226134607463365,1.1332701412088542,1.4076214754739034,1.6028598510721639,0.29663924394396174,1.0652085720886748,1.0954451150103321,0.25559870490439973,1.4076214754739034,4.7452301211360215,0.20975562095882583,0.7532162047019413,0.7745966692414833,0.9953386906514105,1.2909944487358058,0.270793342248976,0.9723979389680585,1.2849767242429364,0.13472339716619686,True,True,true,
6,858,2124750958,haar,identified_unknot,false,0_1,0_1,1,"{""2"": ""1"", ""3"": ""1"", ""4"": ""1""}",0,0,"1-c,1+c",----,1,0,0.2707369634197961,1.0064053515605085,1.0711764531951586,1.3806977273938852,5.099775479320197,0.2707369634197961,1.053584613784526,1.0954451150103321,0.29993242838431367,1.3806977273938852,5.099775479320197,0.19143994275199205,0.744996824960848,0.7745966692414833,0.9763007258090713,1.2909944487358058,0.2471479033591222,0.9617867653502555,1.2603988173162493,0.1343700957536811,True,True,true,
6,859,1323083138,haar,identified_unknot,false,0_1,0_1,1,"{""2"": ""1"", ""3"": ""1"", ""4"": ""1""}",0,0,"1+c,1-c",----,1,0,0.5829666703944367,1.1024544531261933,1.1292259589116314,1.356750486040132,2.3273208485866803,0.25816423912299835,1.0378074590664712,1.0954451150103324,0.35065036418916623,1.406535086014333,5.448218121891821,0.1825496841437375,0.7338406918718821,0.7745966692414834,0.9945704972975388,1.2909944487358056,0.23567062884803983,0.9473842594630424,1.283984990887532,0.008357619240556032,True,True,true,
6,860,1240221850,haar,identified_unknot,false,0_1,0_1,1,"{""2"": ""1"", ""3"": ""1"", ""4"": ""1""}",0,0,"1+c,2+a,2-a,1-c",----,2,0,0.9174787124086577,1.1515932440564272,1.1624320036207305,1.4023697667947514,1.528503874616457,0.47160181372517057,1.0726936318446685,1.0954451150103324,0.2220999149029441,1.4023697667947514,2.9736309869494963,0.33347284050494314,0.758508941212991,0.7745966692414834,0.991625171831566,1.2909944487358056,0.4305115858960422,0.9792308324224449,1.2801825920612409,0.19703271581025492,True,True,true,
6,861,3549934500,haar,identified_unknot,false,0_1,0_1,1,"{""2"": ""1"", ""3"": ""1"", ""4"": ""1""}",0,0,"1+c,1-c",----,1,0,1.0764697474035614,1.2196679425209964,1.223789905091181,1.362712944638058,1.2659091887393152,0.6135524326728091,1.0702001567876251,1.0954451150103321,0.23381964077412806,1.362712944638058,2.221021174509393,0.4338470857564459,0.756745788091436,0.7745966692414833,0.963583563964259,1.2909944487358058,0.5600941793117789,0.9769546115302464,1.2439810319709217,0.1137194113695448,True,True,true,
6,862,4912196,haar,identified_unknot,false,0_1,0_1,1,"{""2"": ""1"", ""3"": ""1"", ""4"": ""1""}",0,0,"1+c,2+a,2-a,1-c",----,2,0,0.8267697769976929,1.1509732485896913,1.1671076837219578,1.388124915045414,1.6789739461524698,0.6798779468505425,1.0658211229061125,1.0954451150103324,0.2530322785084009,1.388124915045414,2.0417266385470296,0.4807463065972057,0.7536493435387729,0.7745966692414834,0.9815525405626124,1.2909944487358056,0.6206408130672342,0.9729571188019399,1.2671788810088591,0.08224534009762381,True,True,true,
6,863,3545096583,haar,identified_unknot,false,0_1,0_1,1,"{""2"": ""1"", ""3"": ""1"", ""4"": ""1""}",0,0,"1+a,2+c,3+a,3-a,2-c,1-a",----,3,0,0.6878943693807265,1.0953160417295618,1.1256640351485594,1.3434652054612102,1.9530109058323273,0.6061165524750697,1.0677849792642895,1.0954451150103321,0.24461242416844003,1.3434652054612102,2.2165129791872307,0.4285891244445336,0.7550379996869161,0.7745966692414833,0.9499733570698,1.2909944487358058,0.5533061804464323,0.9747498661803957,1.2264103304240292,0.18319626218246915,True,True,true,
6,864,825610438,haar,identified_unknot,false,0_1,0_1,1,"{""2"": ""1"", ""3"": ""1"", ""4"": ""1""}",0,0,"1-c,2-a,2+a,1+c",----,2,0,0.908590450226017,1.163344753259113,1.1704277151824276,1.2872981687267142,1.4168079451049607,0.14566274274094004,1.0363130694316887,1.0954451150103321,0.3550425638216804,1.4109122994793806,9.686157715625857,0.10299911315835025,0.7327839988273924,0.7745966692414833,0.9976656546213749,1.2909944487358058,0.13297128331214125,0.946020074608589,1.2879808218105688,0.0032792958490844033,True,True,true,
6,865,290833021,haar,identified_unknot,false,0_1,0_1,1,"{""2"": ""1"", ""3"": ""1"", ""4"": ""1""}",0,0,"1-a,2-c,3-c,3+c,4-a,1+a,2+c,4+a",----,4,0,0.7123915664990914,1.069982489565693,1.0900811188602981,1.4009296408470993,1.966516318731415,0.6159559472462581,1.0677326772138407,1.0954451150103321,0.24484062164960282,1.4009296408470993,2.2743990818015596,0.4355466272100124,0.7550010165523737,0.7745966692414833,0.9906068490082184,1.2909944487358058,0.5622882778937295,0.9747021211590049,1.2788679429492784,0.2581996528241122,True,True,true,
6,866,1148608723,haar,identified_unknot,false,0_1,0_1,1,"{""2"": ""1"", ""3"": ""1"", ""4"": ""1""}",0,0,"1+c,1-c,2-a,2+a",----,2,0,0.39632741985764725,1.0812661091433569,1.130293347701602,1.356933687193635,3.423769386637488,0.3563368422212757,1.0374693071629786,1.0954451150103321,0.3516495936223575,1.3694052771941232,3.84300783679213,0.25196819752126487,0.7336015823678513,0.7745966692414833,0.9683157576966083,1.2909944487358058,0.32528954425792,0.9470755704206991,1.250090267809727,0.14215561547391223,True,True,true,
6,867,2090692896,haar,identified_unknot,false,0_1,0_1,1,"{""2"": ""1"", ""3"": ""1"", ""4"": ""1""}",0,0,"1+a,2+c,2-c,1-a",----,2,0,0.6510060387096235,1.0634912040403197,1.0885298349296597,1.3375591000755158,2.054603214935959,0.3478070834680276,1.0628529110379998,1.0954451150103324,0.2652238479059709,1.3876001509917553,3.9895684042884407,0.24593674726495784,0.751550500798832,0.7745966692414834,0.9811814763417473,1.2909944487358056,0.31750297545920136,0.9702475244759069,1.2666998391595978,0.18241372252929633,True,True,true,
6,868,357995814,haar,identified_unknot,false,0_1,0_1,1,"{""2"": ""1"", ""3"": ""1"", ""4"": ""1""}",0,0,"1-c,1+c",----,1,0,0.9368733148645338,1.0692473284394586,1.074972198499994,1.2071154814436411,1.28845113025573,0.6828793373165867,1.0748612437579323,1.0954451150103321,0.21136060812542878,1.3865696380309729,2.030475315711817,0.4828686101487342,0.7600416742958406,0.7745966692414833,0.9804527936390774,1.2909944487358058,0.6233806951707899,0.9812095823237974,1.2657591138355615,0.4379818599597295,True,True,true,
6,869,2924443139,haar,identified_unknot,false,0_1,0_1,1,"{""2"": ""1"", ""3"": ""1"", ""4"": ""1""}",0,0,"1+a,2-a,3-c,3+c,2+a,1-a",----,3,0,0.7369942105213165,1.1335229234292645,1.1524867978371305,1.3467477230789644,1.8273518351335971,0.7022332358274848,1.0733467328079191,1.0954451150103321,0.2189218837178362,1.3923711177051314,1.9827758736944636,0.4965538830281865,0.7589707533329049,0.7745966692414833,0.9845550592575909,1.2909944487358058,0.6410483064875974,0.9798270293056127,1.2710551159763022,0.14953159739438493,True,True,true,
6,870,4037495605,haar,identified_unknot,false,0_1,0_1,1,"{""2"": ""1"", ""3"": ""1"", ""4"": ""1""}",0,0,----,----,0,0,0.2127437075083299,1.0221511666031458,1.0963224171039219,1.3723302733491887,6.450626857179574,0.2127437075083299,1.05155657079381,1.0954451150103321,0.3069670640644735,1.4074647578742898,6.615776204892834,0.1504325182339075,0.7435627820095748,0.7745966692414833,0.9952278745739924,1.2909944487358058,0.19420754594932246,0.959935423860913,1.2848336613021591,0.17783762505271514,True,True,true,
6,871,3485038949,haar,identified_unknot,false,0_1,0_1,1,"{""2"": ""1"", ""3"": ""1"", ""4"": ""1""}",0,0,"1-c,1+c",----,1,0,0.5686308095324087,0.9959840355866313,1.0379294454678651,1.2965001051472798,2.280038442189592,0.5686308095324087,1.065773535082922,1.095445115010332,0.253232643861038,1.3854346922248555,2.436439723278648,0.4020827014119623,0.7536156938662929,0.7745966692414831,0.9796502657632926,1.290994448735806,0.51908653545554,0.9729136772615667,1.264723054802968,0.4587615909681419,True,True,true,
6,872,4116203624,haar,identified_unknot,false,0_1,0_1,1,"{""2"": ""1"", ""3"": ""1"", ""4"": ""1""}",0,0,"1+c,2+a,3+c,1-c,2-a,3-c",----,3,0,0.7061462438150609,1.0192391861298442,1.0439315317994293,1.405151547008627,1.9898874479839832,0.7060234173779437,1.07637157453541,1.0954451150103321,0.2035294414382396,1.405151547008627,1.9902336274158323,0.4992339461044441,0.7611096394304299,0.7745966692414833,0.993592187484568,1.2909944487358058,0.6445082530413079,0.9825883193839958,1.2827219983498432,0.19112174067891874,True,True,true,
6,873,3796271197,haar,identified_unknot,false,0_1,0_1,1,"{""2"": ""1"", ""3"": ""1"", ""4"": ""1""}",0,0,"1+a,1-a",----,1,0,0.6279077773091528,1.0513353013737736,1.0804902056477936,1.366470956464553,2.1762287486236467,0.5461676690860213,1.0618628195532904,1.0954451150103321,0.2691604585564822,1.4079996894091387,2.577962353145768,0.38619886247557594,0.7508504003959989,0.7745966692414833,0.9956061282897546,1.2909944487358058,0.49858058756405144,0.9693436987422918,1.2853219847494217,0.264782746237115,True,True,true,
6,874,3823977322,haar,identified_unknot,false,0_1,0_1,1,"{""2"": ""1"", ""3"": ""1"", ""4"": ""1""}",0,0,"1+c,1-c",----,1,0,0.6728494319562828,1.0831894032004707,1.125129712907273,1.381942159388272,2.0538653876400406,0.6728494319562828,1.0705372982917152,1.0954451150103321,0.23227116258002262,1.381942159388272,2.0538653876400406,0.475776396053804,0.7569841831351976,0.7745966692414833,0.9771806721110277,1.2909944487358058,0.6142246861449892,0.9772623782083485,1.2615348231072605,0.19904688894522599,True,True,true,
6,875,2484595703,haar,identified_unknot,false,0_1,0_1,1,"{""2"": ""1"", ""3"": ""1"", ""4"": ""1""}",0,0,"1-a,2-c,3-a,1+a,2+c,3+a,4-c,4+c",----,4,0,1.0410852916576325,1.1705446058558473,1.176479793712923,1.39102075913174,1.3361256472242873,0.2407642710783972,1.0631251714764842,1.0954451150103324,0.26413040297000273,1.3912146292758079,5.7783267552302355,0.1702460487469708,0.7517430180011331,0.7745966692414834,0.9837372984468524,1.2909944487358056,0.21978670385154467,0.9704960631153637,1.2699993913092449,0.020861391293194236,True,True,true,
6,876,3491051285,haar,identified_unknot,false,0_1,0_1,1,"{""2"": ""1"", ""3"": ""1"", ""4"": ""1""}",0,0,"1-a,2-c,2+c,1+a",----,2,0,0.7591673133068989,1.0814468382609579,1.1004018279650243,1.3414681259490042,1.7670256640866544,0.5895591606628072,1.0704315049816309,1.0954451150103321,0.2327582289474647,1.3640627492115198,2.3136995236881455,0.41688128041532024,0.7569093759682327,0.7745966692414833,0.9645380199314305,1.2909944487358058,0.5381914187980532,0.9771658025710716,1.245213229326103,0.20479892484579074,True,True,true,
6,877,791907286,haar,identified_unknot,false,0_1,0_1,1,"{""2"": ""1"", ""3"": ""1"", ""4"": ""1""}",0,0,"1+a,2+c,3+a,4-a,5-a,5+a,6-c,1-a,2-c,3-a,4+a,6+c",----,6,0,0.6793207073150404,1.1485872889971078,1.1744785622754945,1.388733846001418,2.044297827296146,0.5918934110214713,1.0685893421686925,1.0954451150103324,0.24107429934250793,1.388733846001418,2.346256640371759,0.4185318446729187,0.7556067701511544,0.7745966692414834,0.9819831197708773,1.2909944487358056,0.5403222880918945,0.975484145692332,1.26773475637647,0.058324750129295236,True,True,true,
6,878,1333036551,haar,identified_unknot,false,0_1,0_1,1,"{""2"": ""1"", ""3"": ""1"", ""4"": ""1""}",0,0,"1+a,2+c,3-c,1-a,2-c,3+c",----,3,0,0.7387978406991953,1.0754057194646476,1.098421145619358,1.3521988144545474,1.8302690397346477,0.6088824440665956,1.0597791215993646,1.0954451150103321,0.2772511738876493,1.4006782928664394,2.3004084064431365,0.4305449051449285,0.7493770034428334,0.7745966692414833,0.9904291191466562,1.2909944487358058,0.5558310824735867,0.9674415514549707,1.2786384946846272,0.19768535184881347,True,True,true,
6,879,3626381464,haar,identified_unknot,false,0_1,0_1,1,"{""2"": ""1"", ""3"": ""1"", ""4"": ""1""}",0,0,"1-a,2-c,2+c,1+a",----,2,0,0.684906369188657,1.0630894332417837,1.096901584102821,1.3119807090483535,1.9155621382270565,0.6728503722079917,1.0661340097556178,1.0954451150103321,0.25171069354004094,1.3680701412239702,2.0332457225736245,0.47577706091216343,0.7538705879518021,0.7745966692414833,0.967371673998307,1.2909944487358058,0.6142255444734404,0.9732427441109746,1.248871460996078,0.19388924494571197,True,True,true,
6,880,836125141,haar,identified_unknot,false,0_1,0_1,1,"{""2"": ""1"", ""3"": ""1"", ""4"": ""1""}",0,0,"1-c,1+c",----,1,0,0.8442226111647565,1.1040592087908392,1.1169562672309299,1.3621354213763441,1.6134789608359743,0.4962101579903672,1.0660368941629106,1.0954451150103321,0.25212167753585846,1.3621354213763441,2.7450776640545653,0.35087356760863675,0.7538019168576399,0.7745966692414833,0.9631751933496082,1.2909944487358058,0.4529758279908775,0.9731540901096225,1.2434538277743807,0.014117045539838015,True,True,true,
6,881,488818782,haar,identified_unknot,false,0_1,0_1,1,"{""2"": ""1"", ""3"": ""1"", ""4"": ""1""}",0,0,----,----,0,0,0.36839140553153804,0.9733106664798791,1.0164563520465628,1.2766588200869406,3.465495668241494,0.36839140553153804,1.0653200087117418,1.095445115010332,0.25513384534086037,1.38649866552144,3.763656384765311,0.26049206098219396,0.7532950022937844,0.7745966692414831,0.9804026084963089,1.290994448735806,0.33629380466776143,0.972499666221702,1.2656943250948387,0.3389927634648843,True,True,true,
6,882,551050159,haar,identified_unknot,false,0_1,0_1,1,"{""2"": ""1"", ""3"": ""1"", ""4"": ""1""}",0,0,"1-c,1+c",----,1,0,0.8105186150738283,1.1307853519430606,1.155849280540181,1.4123642812165877,1.7425439156483022,0.8105186150738283,1.0787505328891551,1.0954451150103321,0.1905184709978649,1.4123642812165877,1.7425439156483022,0.5731232089966329,0.7627918170145233,0.7745966692414833,0.9986923607539131,1.2909944487358058,0.7398988812563042,0.984760001306848,1.2893062937281585,0.0003825708805385175,True,True,true,
6,883,287876969,haar,identified_unknot,false,0_1,0_1,1,"{""2"": ""1"", ""3"": ""1"", ""4"": ""1""}",0,0,"1-c,1+c,2+a,2-a",----,2,0,0.6494721633353158,1.0826374157713288,1.11004435269331,1.4061786529202032,2.1651099651428902,0.6494721633353158,1.072336678430794,1.0954451150103321,0.22381699687917245,1.4061786529202032,2.1651099651428902,0.45924617088629877,0.7582565370334725,0.7745966692414833,0.9943184610396402,1.2909944487358058,0.5928842572173869,0.9789049800278492,1.2836596134777052,0.24615022365522496,True,True,true,
6,884,1749071290,haar,identified_unknot,false,0_1,0_1,1,"{""2"": ""1"", ""3"": ""1"", ""4"": ""1""}",0,0,----,----,0,0,0.4837347009889689,1.119783634042329,1.1656370858766631,1.3897659280257082,2.8729920040559596,0.4837347009889689,1.058864912899329,1.095445115010332,0.28072245409068347,1.4093009179655878,2.913375689369296,0.34205208736454684,0.7487305602716186,0.7745966692414831,0.9965262358258934,1.290994448735806,0.4415873459661249,0.9666069969095094,1.2865098384708171,0.2687491266498973,True,True,true,
6,885,97061122,haar,identified_unknot,false,0_1,0_1,1,"{""2"": ""1"", ""3"": ""1"", ""4"": ""1""}",0,0,"1+a,2+c,3+a,4-a,5-c,3-a,2-c,1-a,4+a,5+c",----,5,0,0.7219195688373741,1.1115403208707928,1.1373313846933477,1.3837259477014814,1.9167314579516428,0.31955140539514193,1.0549099329145613,1.0954451150103321,0.2952372494083292,1.4093793917285504,4.41049348534637,0.22595696569259635,0.7459339671049321,0.7745966692414833,0.9965817251558294,1.2909944487358058,0.2917091883623288,0.9629966106559446,1.2865814748877284,0.07320960859465474,True,True,true,
6,886,192715030,haar,identified_unknot,false,0_1,0_1,1,"{""2"": ""1"", ""3"": ""1"", ""4"": ""1""}",0,0,"1+a,1-a",----,1,0,0.8581356505947829,1.125897493103352,1.1414252808869703,1.3902910840843867,1.6201297348743888,0.537738005893147,1.064832564794474,1.0954451150103321,0.25716066758589323,1.3902910840843867,2.5854432248566956,0.3802381904687759,0.7529503273944363,0.7745966692414833,0.9830842533792663,1.2909944487358058,0.49088539309253765,0.9720546928400248,1.2691563137522173,0.1773305665952889,True,True,true,
6,887,1449603584,haar,identified_unknot,false,0_1,0_1,1,"{""2"": ""1"", ""3"": ""1"", ""4"": ""1""}",0,0,"1+c,2+a,2-a,1-c",----,2,0,0.8631367846649489,1.0620083558328226,1.0759444151214026,1.32620662075895,1.5364964676760415,0.6525809442398778,1.0686795610756998,1.0954451150103321,0.24067404458945982,1.403834534612491,2.1512036889886033,0.4614444109451378,0.7556705645520905,0.7745966692414833,0.9926609190883534,1.2909944487358058,0.5957221729303368,0.9755665039098013,1.281519736020047,0.2636825201375089,True,True,true,
6,888,3624798286,haar,identified_unknot,false,0_1,0_1,1,"{""2"": ""1"", ""3"": ""1"", ""4"": ""1""}",0,0,"1+a,2+a,3+c,4+a,2-a,3-c,4-a,1-a",----,4,0,0.6554754898401854,1.0298207734766143,1.0529390338522786,1.3918036663721343,2.1233496720243137,0.5931887111004813,1.0682886722743292,1.095445115010332,0.2424032027229645,1.4077386794425528,2.3731717295005863,0.41944776014245816,0.7553941644299514,0.7745966692414831,0.9954215663724245,1.290994448735806,0.5415047298785814,0.9752096728864902,1.2850837163387008,0.29390720239023754,True,True,true,
6,889,3562693378,haar,identified_unknot,false,0_1,0_1,1,"{""2"": ""1"", ""3"": ""1"", ""4"": ""1""}",0,0,"1-c,1+c",----,1,0,0.7905024853612578,1.1028741592205848,1.113652420114571,1.2801785131157082,1.6194490679313547,0.3015042620147083,1.0434895542649707,1.0954451150103321,0.3333609907291073,1.4032796363332039,4.654261359213382,0.21319570822724582,0.7378585399180886,0.7745966692414833,0.9922685467522007,1.2909944487358058,0.27523447581567295,0.9525712789865596,1.2810131855122364,0.025313053181890196,True,True,true,
6,890,511837601,haar,identified_unknot,false,0_1,0_1,1,"{""2"": ""1"", ""3"": ""1"", ""4"": ""1""}",0,0,"1+c,2+a,2-a,1-c",----,2,0,0.4260227688868497,0.9539886373662422,1.013983921312764,1.3700364348471146,3.215876086686324,0.4260227688868497,1.0587340425433363,1.0954451150103321,0.28121562396112454,1.4066199666431403,3.301748332180654,0.3012435888197607,0.7486380209554397,0.7745966692414833,0.9946305169657597,1.2909944487358058,0.38890380088356274,0.9664875291660328,1.2840624759460204,0.34416758885223275,True,True,true,
6,891,1189066432,haar,identified_unknot,false,0_1,0_1,1,"{""2"": ""1"", ""3"": ""1"", ""4"": ""1""}",0,0,"1+a,2+c,3+a,3-a,2-c,1-a",----,3,0,0.6059712009861028,1.0675937080147546,1.0990609868383368,1.3600609712997689,2.2444316975567955,0.46206442764261,1.060016034063566,1.0954451150103324,0.276344002157002,1.3724952526340497,2.9703547179261,0.32672889013117035,0.7495445258528178,0.7745966692414834,0.9705007002838801,1.2909944487358056,0.42180518340095186,0.9676578219562992,1.2529110165607011,0.08446422454626856,True,True,true,
6,892,1754331191,haar,identified_unknot,false,0_1,0_1,1,"{""2"": ""1"", ""3"": ""1"", ""4"": ""1""}",0,0,----,----,0,0,0.9585145953048113,1.1080852045845562,1.114892121813797,1.3027535806457746,1.3591379693404606,0.49866331083387083,1.0558624292216543,1.0954451150103321,0.2918124921214769,1.3691678465291435,2.7456759235797885,0.3526082086195652,0.7466074837027328,0.7745966692414833,0.9681478688633395,1.2909944487358058,0.4552152399065356,0.9638661168448368,1.2498735242579722,0.1750608112506316,True,True,true,
6,893,510226383,haar,identified_unknot,false,0_1,0_1,1,"{""2"": ""1"", ""3"": ""1"", ""4"": ""1""}",0,0,----,----,0,0,0.31639783745862554,0.9773131075965678,1.0501030237958733,1.410801311728326,4.458947390602227,0.31639783745862554,1.0520661091624899,1.0954451150103321,0.3052161561118613,1.410801311728326,4.458947390602227,0.22372705641975316,0.7439230800453431,0.7745966692414833,0.9975871744299756,1.2909944487358058,0.2888303878699037,0.9604005666249805,1.2878795043191364,0.02787978554829141,True,True,true,
6,894,3894823619,haar,identified_unknot,false,0_1,0_1,1,"{""2"": ""1"", ""3"": ""1"", ""4"": ""1""}",0,0,"1-a,2+a,3+c,1+a,2-a,3-c",----,3,0,0.35705314544691896,1.0946640852534548,1.1632653326865576,1.4081474935667144,3.9438036368623886,0.35705314544691896,1.0481401501609484,1.0954451150103321,0.3184371611803248,1.4081474935667144,3.9438036368623886,0.25247470038950304,0.7411470078126927,0.7745966692414833,0.995710641611864,1.2909944487358058,0.3259434366490842,0.9568166727833394,1.2854569108680838,0.15112110814584,True,True,true,
6,895,892318747,haar,identified_unknot,false,0_1,0_1,1,"{""2"": ""1"", ""3"": ""1"", ""4"": ""1""}",0,0,"1-a,2-c,3-a,1+a,2+c,3+a",----,3,0,0.5567992706771774,1.0132127672197757,1.062622929891197,1.3522336719548365,2.4285837700725694,0.4260336533276976,1.0549723188444693,1.0954451150103324,0.29501424791342473,1.3522336719548365,3.1740067043828626,0.3012512852816937,0.7459780806190207,0.7745966692414834,0.9561735991880501,1.2909944487358056,0.38891373697319304,0.963053560957747,1.234414808579508,0.3318182839461824,True,True,true,
6,896,1774764360,haar,identified_unknot,false,0_1,0_1,1,"{""2"": ""1"", ""3"": ""1"", ""4"": ""1""}",0,0,"1-c,2-a,3+a,1+c,2+a,3-a",----,3,0,0.6380220698716506,1.1016470684942223,1.1336312140757172,1.3828431261179455,2.16739073994122,0.4271776157069844,1.0553792270776907,1.0954451150103324,0.29355525383289693,1.3828431261179455,3.237161956225919,0.3020601888375097,0.7462658081900523,0.7745966692414834,0.9778177517952034,1.2909944487358056,0.38995802697331416,0.9634250156546967,1.2623572894429334,0.19976342336068145,True,True,true,
6,897,1605548021,haar,identified_unknot,false,0_1,0_1,1,"{""2"": ""1"", ""3"": ""1"", ""4"": ""1""}",0,0,----,----,0,0,0.32956827961596824,1.0546646420820103,1.1348287019522352,1.3924331167966437,4.2250216508068865,0.32956827961596824,1.0473476585698545,1.0954451150103321,0.32103408244023446,1.3924331167966437,4.2250216508068865,0.23303996538043534,0.7405866316345969,0.7745966692414833,0.9845988992356267,1.2909944487358058,0.3008533016397264,0.9560932302482136,1.271111713144579,0.17099563651908578,True,True,true,
6,898,593149847,haar,identified_unknot,false,0_1,0_1,1,"{""2"": ""1"", ""3"": ""1"", ""4"": ""1""}",0,0,"1-a,2-c,3-a,4+c,4-c,1+a,2+c,3+a",----,4,0,0.6865140593086253,1.0700864327654793,1.107544258882507,1.4113904175114802,2.055879844518936,0.6865140593086253,1.063046178147015,1.0954451150103321,0.26444814827679297,1.4113904175114802,2.055879844518936,0.4854387467170326,0.7516871612821969,0.7745966692414833,0.9980037351240801,1.2909944487358058,0.6266987272129559,0.9704239524012928,1.288417281862787,0.22204546108183507,True,True,true,
6,899,4279812575,haar,identified_unknot,false,0_1,0_1,1,"{""2"": ""1"", ""3"": ""1"", ""4"": ""1""}",0,0,"1+a,1-a,2-c,2+c",----,2,0,0.774931839181243,1.0968218177298212,1.1115323899598881,1.324008927689469,1.7085488822969972,0.49117981930003096,1.0621165469015594,1.0954451150103324,0.2681574925261418,1.324008927689469,2.6955686607326084,0.3473165810090349,0.7510298127245324,0.7745966692414834,0.9362156911207528,1.2909944487358056,0.44838377803656376,0.9695753190624631,1.2086492600562475,0.15558594092094852,True,True,true,
6,900,2160674693,haar,identified_unknot,false,0_1,0_1,1,"{""2"": ""1"", ""3"": ""1"", ""4"": ""1""}",0,0,"1-a,1+a",----,1,0,0.846577002889478,1.0543983520347828,1.0639539451840556,1.2860002861822093,1.5190588473262587,0.5814301196746572,1.0730072976670348,1.0954451150103321,0.2205795528903065,1.4006030414229245,2.4088931653672163,0.4111331804080559,0.7587307364430126,0.7745966692414833,0.9903759083406527,1.2909944487358058,0.5307706535978968,0.979517168833159,1.2785697998294638,0.39184343125614973,True,True,true,
6,901,45711422,haar,identified_unknot,false,0_1,0_1,1,"{""2"": ""1"", ""3"": ""1"", ""4"": ""1""}",0,0,"1+a,1-a",----,1,0,0.7536155653009619,1.1202561413174847,1.1413413223322684,1.4114466104488108,1.872900024145785,0.7429904384161742,1.0730976497421392,1.0954451150103321,0.2201395787174502,1.4114466104488108,1.8996834110780463,0.5253735773608427,0.7587946250080132,0.7745966692414833,0.9980434695311213,1.2909944487358058,0.6782543718853193,0.9795996486159126,1.288468578761701,0.0242487528163899,True,True,true,
6,902,430317846,haar,identified_unknot,false,0_1,0_1,1,"{""2"": ""1"", ""3"": ""1"", ""4"": ""1""}",0,0,"1+a,1-a",----,1,0,0.5442045788820367,0.9172103779994059,0.9694199777749486,1.323941360322397,2.432800846773798,0.5442045788820367,1.0556683670278904,1.0954451150103321,0.29251375840576627,1.3793688408101787,2.5346512953709905,0.3848107480802575,0.7464702610095504,0.7745966692414833,0.9753610610943046,1.2909944487358058,0.4967885395854851,0.9636889631096975,1.2591857153858126,0.38679508158083625,True,True,true,
6,903,2847528407,haar,identified_unknot,false,0_1,0_1,1,"{""2"": ""1"", ""3"": ""1"", ""4"": ""1""}",0,0,----,----,0,0,0.748426729148246,1.0236301472707465,1.0364835664699001,1.2907273319102952,1.7245874334007545,0.5893522422261444,1.0678906351609678,1.0954451150103321,0.24415075534493938,1.3875434589339184,2.3543534061952287,0.41673496698560336,0.7551127096879297,0.7745966692414833,0.9811413890032115,1.2909944487358058,0.5380025289725132,0.9748463163769693,1.2666480866280838,0.5098996994727586,True,True,true,
6,904,3858205505,haar,identified_unknot,false,0_1,0_1,1,"{""2"": ""1"", ""3"": ""1"", ""4"": ""1""}",0,0,"1-a,2+a,2-a,1+a",----,2,0,0.7573502791232868,1.0709616266587274,1.0883364898794667,1.346053974099015,1.777320232399221,0.42588338816373605,1.0688471035646683,1.0954451150103324,0.23992888363308598,1.390739408150132,3.265540396272619,0.30114503176528035,0.755789034982177,0.7745966692414834,0.983401266366324,1.2909944487358056,0.3887765642733448,0.975719448577382,1.2695655757586854,0.052626015941849284,True,True,true,
6,905,1942097724,haar,identified_unknot,false,0_1,0_1,1,"{""2"": ""1"", ""3"": ""1"", ""4"": ""1""}",0,0,"1-c,2-a,2+a,1+c",----,2,0,0.20373231343557538,1.0621147821010233,1.13142905678763,1.3151304568903108,6.455188353349671,0.20373231343557538,1.0499711525972444,1.0954451150103324,0.3123468884327395,1.408175153083828,6.911889082971238,0.1440605003771185,0.7424417220517667,0.7745966692414834,0.9957301998439794,1.2909944487358056,0.18598130626896242,0.9584881416786826,1.2854821604371716,0.011898137599614379,True,True,true,
6,906,831912293,haar,identified_unknot,false,0_1,0_1,1,"{""2"": ""1"", ""3"": ""1"", ""4"": ""1""}",0,0,----,----,0,0,0.5668026476945981,1.064938360101241,1.0930416206100353,1.284411459036295,2.2660646774684006,0.31694009965416114,1.048056671801031,1.0954451150103321,0.31871180193608484,1.3872448935666277,4.3769939338075625,0.22411049369539748,0.7410879796983127,0.7745966692414833,0.9809302714073728,1.2909944487358058,0.2893254032641989,0.9567404678153552,1.2663755349838255,0.2714996795446846,True,True,true,
6,907,1498582897,haar,identified_unknot,false,0_1,0_1,1,"{""2"": ""1"", ""3"": ""1"", ""4"": ""1""}",0,0,"1-a,2+a,3+c,1+a,4+c,5+a,2-a,3-c,5-a,4-c",----,5,0,0.982575072930566,1.1555774940850554,1.1638936433898157,1.3458917106152135,1.369759673020243,0.6017226461781556,1.068816550997728,1.0954451150103324,0.24006495019748497,1.3648834773187237,2.268293350745211,0.4254821635060874,0.7557674310549108,0.7745966692414834,0.9651183623415448,1.2909944487358056,0.5492951111224592,0.9756915580272106,1.2459624481559262,0.07892016432525292,True,True,true,
6,908,2576573096,haar,identified_unknot,false,0_1,0_1,1,"{""2"": ""1"", ""3"": ""1"", ""4"": ""1""}",0,0,"1-a,2+a,3+c,1+a,2-a,3-c",----,3,0,0.7424558256080916,1.0624012911799967,1.0832238481572252,1.2823875096412531,1.727223984795247,0.5320560074896945,1.0633023474941483,1.0954451150103321,0.2634162443993033,1.3104667452094363,2.4630240552914326,0.3762204108670035,0.751868300364687,0.7745966692414833,0.9266399220570559,1.2909944487358058,0.4856984619304055,0.9706578019512363,1.196286995352639,0.1304792522781993,True,True,true,
6,909,878146768,haar,identified_unknot,false,0_1,0_1,1,"{""2"": ""1"", ""3"": ""1"", ""4"": ""1""}",0,0,"1+a,2+c,2-c,1-a",----,2,0,0.8227457618227136,1.0745548476324587,1.08588170186157,1.3152912620763992,1.598660635045386,0.7058722103560623,1.0739547423941633,1.0954451150103321,0.21591945555944278,1.3727889717154074,1.944812320948197,0.49912702659390873,0.7594006810343646,0.7745966692414833,0.970708391038072,1.2909944487358058,0.6443702205467451,0.9803820635815551,1.2531791441714168,0.10035967485366454,True,True,true,
6,910,1463022005,haar,identified_unknot,false,0_1,0_1,1,"{""2"": ""1"", ""3"": ""1"", ""4"": ""1""}",0,0,"1-c,1+c",----,1,0,0.7554458932665354,1.0594244913954685,1.0828224731799474,1.3301371401799251,1.7607311814595143,0.2823997841358062,1.043582937978063,1.0954451150103321,0.3330685388340879,1.4127310046297286,5.002592367246094,0.19968680236804576,0.7379245721748685,0.7745966692414833,0.9989516733661649,1.2909944487358058,0.25779455334295104,0.9526565262634997,1.2896410648710628,0.1837620001022444,True,True,true,
6,911,4257716948,haar,identified_unknot,false,0_1,0_1,1,"{""2"": ""1"", ""3"": ""1"", ""4"": ""1""}",0,0,"1-a,1+a,2+c,2-c",----,2,0,0.6156071306943907,0.9921416202170267,1.041045363795153,1.3556962396492034,2.2022100980539476,0.6067727483640966,1.0603294777217795,1.0954451150103324,0.2751388716162418,1.3917584306163886,2.293706225878915,0.42905312500745124,0.7497661639890605,0.7745966692414834,0.9841218240623955,1.2909944487358056,0.5539052025973692,0.9679439555598167,1.2704958117443075,0.4520298515048532,True,True,true,
6,912,2549900324,haar,identified_unknot,false,0_1,0_1,1,"{""2"": ""1"", ""3"": ""1"", ""4"": ""1""}",0,0,"1+a,2+c,2-c,1-a",----,2,0,0.6201664278609641,1.0895144357806514,1.1135222078558815,1.344152761286747,2.1674065233148903,0.38622532007352256,1.0531509695000587,1.095445115010332,0.30145154741862906,1.3582137121176374,3.5166356049859324,0.2731025428899326,0.7446901921466783,0.7745966692414831,0.9604021261389346,1.290994448735806,0.35257386680653535,0.9613909040893627,1.23987381339943,0.2515092835647108,True,True,true,
6,913,2909075169,haar,identified_unknot,false,0_1,0_1,1,"{""2"": ""1"", ""3"": ""1"", ""4"": ""1""}",0,0,"1+a,2+c,2-c,1-a",----,2,0,0.4879430803552441,1.027216066471788,1.0891931452565147,1.3734715610837893,2.814819220479244,0.4879430803552441,1.065656586949782,1.0954451150103321,0.2537243360234518,1.3734715610837893,2.814819220479244,0.3450278609522455,0.7535329990483025,0.7745966692414833,0.9711910546092208,1.2909944487358058,0.4454290531485385,0.9728069187106019,1.2538022601623768,0.13801272011093596,True,True,true,
6,914,2538072375,haar,identified_unknot,false,0_1,0_1,1,"{""2"": ""1"", ""3"": ""1"", ""4"": ""1""}",0,0,"1+c,1-c",----,1,0,0.5696349345196716,0.9758652046005366,0.99990241256916,1.2653551763489113,2.2213440568140115,0.4581693980695554,1.0614100422045747,1.0954451150103324,0.27094044051651617,1.3949751335511553,3.044671118212443,0.32397468830714127,0.7505302384623543,0.7745966692414834,0.9863963765206316,1.2909944487358056,0.4182495241354323,0.9689303714632598,1.2734322463412489,0.39090266107699123,True,True,true,
6,915,3559921383,haar,identified_unknot,false,0_1,0_1,1,"{""2"": ""1"", ""3"": ""1"", ""4"": ""1""}",0,0,"1+c,2-a,3+a,4+c,2+a,3-a,4-c,1-c",----,4,0,0.9086410291400911,1.1284072198399455,1.1367247857514735,1.3182930579702066,1.4508403381451935,0.2957209058677456,1.0561867862153524,1.0954451150103324,0.290636323648793,1.3594765781220288,4.59716087414538,0.2091062578777116,0.7468368387325021,0.7745966692414834,0.9612951072543697,1.2909944487358056,0.26995501811604344,0.9641622129150579,1.2410266470622822,0.04837328832900352,True,True,true,
6,916,3973438204,haar,identified_unknot,false,0_1,0_1,1,"{""2"": ""1"", ""3"": ""1"", ""4"": ""1""}",0,0,"1-a,2-c,2+c,1+a",----,2,0,0.6479827382863359,0.9260066179007103,0.9617957707744416,1.3449505990030723,2.07559633850733,0.6479827382863359,1.070609798256638,1.0954451150103321,0.2319367583564117,1.3449505990030723,2.07559633850733,0.458192988334096,0.7570354483520303,0.7745966692414833,0.9510236889159814,1.2909944487358058,0.5915246043889878,0.9773285613186932,1.22776630300678,0.5700109754802047,True,True,true,
6,917,1976267239,haar,identified_unknot,false,0_1,0_1,1,"{""2"": ""1"", ""3"": ""1"", ""4"": ""1""}",0,0,"1+c,1-c",----,1,0,0.5415773203538002,1.0989726001023568,1.1368221776082506,1.4134771258865344,2.6099267320927355,0.5415773203538002,1.0665661342221042,1.0954451150103321,0.24987333057074457,1.4134771258865344,2.6099267320927355,0.38295299575901137,0.7541761460923713,0.7745966692414833,0.9994792607664397,1.2909944487358058,0.49439019165163023,0.9736372179742152,1.2903221772760405,0.06107157155726334,True,True,true,
6,918,1621018725,haar,identified_unknot,false,0_1,0_1,1,"{""2"": ""1"", ""3"": ""1"", ""4"": ""1""}",0,0,----,----,0,0,0.8184250652754909,1.0941239420551028,1.118990692797262,1.3707459337804646,1.6748582025882315,0.4970992462406276,1.062418042469671,1.0954451150103321,0.266960489651395,1.3976711478092374,2.8116541281832395,0.35150224793946916,0.7512430022852418,0.7745966692414833,0.9883027464846971,1.2909944487358058,0.4537874508080115,0.9698505456018673,1.2758933593820942,0.20961794764503955,True,True,true,
6,919,2549983218,haar,identified_unknot,false,0_1,0_1,1,"{""2"": ""1"", ""3"": ""1"", ""4"": ""1""}",0,0,----,----,0,0,0.7969791903760384,1.0566639430671496,1.0752291682328623,1.3849750054672127,1.7377806374263556,0.6339604138438607,1.0669440094593423,1.0954451150103321,0.24825487040302552,1.3960172991076194,2.2020575238179574,0.4482777076328239,0.7544433442350648,0.7745966692414833,0.9871332988527264,1.2909944487358058,0.5787240320459882,0.9739821692931451,1.274383608981133,0.3482066225496731,True,True,true,
6,920,2129066503,haar,identified_unknot,false,0_1,0_1,1,"{""2"": ""1"", ""3"": ""1"", ""4"": ""1""}",0,0,"1+a,1-a,2-c,2+c",----,2,0,0.8033007740319741,1.1167311396958677,1.1318643814801435,1.333143054970121,1.6595814395630815,0.46512715042469405,1.0640874200180597,1.0954451150103321,0.26022675219759556,1.3573798672505013,2.9182985039921174,0.3288945621792765,0.752423430470068,0.7745966692414833,0.9598125087789251,1.2909944487358058,0.42460105399283926,0.9713744718356094,1.2391126206607792,0.013243069663895175,True,True,true,
6,921,3818146573,haar,identified_unknot,false,0_1,0_1,1,"{""2"": ""1"", ""3"": ""1"", ""4"": ""1""}",0,0,"1+c,1-c",----,1,0,0.8351557022036316,1.0496046031726174,1.0596953662104855,1.2418855193772034,1.4870107646997794,0.6187674586364846,1.0737662729894857,1.0954451150103324,0.2168547693509869,1.4030066810770105,2.2674215676575407,0.4375346659794248,0.7592674130402709,0.7745966692414834,0.9920755382395859,1.2909944487358056,0.5648548249089124,0.9802100153409854,1.2807640125938917,0.48330618288745786,True,True,true,
6,922,4039447182,haar,identified_unknot,false,0_1,0_1,1,"{""2"": ""1"", ""3"": ""1"", ""4"": ""1""}",0,0,"1+c,2-c,2+c,1-c",----,2,0,0.6326180701324501,1.1112014093389853,1.1409057805882183,1.4097416556933458,2.228424577562558,0.6326180701324501,1.0679197209916418,1.095445115010332,0.24402350197703104,1.4097416556933458,2.228424577562558,0.44732852729180234,0.7551332764760357,0.7745966692414831,0.9968378844619158,1.290994448735806,0.5774986454948803,0.9748728679862426,1.2869121751298782,0.012790625469561882,True,True,true,
6,923,618801499,haar,identified_unknot,false,0_1,0_1,1,"{""2"": ""1"", ""3"": ""1"", ""4"": ""1""}",0,0,"1+c,1-c,2-a,2+a",----,2,0,0.6939396310829956,1.0517586291894059,1.0994915213516163,1.4025132799013051,2.0210883152940484,0.6939396310829956,1.0621678108488906,1.0954451150103321,0.2679543647647398,1.4025132799013051,2.0210883152940484,0.49068941887287726,0.7510660618093206,0.7745966692414833,0.9917266509223992,1.2909944487358058,0.633477315818283,0.9696221164296968,1.2803136010041696,0.24392614781960398,True,True,true,
6,924,1940546566,haar,identified_unknot,false,0_1,0_1,1,"{""2"": ""1"", ""3"": ""1"", ""4"": ""1""}",0,0,"1-c,1+c",----,1,0,0.8754169417783662,1.1545629059431446,1.1643644402103466,1.3597653122860225,1.5532773555007133,0.41956241389784477,1.05998679433656,1.0954451150103321,0.27645613726611934,1.3725474000060764,3.2713783564517884,0.296675427998163,0.7495238502435718,0.7745966692414833,0.9705375740442613,1.2909944487358058,0.38300633062194767,0.9676311298595386,1.2529586203806575,0.2621434849109347,True,True,true,
6,925,3225345093,haar,identified_unknot,false,0_1,0_1,1,"{""2"": ""1"", ""3"": ""1"", ""4"": ""1""}",0,0,"1-c,1+c",----,1,0,0.4920241456203442,0.9852779312839214,1.046365542104642,1.3772834107357343,2.799219150107471,0.33016539971205616,1.0462831866122457,1.0954451150103321,0.3244865072888626,1.3772834107357343,4.171495292774139,0.2334621930495619,0.7398339362949888,0.7745966692414833,0.9738864393469747,1.2909944487358058,0.3013983952166714,0.9551215047431901,1.2572819868960243,0.29423394918312334,True,True,true,
6,926,2452663751,haar,identified_unknot,false,0_1,0_1,1,"{""2"": ""1"", ""3"": ""1"", ""4"": ""1""}",0,0,"1+a,2+c,3+a,1-a,2-c,3-a",----,3,0,0.42505749260159514,1.0699874217629675,1.1249789449328649,1.3745491277132782,3.233795784424951,0.42505749260159514,1.0663788661784992,1.0954451150103321,0.25067132617804216,1.3745491277132782,3.233795784424951,0.30056103541273865,0.7540437275888386,0.7745966692414833,0.9719530092801127,1.2909944487358058,0.3880226282241315,0.973466266421245,1.2547859394126866,0.040781889589860836,True,True,true,
6,927,1281505335,haar,identified_unknot,false,0_1,0_1,1,"{""2"": ""1"", ""3"": ""1"", ""4"": ""1""}",0,0,"1-a,1+a",----,1,0,0.5970468864794024,0.9413175666624918,0.9592638988743143,1.1259081783541642,1.8857952429721063,0.5970468864794024,1.074113523816331,1.0954451150103321,0.21512818958672916,1.3707055883535717,2.295808954697329,0.4221759021159002,0.7595129564547058,0.7745966692414833,0.9692352165351068,1.2909944487358058,0.5450267460216581,0.9805270105259453,1.2512772840660695,0.5659641764184493,True,True,true,
6,928,899309179,haar,identified_unknot,false,0_1,0_1,1,"{""2"": ""1"", ""3"": ""1"", ""4"": ""1""}",0,0,"1+c,2+a,3-a,1-c,2-a,3+a",----,3,0,0.6808952188464392,1.0519977966933078,1.0765062269671963,1.3240915494098335,1.9446333485100487,0.5527907738362502,1.06771005142712,1.0954451150103324,0.2449392701905866,1.3872722310263674,2.5095792055265207,0.3908821047569716,0.7549850177051539,0.7745966692414834,0.9809496019105352,1.2909944487358056,0.504626627351418,0.9746814667360577,1.2664004905560993,0.22662634144338525,True,True,true,
6,929,181794551,haar,identified_unknot,false,0_1,0_1,1,"{""2"": ""1"", ""3"": ""1"", ""4"": ""1""}",0,0,"1-a,1+a,2+c,2-c",----,2,0,0.34812308504997846,0.9020362093281739,0.9620606363259293,1.207223855345421,3.467807528972419,0.34812308504997846,1.0573881531523683,1.0954451150103321,0.28623468268716695,1.35086967220514,3.8804369207839287,0.24616019412642098,0.7476863334403593,0.7745966692414833,0.9552091057155031,1.2909944487358058,0.31779144411693777,0.9652589058671326,1.233169652860608,0.3481230844977048,True,True,true,
6,930,1687732115,haar,identified_unknot,false,0_1,0_1,1,"{""2"": ""1"", ""3"": ""1"", ""4"": ""1""}",0,0,"1-a,2+a,2-a,1+a",----,2,0,0.5433533208923186,1.0183229118405612,1.0783169855898003,1.412442367111239,2.5994915514488146,0.16997395549469446,1.0392265309895052,1.0954451150103321,0.3464220219436389,1.412442367111239,8.309757591981947,0.12018973655539887,0.7348441272516508,0.7745966692414833,0.998747575819536,1.2909944487358058,0.1551642826880389,0.9486796889679892,1.2893775760713644,0.04345971898755166,True,True,true,
6,931,1950064866,haar,identified_unknot,false,0_1,0_1,1,"{""2"": ""1"", ""3"": ""1"", ""4"": ""1""}",0,0,"1-a,2+a,3+c,1+a,2-a,3-c",----,3,0,0.6166604081753733,1.0276882778952057,1.0576966282605613,1.3224088516210148,2.1444685504196217,0.4415134523917715,1.0572240821449428,1.0954451150103321,0.2868400950578266,1.3621093021291861,3.0850912803457127,0.3121971561713055,0.7475703177184125,0.7745966692414833,0.9631567242528233,1.2909944487358058,0.40304479552826084,0.9651091302141332,1.2434299842729581,0.04698732703742877,True,True,true,
6,932,706334686,haar,identified_unknot,false,0_1,0_1,1,"{""2"": ""1"", ""3"": ""1"", ""4"": ""1""}",0,0,"1-c,1+c",----,1,0,0.3167983888269522,0.9337816844439621,0.982347101272827,1.2847692250967249,4.0554790378006516,0.3167983888269522,1.0602248448138232,1.0954451150103321,0.2755417907314682,1.3987891127469305,4.415392129759234,0.2240102890085105,0.7496921773503094,0.7745966692414833,0.9890932670732687,1.2909944487358058,0.28919603956969053,0.9678484392199085,1.2769139170735517,0.27901455171154366,True,True,true,
6,933,1082896209,haar,identified_unknot,false,0_1,0_1,1,"{""2"": ""1"", ""3"": ""1"", ""4"": ""1""}",0,0,"1+c,2+a,2-a,1-c",----,2,0,0.7882105589515985,1.1025072378134018,1.1249635425322546,1.3924614743235297,1.7666110387757903,0.19722313105792183,1.03721970960347,1.0954451150103321,0.3523851217206731,1.4015373999395822,7.106354069229178,0.1394578133778997,0.7334250902409553,0.7745966692414833,0.9910365995838408,1.2909944487358058,0.1800392629037025,0.9468477200646305,1.279422748556748,0.19128374700069153,True,True,true,
6,934,4010197090,haar,identified_unknot,false,0_1,0_1,1,"{""2"": ""1"", ""3"": ""1"", ""4"": ""1""}",0,0,"1+c,1-c",----,1,0,0.8163101027297933,1.0662603980960748,1.0810908409281512,1.3375808402118767,1.6385695040878714,0.6006043235425771,1.0617511796688344,1.0954451150103321,0.26960050532563584,1.3968087426083984,2.3256721403028298,0.4246913899869154,0.7507714590766491,0.7745966692414833,0.9876929339190532,1.2909944487358058,0.548274226899001,0.9692417859372354,1.2751060947450787,0.3473806308412182,True,True,true,
6,935,2159138205,haar,identified_unknot,false,0_1,0_1,1,"{""2"": ""1"", ""3"": ""1"", ""4"": ""1""}",0,0,----,----,0,0,0.6228870076011253,0.9866628909853205,1.0254228580985454,1.3434373830030226,2.1567914671665656,0.6228870076011253,1.0614515613207192,1.0954451150103321,0.2707777372122889,1.3846755797212411,2.2229964067703563,0.4404476269877522,0.750559596910929,0.7745966692414833,0.9791134921643034,1.2909944487358058,0.5686154414000469,0.9689682730573934,1.2640300830664446,0.5384451484728559,True,True,true,
6,936,1903427132,haar,identified_unknot,false,0_1,0_1,1,"{""2"": ""1"", ""3"": ""1"", ""4"": ""1""}",0,0,"1+a,2+c,3+a,1-a,2-c,3-a",----,3,0,0.9146513418962198,1.1033620411259546,1.1122226717654748,1.3718827172874626,1.499896905462718,0.5805363928693585,1.0608716785891141,1.0954451150103321,0.27304080568207223,1.3892949860976134,2.393122986193657,0.4105012201235011,0.7501495578991181,0.7745966692414833,0.9823799057380926,1.2909944487358058,0.5299547963787149,0.9684389149693805,1.2682470048574817,0.04199283022109095,True,True,true,
6,937,2989710222,haar,identified_unknot,false,0_1,0_1,1,"{""2"": ""1"", ""3"": ""1"", ""4"": ""1""}",0,0,"1-c,1+c",----,1,0,0.7264749878453824,1.0734974531486248,1.0973348867069752,1.3903504927921597,1.9138311931643153,0.29298572327490957,1.042548238766588,1.0954451150103324,0.336293279511627,1.3990947361127268,4.775300040131823,0.20717219171853382,0.7371929293459463,0.7745966692414834,0.9893093754277124,1.2909944487358056,0.2674581494410572,0.9517119794329036,1.2771929117594636,0.10403172303731334,True,True,true,
6,938,190528342,haar,identified_unknot,false,0_1,0_1,1,"{""2"": ""1"", ""3"": ""1"", ""4"": ""1""}",0,0,"1+c,2+a,2-a,1-c",----,2,0,1.0003263631998256,1.162302498784422,1.1692412364001594,1.3419948854042645,1.3415570505524976,0.2506522327352785,1.0533933768780332,1.0954451150103321,0.300603382465158,1.3729868868185948,5.477656719174924,0.17723789348666413,0.7448616000474538,0.7745966692414833,0.9708483381496351,1.2909944487358058,0.22881313659691144,0.9616121907377326,1.2533598151155614,0.08051510538215705,True,True,true,
6,939,2825825948,haar,identified_unknot,false,0_1,0_1,1,"{""2"": ""1"", ""3"": ""1"", ""4"": ""1""}",0,0,"1-c,2+c,2-c,1+c",----,2,0,0.6873532405081838,1.0461701956995466,1.0699163332478532,1.3616110343025847,1.9809480105104313,0.6873532405081838,1.0741828220223013,1.0954451150103321,0.2147819007090795,1.3921982528122259,2.0254480095022553,0.4860321374338847,0.7595619576860715,0.7745966692414833,0.9844328253195883,1.2909944487358058,0.6274647913343433,0.9805902708436192,1.2708973126408938,0.26469241060823523,True,True,true,
6,940,263374348,haar,identified_unknot,false,0_1,0_1,1,"{""2"": ""1"", ""3"": ""1"", ""4"": ""1""}",0,0,"1-c,1+c",----,1,0,0.5695296386351185,1.0479243243595386,1.1002243945362695,1.3737667036897534,2.4121074839616674,0.5695296386351185,1.0697567275087219,1.0954451150103324,0.2358400813047481,1.3737667036897534,2.4121074839616674,0.4027182695656162,0.7564322362413469,0.7745966692414834,0.9713997519473151,1.2909944487358056,0.5199070504137002,0.9765498178323903,1.2540716872673223,0.3664939691159297,True,True,true,
6,941,2052443489,haar,identified_unknot,false,0_1,0_1,1,"{""2"": ""1"", ""3"": ""1"", ""4"": ""1""}",0,0,----,----,0,0,0.6679374939609817,0.980958019321109,1.0111042602789073,1.2371578834252497,1.8522060740874051,0.6679374939609817,1.0691313830569198,1.0954451150103321,0.23865893187307702,1.4050870909225937,2.1036206286162957,0.47230313138855873,0.7559900509389003,0.7745966692414833,0.993546610149045,1.2909944487358058,0.6097407207431672,0.9759789590616194,1.2826631582626948,0.5524229754510094,True,True,true,
6,942,3119582160,haar,identified_unknot,false,0_1,0_1,1,"{""2"": ""1"", ""3"": ""1"", ""4"": ""1""}",0,0,"1-a,2-c,3+c,4+a,5+c,1+a,2+c,3-c,4-a,5-c",----,5,0,0.9048505426552125,1.1982447978061612,1.2091234500247399,1.3826848977344666,1.5280809731042289,0.6424041690949938,1.072020337638172,1.0954451150103324,0.2253273079103813,1.3826848977344666,2.152359782599739,0.4542483442295796,0.7580328503138437,0.7745966692414834,0.9777058674322692,1.2909944487358056,0.5864320907478185,0.978616201714552,1.262212847351485,0.05359817319237985,True,True,true,
6,943,3265348382,haar,identified_unknot,false,0_1,0_1,1,"{""2"": ""1"", ""3"": ""1"", ""4"": ""1""}",0,0,"1+a,2+c,2-c,1-a",----,2,0,0.4988643032509052,0.9285783552780916,0.9685245622372902,1.296408259376219,2.5987192327212614,0.4988643032509052,1.064130286558695,1.0954451150103324,0.26005140497315027,1.3417976991200982,2.689704776180863,0.35275033172061726,0.7524537416916373,0.7745966692414834,0.9487942520283281,1.2909944487358056,0.4553987200410308,0.9714136034543892,1.2248881123610125,0.49886430325090514,True,True,true,
6,944,1074503343,haar,identified_unknot,false,0_1,0_1,1,"{""2"": ""1"", ""3"": ""1"", ""4"": ""1""}",0,0,"1+c,1-c,2+c,2-c",----,2,0,0.2763220892223642,0.9725190610119151,1.0779852478797085,1.4030367774790504,5.077541145651903,0.14023060991361722,1.0214133471194746,1.0954451150103321,0.39587216917357476,1.4030367774790504,10.00521054813445,0.09915801519984423,0.7222483041426294,0.7745966692414833,0.9920968196095576,1.2909944487358058,0.12801244717065954,0.9324185512569848,1.280791486724387,0.06311485442599894,True,True,true,
6,945,1163826206,haar,identified_unknot,false,0_1,0_1,1,"{""2"": ""1"", ""3"": ""1"", ""4"": ""1""}",0,0,"1-c,1+c",----,1,0,0.28234350483442044,0.9589764535906271,1.0437387999153127,1.4035731094901271,4.971154233964931,0.28234350483442044,1.0542507617278998,1.0954451150103321,0.2975824783083551,1.4035731094901271,4.971154233964931,0.19964700689239545,0.745467862688881,0.7745966692414833,0.9924760636115574,1.2909944487358058,0.2577431776048017,0.9623948724422916,1.2812810886256851,0.15629383585682843,True,True,true,
6,946,4177107208,haar,identified_unknot,false,0_1,0_1,1,"{""2"": ""1"", ""3"": ""1"", ""4"": ""1""}",0,0,"1-a,2-c,2+c,1+a",----,2,0,0.6416163127493777,0.9788213766420694,1.0002010151589087,1.3258552010781428,2.0664300061149414,0.4550369767597717,1.0636615017331381,1.0954451150103321,0.26196222958816995,1.3911389988381568,3.0571998977845327,0.32175973195746,0.7521222607625686,0.7745966692414833,0.9836838196515253,1.2909944487358058,0.4153900277838017,0.9709856634151005,1.2699303504813526,0.08761512145026436,True,True,true,
6,947,557034509,haar,identified_unknot,false,0_1,0_1,1,"{""2"": ""1"", ""3"": ""1"", ""4"": ""1""}",0,0,"1-c,1+c",----,1,0,0.43819376632306745,0.9759814038659412,1.0233989751084447,1.410449616146932,3.2187806503551415,0.43819376632306745,1.060103506716294,1.0954451150103321,0.2760082517748625,1.410449616146932,3.2187806503551415,0.30984978364071436,0.7496063783587302,0.7745966692414833,0.9973384880994585,1.2909944487358058,0.40001435062215274,0.967737673198073,1.2875584516469625,0.3726721109597391,True,True,true,
6,948,2894224323,haar,identified_unknot,false,0_1,0_1,1,"{""2"": ""1"", ""3"": ""1"", ""4"": ""1""}",0,0,"1+c,2+a,2-a,1-c",----,2,0,0.767859834298193,1.160769785537281,1.1755581392752363,1.3224847698382878,1.722299709877402,0.3954137063748173,1.0620166747244473,1.0954451150103321,0.26855275572451015,1.38620354043812,3.505704324584342,0.2795997131517397,0.7509591924308445,0.7745966692414833,0.9801939235485952,1.2909944487358058,0.36096167754701963,0.9694841486553436,1.2654249139858054,0.25772779397501105,True,True,true,
6,949,1561978269,haar,identified_unknot,false,0_1,0_1,1,"{""2"": ""1"", ""3"": ""1"", ""4"": ""1""}",0,0,"1-a,1+a",----,1,0,0.45642516434944674,0.9336441233377872,0.9789587902189727,1.3297590650075133,2.913421890098565,0.45642516434944674,1.0559024099262435,1.0954451150103321,0.29166779169450807,1.409874305662455,3.088949549203715,0.3227413288156782,0.7466357543300645,0.7745966692414833,0.9969316821545972,1.2909944487358058,0.4166572638786579,0.963902614067784,1.2870332674304337,0.33135563421170733,True,True,true,
6,950,3222579103,haar,identified_unknot,false,0_1,0_1,1,"{""2"": ""1"", ""3"": ""1"", ""4"": ""1""}",0,0,----,----,0,0,0.5953216180287552,1.007439745047504,1.0495600463599546,1.3887305116067183,2.3327399334247594,0.2954210234638645,1.0470086013958975,1.0954451150103324,0.32213815142420976,1.391513272569093,4.71027165315911,0.20889420899636874,0.740346882007682,0.7745966692414834,0.9839484711446903,1.2909944487358056,0.2696812641873692,0.9557837148107797,1.2702720140898782,0.2863988961123459,True,True,true,
6,951,2320943790,haar,identified_unknot,false,0_1,0_1,1,"{""2"": ""1"", ""3"": ""1"", ""4"": ""1""}",0,0,"1+a,2+c,3+a,1-a,2-c,3-a",----,3,0,0.8108860058788472,1.1684343185026531,1.1817342423105799,1.3310047972916328,1.6414203570439905,0.5054088226479498,1.0666411348579996,1.0954451150103321,0.24955297920249095,1.3365268102887575,2.6444469316669124,0.3573780057658745,0.7542291795506062,0.7745966692414833,0.9450671707928067,1.2909944487358058,0.4613730215440167,0.973705683874394,1.220076471175967,0.13463092409802582,True,True,true,
6,952,2422729738,haar,identified_unknot,false,0_1,0_1,1,"{""2"": ""1"", ""3"": ""1"", ""4"": ""1""}",0,0,"1+c,2+a,2-a,1-c",----,2,0,0.6780334032707692,1.1385875126103369,1.1614334168442357,1.356528568923039,2.0006810319067956,0.5146827997900988,1.0568075894935245,1.0954451150103321,0.2883708008604297,1.3808889713205017,2.682990323134297,0.36393569789165703,0.7472758129402803,0.7745966692414833,0.9764359556864426,1.2909944487358058,0.4698389656749205,0.9647289261804387,1.2605733983372387,0.03636443284722232,True,True,true,
6,953,3796056509,haar,identified_unknot,false,0_1,0_1,1,"{""2"": ""1"", ""3"": ""1"", ""4"": ""1""}",0,0,----,----,0,0,0.8620724232777932,1.0883715114725556,1.1007934978323932,1.359243609309122,1.5767162625861202,0.440062563293379,1.0658662376042911,1.095445115010332,0.2528421711963263,1.4131811990918526,3.211318837293867,0.31117122265108255,0.7536812444477861,0.7745966692414831,0.9992700089231854,1.290994448735806,0.40172032104888106,0.972998302698386,1.2900520343080117,0.32067421348147507,True,True,true,
6,954,3338544899,haar,identified_unknot,false,0_1,0_1,1,"{""2"": ""1"", ""3"": ""1"", ""4"": ""1""}",0,0,"1+a,1-a",----,1,0,0.3121206870504599,0.9356594152075175,1.0289389436954641,1.3911018028635198,4.456935604010839,0.3121206870504599,1.0445799203377462,1.0954451150103324,0.3299284619840916,1.397150168753665,4.47631389625831,0.2207026543619844,0.7386295451621239,0.7745966692414834,0.9879343586616456,1.2909944487358056,0.28492590160257913,0.9535666424765548,1.2754177727475529,0.31212068705045987,True,True,true,
6,955,3528926608,haar,identified_unknot,false,0_1,0_1,1,"{""2"": ""1"", ""3"": ""1"", ""4"": ""1""}",0,0,"1-c,1+c",----,1,0,0.7478571649824659,1.0846916593401124,1.1037619487464188,1.2808222101315927,1.7126561997458734,0.27524886921069824,1.0517312664913165,1.0954451150103321,0.3063679863898502,1.408379640505355,5.116749959932678,0.19463034193281384,0.7436863105219258,0.7745966692414833,0.9958747942864085,1.2909944487358058,0.2512666909908144,0.9600948984846188,1.285668831059666,0.061794952135733654,True,True,true,
6,956,2335024843,haar,identified_unknot,false,0_1,0_1,1,"{""2"": ""1"", ""3"": ""1"", ""4"": ""1""}",0,0,"1-c,1+c",----,1,0,0.3433379500268792,0.9985863361267208,1.0753030747901644,1.4059276487348809,4.094879836688061,0.2944755657013225,1.0371846864941208,1.0954451150103321,0.3524881928548703,1.4059276487348809,4.774343994845637,0.20822566940114984,0.733400325162836,0.7745966692414833,0.9941409742780926,1.2909944487358058,0.26881818328118157,0.9468157484862564,1.2834304790538231,0.1259360715501022,True,True,true,
6,957,877157370,haar,identified_unknot,false,0_1,0_1,1,"{""2"": ""1"", ""3"": ""1"", ""4"": ""1""}",0,0,"1+a,2+c,3-c,4-a,5-a,5+a,6-c,1-a,2-c,3+c,4+a,6+c",----,6,0,0.7240529416059532,1.1686775855101228,1.1881894983297097,1.4085551433397896,1.945375900573799,0.14699406916563898,1.0447219602370252,1.0954451150103324,0.3294784147687186,1.4085551433397896,9.582394387303964,0.10394050310122771,0.7387299825381032,0.7745966692414834,0.9959988935307547,1.2909944487358056,0.13418661250249175,0.9536963065713898,1.2858290424952088,0.06846917410709266,True,True,true,
6,958,2120533753,haar,identified_unknot,false,0_1,0_1,1,"{""2"": ""1"", ""3"": ""1"", ""4"": ""1""}",0,0,"1+c,1-c",----,1,0,0.588657716875179,0.9489548491489992,1.005163808875399,1.3456524653878335,2.2859675951095535,0.588657716875179,1.0619821513390033,1.0954451150103324,0.2686892447370804,1.3735316368983035,2.3333281761590356,0.4162438634002298,0.7509347807108876,0.7745966692414834,0.971233534625049,1.2909944487358056,0.5373685169700416,0.9694526332603952,1.253857101626993,0.510059374667537,True,True,true,
6,959,3740499962,haar,identified_unknot,false,0_1,0_1,1,"{""2"": ""1"", ""3"": ""1"", ""4"": ""1""}",0,0,"1-a,1+a",----,1,0,0.6876102495537588,1.0710598890811949,1.1035902879354003,1.3444796871609197,1.955293261020254,0.44323261172603695,1.0635554225884418,1.0954451150103321,0.26239257436657887,1.3805589335169626,3.114750352282943,0.3134127853945048,0.7520472514800114,0.7745966692414833,0.9762025837175122,1.2909944487358058,0.4046141661071321,0.9708888268477153,1.260272116420859,0.1276408308555069,True,True,true,
6,960,3117413928,haar,identified_unknot,false,0_1,0_1,1,"{""2"": ""1"", ""3"": ""1"", ""4"": ""1""}",0,0,"1+c,2-c,3-a,1-c,2+c,3+a",----,3,0,0.5596231577759199,1.116944960790384,1.148077488032307,1.3434289584793184,2.4005957219826923,0.30709536894675776,1.0441770047625267,1.0954451150103321,0.33120142319313517,1.3806326254984014,4.495778071266736,0.2171492178532371,0.7383446408266405,0.7745966692414833,0.9762546918173066,1.2909944487358058,0.28033843479585124,0.9531988325610253,1.2603393876884277,0.094068777435393,True,True,true,
6,961,4151153203,haar,identified_unknot,false,0_1,0_1,1,"{""2"": ""1"", ""3"": ""1"", ""4"": ""1""}",0,0,"1-c,2-a,2+a,1+c",----,2,0,0.6892144805386836,1.0524832439836733,1.067685735625558,1.2023120965875165,1.7444672602464772,0.5219807167589797,1.0680296282273019,1.0954451150103321,0.2435420153251818,1.3740854768548565,2.6324449021539795,0.3690961044688891,0.7552109926276723,0.7745966692414833,0.9716251586140198,1.2909944487358058,0.47650102191934685,0.9749731991065828,1.2543626860227464,0.3204771464873467,True,True,true,
6,962,765380277,haar,identified_unknot,false,0_1,0_1,1,"{""2"": ""1"", ""3"": ""1"", ""4"": ""1""}",0,0,----,----,0,0,0.5489233220030248,1.1008490745205552,1.1374314673224875,1.3630036989965182,2.483049351998579,0.47545450936295863,1.0640228760842043,1.0954451150103324,0.2604905356620432,1.3630036989965182,2.8667383990589324,0.33619710771627087,0.7523777910167544,0.7745966692414834,0.9637891583427858,1.2909944487358056,0.4340285997427394,0.9713155515547379,1.2442464531722908,0.053215946517348824,True,True,true,
6,963,979054655,haar,identified_unknot,false,0_1,0_1,1,"{""2"": ""1"", ""3"": ""1"", ""4"": ""1""}",0,0,"1+a,1-a",----,1,0,0.7103447781920723,1.0683624783764742,1.0899527128292155,1.355968848978953,1.9088883181911818,0.504092387712914,1.0676066363775794,1.0954451150103321,0.24538962888139956,1.3867364434465388,2.7509569222781045,0.35644714569631974,0.754911892222347,0.7745966692414833,0.9805707428795628,1.2909944487358058,0.4601712863616717,0.9745870621436928,1.2659113856502606,0.15501167219659087,True,True,true,
6,964,752827164,haar,identified_unknot,false,0_1,0_1,1,"{""2"": ""1"", ""3"": ""1"", ""4"": ""1""}",0,0,"1+c,2+a,3+c,3-c,2-a,1-c",----,3,0,0.50689669711446,1.047385236740172,1.0929456953449974,1.3625884493091995,2.6880988908900307,0.4505798666610219,1.0609254904299752,1.0954451150103321,0.2728316399465375,1.3625884493091995,3.0240775279342333,0.31860807918213896,0.7501876086166991,0.7745966692414833,0.9634955324729972,1.2909944487358058,0.41132126154651943,0.9684880382345479,1.2438673838043888,0.15790148690459269,True,True,true,
6,965,3936299633,haar,identified_unknot,false,0_1,0_1,1,"{""2"": ""1"", ""3"": ""1"", ""4"": ""1""}",0,0,"1-c,1+c",----,1,0,0.704898056490187,0.9992495692528047,1.018092382612361,1.2580100833995944,1.784669530319676,0.6120849607978721,1.069468265372471,1.0954451150103324,0.23714474348211506,1.3896619614795624,2.2703742952091064,0.43280942644247744,0.7562282627086884,0.7745966692414834,0.9826393965191973,1.2909944487358056,0.5587545668977664,0.9762864891340389,1.2685820060153858,0.3066155032594629,True,True,true,
6,966,3118753890,haar,identified_unknot,false,0_1,0_1,1,"{""2"": ""1"", ""3"": ""1"", ""4"": ""1""}",0,0,"1-a,2-c,2+c,1+a",----,2,0,0.6195848948142433,0.9486316268130236,0.9846115122133974,1.3537079916771633,2.1848628057386974,0.6195848948142433,1.065813313560015,1.0954451150103321,0.25306517073319423,1.3537079916771633,2.1848628057386974,0.4381126806439052,0.7536438214971907,0.7745966692414833,0.9572161006613445,1.2909944487358058,0.5656010386320445,0.9729499898769116,1.2357606721943302,0.38578846104263176,True,True,true,
6,967,1609729484,haar,identified_unknot,false,0_1,0_1,1,"{""2"": ""1"", ""3"": ""1"", ""4"": ""1""}",0,0,----,----,0,0,0.2744381259807037,1.0299715044626498,1.089682783298868,1.3913190651217762,5.069700356500768,0.06836438614529411,1.0106702188284686,1.0954451150103321,0.4225466941927422,1.4084863068278368,20.602632251160653,0.04834092103499312,0.714651765276902,0.7745966692414833,0.9959502187663596,1.2909944487358058,0.06240786070295206,0.9226114617517247,1.2857662036445816,0.06499600050542709,True,True,true,
6,968,4240959233,haar,identified_unknot,false,0_1,0_1,1,"{""2"": ""1"", ""3"": ""1"", ""4"": ""1""}",0,0,"1+c,1-c",----,1,0,0.3852120791787333,1.0255387952443824,1.0721496187222175,1.371346692839006,3.559978429966936,0.3852120791787333,1.0590229975686505,1.0954451150103321,0.28012549084421123,1.408782755041462,3.6571614214304153,0.27238607338225157,0.7488423430132973,0.7745966692414833,0.9961598393084846,1.2909944487358058,0.3516489086494306,0.966751307808481,1.2860368226008059,0.07367124447929775,True,True,true,
6,969,984139186,haar,identified_unknot,false,0_1,0_1,1,"{""2"": ""1"", ""3"": ""1"", ""4"": ""1""}",0,0,"1-c,1+c",----,1,0,0.48538925356095314,1.0865669102702495,1.1262748942283796,1.3555588184473384,2.7927252375337415,0.48538925356095314,1.0562321120975333,1.095445115010332,0.29047155691045473,1.3852967330197374,2.853991354066469,0.3432220327080265,0.7468688889711553,0.7745966692414831,0.9795527138738266,1.290994448735806,0.44309773890988147,0.9642035895952407,1.2645971158552034,0.061115725378163906,True,True,true,
6,970,2583580040,haar,identified_unknot,false,0_1,0_1,1,"{""2"": ""1"", ""3"": ""1"", ""4"": ""1""}",0,0,"1+a,2+c,3-c,1-a,2-c,3+c",----,3,0,0.8533869734164862,1.0722469363006473,1.0826890557163102,1.1895811924606179,1.3939528367748542,0.4341666399181884,1.067722801797282,1.0954451150103321,0.24488368365851196,1.349244928294113,3.1076660531733995,0.307002175251129,0.754994033578358,0.7745966692414833,0.9540602382783243,1.2909944487358058,0.3963381039990245,0.9746931061783146,1.231686471376877,0.015578825664579094,True,True,true,
6,971,4187279326,haar,identified_unknot,false,0_1,0_1,1,"{""2"": ""1"", ""3"": ""1"", ""4"": ""1""}",0,0,"1-c,1+c,2-c,3-a,3+a,2+c",----,3,0,0.9076222711465607,1.1494172646657719,1.1586101663681492,1.2812861401282702,1.4116953504343561,0.6783870708296345,1.0709913252428638,1.0954451150103324,0.23016859311064697,1.3570527264682515,2.0004106576038394,0.47969209805291324,0.7573052286711962,0.7745966692414834,0.9595811853133935,1.2909944487358056,0.6192798356887427,0.977676846213114,1.2388139833509153,0.07883954519911131,True,True,true,
6,972,1575959982,haar,identified_unknot,false,0_1,0_1,1,"{""2"": ""1"", ""3"": ""1"", ""4"": ""1""}",0,0,----,----,0,0,0.6719781635777776,1.1070454007200123,1.1354993120658132,1.3572358980833024,2.0197619084183382,0.5842003435007151,1.0585620403566895,1.095445115010332,0.2818623896795776,1.3818832361182323,2.3654269489770345,0.41309202446086607,0.7485163970428829,0.7745966692414831,0.977139007067213,1.290994448735806,0.5332995103960139,0.9663305133700884,1.2614810337669895,0.1969454010210212,True,True,true,
6,973,1648027385,haar,identified_unknot,false,0_1,0_1,1,"{""2"": ""1"", ""3"": ""1"", ""4"": ""1""}",0,0,"1+c,2+a,2-a,1-c",----,2,0,0.852549427097693,1.1195421283274622,1.130902910082823,1.3498868244740465,1.5833531541618924,0.39459172955237265,1.0618156613199194,1.0954451150103321,0.26934643375352446,1.3498868244740465,3.4209709007468723,0.27901848776661087,0.7508170544893935,0.7745966692414833,0.954514127419973,1.2909944487358058,0.360211318801354,0.969300649361976,1.2322724397390867,0.13769701397966078,True,True,true,
6,974,4145781984,haar,identified_unknot,false,0_1,0_1,1,"{""2"": ""1"", ""3"": ""1"", ""4"": ""1""}",0,0,"1-a,1+a",----,1,0,0.45598696904883856,0.8819303566251747,0.9379399710876551,1.2918313054274004,2.8330443480042486,0.45598696904883856,1.0593165880874895,1.0954451150103321,0.2790132007677775,1.341934390031816,2.942922673494399,0.32243147794713406,0.7490499428600605,0.7745966692414833,0.9488909070989303,1.2909944487358058,0.4162572481274315,0.9670193180582106,1.2250128935206022,0.4128309368622869,True,True,true,
6,975,3081935291,haar,identified_unknot,false,0_1,0_1,1,"{""2"": ""1"", ""3"": ""1"", ""4"": ""1""}",0,0,"1+a,1-a",----,1,0,0.7970954640791815,1.1078387538492582,1.1276574082218227,1.3636678630291332,1.7107961649292107,0.4594483162883044,1.0573353524863616,1.0954451150103321,0.2864296639360906,1.3636678630291332,2.9680549796017317,0.3248790200522017,0.7476489977313747,0.7745966692414833,0.9642587932340682,1.2909944487358058,0.41941701139812093,0.9652107056740938,1.244852749209869,0.23210525669610296,True,True,true,
6,976,1800119540,haar,identified_unknot,false,0_1,0_1,1,"{""2"": ""1"", ""3"": ""1"", ""4"": ""1""}",0,0,"1+c,2+a,2-a,1-c",----,2,0,0.37614812947617543,0.9068786663452176,0.9809536294907335,1.3689146600869926,3.639296736616358,0.37614812947617543,1.0557602082795912,1.0954451150103321,0.2921821052245237,1.374633351386532,3.654500032476166,0.26597689308323913,0.7465352025814207,0.7745966692414833,0.972012564410607,1.2909944487358058,0.3433746924624586,0.9637728023184741,1.2548628247555484,0.37614812947617543,True,True,true,
6,977,1412112315,haar,identified_unknot,false,0_1,0_1,1,"{""2"": ""1"", ""3"": ""1"", ""4"": ""1""}",0,0,"1+c,1-c",----,1,0,0.5355799596482487,1.0123223852302188,1.056421863462988,1.3985351656218303,2.6112537267830973,0.5355799596482487,1.0712608431540438,1.0954451150103321,0.2289109126382722,1.3985351656218303,2.6112537267830973,0.3787122213348941,0.7574958066138427,0.7745966692414833,0.9889136993390475,1.2909944487358058,0.48891537541175406,0.9779228812791226,1.2766820961255,0.11920250327291688,True,True,true,
6,978,2706806044,haar,identified_unknot,false,0_1,0_1,1,"{""2"": ""1"", ""3"": ""1"", ""4"": ""1""}",0,0,"1+a,1-a",----,1,0,0.6407924276680412,0.9963866695092408,1.0240863989344244,1.3025331685988937,2.0326912621908564,0.6407924276680412,1.0682043929734495,1.0954451150103321,0.24277432902229246,1.3629111836617738,2.1269152455837412,0.4531086709370622,0.7553345699647858,0.7745966692414833,0.9637237401222243,1.2909944487358058,0.5849607788538063,0.9751327367627856,1.2441619986127,0.4645839742417426,True,True,true,
6,979,2873657529,haar,identified_unknot,false,0_1,0_1,1,"{""2"": ""1"", ""3"": ""1"", ""4"": ""1""}",0,0,"1-a,2+a,3+c,4+a,5+c,1+a,2-a,3-c,4-a,5-c",----,5,0,0.34414566907055505,1.0240163338885238,1.085810658771813,1.4116834550247903,4.101993957492965,0.34414566907055505,1.0457246279236265,1.0954451150103321,0.32628209045853673,1.4116834550247903,4.101993957492965,0.24334773631577095,0.7394389756585755,0.7745966692414833,0.9982109439368837,1.2909944487358058,0.31416057669608494,0.9546116127541118,1.2886847872898455,0.1813867659066723,True,True,true,
6,980,624907810,haar,identified_unknot,false,0_1,0_1,1,"{""2"": ""1"", ""3"": ""1"", ""4"": ""1""}",0,0,"1+a,1-a,2+a,2-a",----,2,0,0.4838079073962373,1.0830066252911776,1.1256674415502177,1.3492137064328167,2.7887384348346638,0.4838079073962373,1.0696031046062366,1.0954451150103321,0.23653582945655396,1.3492137064328167,2.7887384348346638,0.3421038521115526,0.756323608445254,0.7745966692414833,0.9540381610884804,1.2909944487358058,0.44165417396714945,0.976409579950656,1.2316579698473447,0.01623095988361829,True,True,true,
6,981,1813726638,haar,identified_unknot,false,0_1,0_1,1,"{""2"": ""1"", ""3"": ""1"", ""4"": ""1""}",0,0,"1-c,2-a,2+a,1+c",----,2,0,0.978731453285397,1.1339922724885343,1.1430584338611394,1.375186010058251,1.405069802796302,0.4449755296991048,1.0728650488473357,1.0954451150103324,0.22127039332410559,1.3847443180695058,3.111956109150268,0.314645214512313,0.7586301513379876,0.7745966692414834,0.979162097516489,1.2909944487358056,0.40620522525668273,0.9793873140209458,1.2640928323062948,0.2774245288407743,True,True,true,
6,982,2569872874,haar,identified_unknot,false,0_1,0_1,1,"{""2"": ""1"", ""3"": ""1"", ""4"": ""1""}",0,0,"1+c,2+a,3+c,3-c,2-a,1-c",----,3,0,0.9306782641797535,1.0883914792518101,1.0993171548133092,1.3804965845957422,1.48332311791168,0.5672906545623935,1.064623781513013,1.0954451150103321,0.25802364976283054,1.412251381093162,2.489467030234385,0.40113506874482363,0.7528026953203169,0.7745966692414833,0.998612528311042,1.2909944487358058,0.5178631469428232,0.9718641006518813,1.289203230487583,0.3726347380974004,True,True,true,
6,983,2627582341,haar,identified_unknot,false,0_1,0_1,1,"{""2"": ""1"", ""3"": ""1"", ""4"": ""1""}",0,0,"1+a,2+c,2-c,1-a",----,2,0,0.9505080011025295,1.0804771200618442,1.0856176379053712,1.2659801208458066,1.3318984368120512,0.5535375271727423,1.0748032925410635,1.0954451150103321,0.2116551023313374,1.396401073610581,2.5226854640603373,0.3914101391050789,0.7600006965974146,0.7745966692414833,0.9874046684062171,1.2909944487358058,0.5053083167635664,0.9811566803426076,1.2747339455682454,0.3788986001143179,True,True,true,
6,984,319903723,haar,identified_unknot,false,0_1,0_1,1,"{""2"": ""1"", ""3"": ""1"", ""4"": ""1""}",0,0,"1+a,1-a",----,1,0,0.5050303707928813,1.0337192662754677,1.0707152659304056,1.3939774229845658,2.76018533458902,0.5050303707928813,1.073212086629402,1.0954451150103324,0.21958100353301294,1.3939774229845658,2.76018533458902,0.35711039989280285,0.7588755441070145,0.7745966692414834,0.9856908886133348,1.2909944487358056,0.46102754384743205,0.9797041147235197,1.2725214653692785,0.15135563796646392,True,True,true,
6,985,3637698959,haar,identified_unknot,false,0_1,0_1,1,"{""2"": ""1"", ""3"": ""1"", ""4"": ""1""}",0,0,"1-a,1+a",----,1,0,0.8877637422002872,1.0257300011265098,1.0303267641785239,1.1485869172169,1.2937979584187265,0.60643708239905,1.0755507069985368,1.0954451150103321,0.20782366726373513,1.4101172862057059,2.3252491101423365,0.4288157733273533,0.7605291984286509,0.7745966692414833,0.9971034953444262,1.2909944487358058,0.5535987828959648,0.9818389732728802,1.2872550773047227,0.5587014576599858,True,True,true,
6,986,3020810023,haar,identified_unknot,false,0_1,0_1,1,"{""2"": ""1"", ""3"": ""1"", ""4"": ""1""}",0,0,"1-c,2-a,3-c,1+c,2+a,3+c",----,3,0,0.7028123877666055,1.0380656639175017,1.057025461535993,1.296634843296649,1.8449231485760949,0.4508270150637115,1.0632771603590014,1.0954451150103321,0.26351789362185296,1.404146161892693,3.1146007558891675,0.31878283949364017,0.751850490370626,0.7745966692414833,0.9928812728513868,1.2909944487358058,0.41154687613852686,0.9706348093477715,1.2818042115048813,0.31142146300086126,True,True,true,
6,987,775770458,haar,identified_unknot,false,0_1,0_1,1,"{""2"": ""1"", ""3"": ""1"", ""4"": ""1""}",0,0,----,----,0,0,0.6958413065394665,0.9730755409308394,1.0081973600262735,1.3364408373768362,1.9206115314182435,0.6553237587993757,1.061717568734996,1.0954451150103324,0.2697328386375104,1.3923342907566818,2.124651017243125,0.4633838737196959,0.75074769255741,0.7745966692414834,0.9845290186726118,1.2909944487358056,0.598226008605821,0.9692111034928315,1.271021497725652,0.48676840885584,True,True,true,
6,988,2586066091,haar,identified_unknot,false,0_1,0_1,1,"{""2"": ""1"", ""3"": ""1"", ""4"": ""1""}",0,0,"1-a,2+a,3-a,3+a,2-a,1+a",----,3,0,0.715312932535126,1.157971421271527,1.1779944723374438,1.3666731660473619,1.9105947954886868,0.46010779934978324,1.063781386532128,1.0954451150103324,0.26147497331060904,1.3666731660473619,2.970332535068351,0.3253453449970511,0.7522070321168954,0.7745966692414834,0.966383863377778,1.2909944487358056,0.4200190343132284,0.9710951027629477,1.2475962029685725,0.024925270153045073,True,True,true,
6,989,724732366,haar,identified_unknot,false,0_1,0_1,1,"{""2"": ""1"", ""3"": ""1"", ""4"": ""1""}",0,0,"1-a,1+a,2-a,2+a",----,2,0,0.6707891184057879,1.0619053016664453,1.099151882698884,1.394079325635496,2.078267651312972,0.6707891184057879,1.0607891406975698,1.0954451150103324,0.27336129751322147,1.394079325635496,2.078267651312972,0.4743195343708786,0.7500911947963023,0.7745966692414834,0.9857629446688283,1.2909944487358056,0.6123438857997563,0.9683635685276342,1.2726144893369185,0.1529633805961809,True,True,true,
6,990,1563209430,haar,identified_unknot,false,0_1,0_1,1,"{""2"": ""1"", ""3"": ""1"", ""4"": ""1""}",0,0,"1-a,1+a",----,1,0,0.5596904608526636,1.0304011983176598,1.0769432612169243,1.393424709653875,2.4896345518039635,0.5271802488192537,1.0539145058850037,1.0954451150103321,0.2987711737855059,1.393424709653875,2.643165620819033,0.3727727288477057,0.7452300939021556,0.7745966692414833,0.985300061269151,1.2909944487358058,0.48124752358248585,0.962087914258546,1.2720169094375233,0.40254157644171346,True,True,true,
6,991,1587000410,haar,identified_unknot,false,0_1,0_1,1,"{""2"": ""1"", ""3"": ""1"", ""4"": ""1""}",0,0,"1+c,1-c",----,1,0,0.6003181070134709,1.1417125117020848,1.1790516050599467,1.3988102861361573,2.3301151003009286,0.5972292639350234,1.0578619457057112,1.0954451150103321,0.2844786526748996,1.3988102861361573,2.3421663515275153,0.4223048624515054,0.7480213553677038,0.7745966692414833,0.9891082389203717,1.2909944487358058,0.5451932330990316,0.9656914173155392,1.2769332456450488,0.2749381929724703,True,True,true,
6,992,2243482240,haar,identified_unknot,false,0_1,0_1,1,"{""2"": ""1"", ""3"": ""1"", ""4"": ""1""}",0,0,"1-c,1+c,2+a,2-a",----,2,0,0.37689496544055107,0.9744368623457547,1.0215490129927212,1.351322535816225,3.5854088266651942,0.37689496544055107,1.058055672004279,1.0954451150103324,0.2837572817384137,1.351322535816225,3.5854088266651942,0.26650498585808313,0.7481583405471152,0.7745966692414834,0.9555293286458539,1.2909944487358056,0.34405645730319967,0.9658682644217182,1.2335830588860486,0.29503581265308704,True,True,true,
6,993,741438300,haar,identified_unknot,false,0_1,0_1,1,"{""2"": ""1"", ""3"": ""1"", ""4"": ""1""}",0,0,"1-c,2-a,2+a,1+c",----,2,0,0.6558113093091905,1.16505753909854,1.195863628964876,1.3828937151498168,2.108676223663344,0.5132326952594223,1.0654107368685526,1.0954451150103321,0.25475470901478503,1.3828937151498168,2.6944770431096745,0.3629103191445863,0.7533591567887099,0.7745966692414833,0.9778535236426933,1.2909944487358058,0.46851520740460056,0.972582489318512,1.262403470699464,0.13551865258922052,True,True,true,
6,994,3242989289,haar,identified_unknot,false,0_1,0_1,1,"{""2"": ""1"", ""3"": ""1"", ""4"": ""1""}",0,0,"1+c,2+a,2-a,1-c",----,2,0,0.8080486060974639,1.1425756139278382,1.1581530814084486,1.381566195847902,1.7097563010723917,0.5751329251391228,1.0732873645208778,1.095445115010332,0.21921275774878604,1.381566195847902,2.4021684995928645,0.4066803914495287,0.7589287736145506,0.7745966692414831,0.9769148257421532,1.290994448735806,0.5250221277710462,0.9797728337222582,1.261191616920827,0.13242198850179018,True,True,true,
6,995,1877610115,haar,identified_unknot,false,0_1,0_1,1,"{""2"": ""1"", ""3"": ""1"", ""4"": ""1""}",0,0,"1+a,2-c,3+c,4+a,5-a,1-a,6-c,3-c,4-a,5+a,2+c,6+c",----,6,0,0.9049923924159968,1.168690295790352,1.1862577224681974,1.4048230209599053,1.55230367982381,0.47696428600743657,1.0679968047616482,1.0954451150103321,0.2436859146912483,1.4048230209599053,2.945342161190664,0.3372646810196583,0.7551877829325266,0.7745966692414833,0.9933598844877204,1.2909944487358058,0.43540683095103117,0.9749432355189923,1.2824220964704882,0.29285460256512846,True,True,true,
6,996,1650303233,haar,identified_unknot,false,0_1,0_1,1,"{""2"": ""1"", ""3"": ""1"", ""4"": ""1""}",0,0,"1-c,1+c",----,1,0,0.43638988560635555,1.0275660406436475,1.0940101248146938,1.371158945802993,3.1420502422914622,0.43638988560635555,1.0564682536328178,1.095445115010332,0.28961151404256014,1.371158945802993,3.1420502422914622,0.3085742473534757,0.7470358662520749,0.7745966692414831,0.9695557886618941,1.290994448735806,0.3983676403561667,0.9644191563379728,1.2516911409021716,0.40497036544603754,True,True,true,
6,997,4037589630,haar,identified_unknot,false,0_1,0_1,1,"{""2"": ""1"", ""3"": ""1"", ""4"": ""1""}",0,0,"1-c,2-a,2+a,1+c",----,2,0,0.4259373930893732,1.0392329252563768,1.079582303764693,1.3321834816093374,3.127650925284715,0.4259373930893732,1.0519015419261304,1.0954451150103321,0.30578284139799183,1.3936599097710933,3.2719830012169555,0.30118321901441586,0.7438067134365521,0.7745966692414833,0.985466372866972,1.2909944487358058,0.3888258637999913,0.9602503379790128,1.2722316167870706,0.008531825138860501,True,True,true,
6,998,649655433,haar,identified_unknot,false,0_1,0_1,1,"{""2"": ""1"", ""3"": ""1"", ""4"": ""1""}",0,0,"1-c,2+a,3+c,4+a,5-a,6-c,2-a,3-c,4-a,5+a,6+c,1+c",----,6,0,0.779253391534185,1.1679289291085715,1.1878492335996267,1.4011555383356942,1.7980743536798927,0.369853239014062,1.062768154080375,1.0954451150103321,0.2655632705638939,1.40232085504738,3.791560292362515,0.26152573335065216,0.7514905685793427,0.7745966692414833,0.99159058600332,1.2909944487358058,0.33762826995725254,0.9701701523132458,1.2801379419489707,0.189722624716601,True,True,true,
6,999,3201064992,haar,identified_unknot,false,0_1,0_1,1,"{""2"": ""1"", ""3"": ""1"", ""4"": ""1""}",0,0,"1+a,2+c,3-c,1-a,2-c,3+c",----,3,0,0.5239376432234701,1.095250040627258,1.1380223335367718,1.383554651108673,2.6406857170950753,0.36130666700283864,1.0478752302329424,1.0954451150103321,0.3193078481094045,1.3867445635030518,3.838137211822213,0.255482394325617,0.7409596811351282,0.7745966692414833,0.9805764846265868,1.2909944487358058,0.32982635282410366,0.9565748350825032,1.2659187982137947,0.0598681309997114,True,True,true,
